2025-11-20 12:04:30,121 - INFO - Progress log available at: results/benchmark_progress.log
2025-11-20 12:04:30,121 - INFO - Monitor progress in another terminal with: tail -f results/benchmark_progress.log
2025-11-20 12:04:30,134 - INFO - Found credentials in shared credentials file: ~/.aws/credentials
2025-11-20 12:04:30,224 - INFO - Note: Unavailable instances will be skipped automatically during provisioning
2025-11-20 12:04:30,224 - INFO - ======================================================================
2025-11-20 12:04:30,224 - INFO - BENCHMARK SUITE: 4 instance types × 4 workloads = 16 benchmarks
2025-11-20 12:04:30,224 - INFO - Instance types: t4g.micro, t3.micro, g4dn.xlarge, f1.2xlarge
2025-11-20 12:04:30,224 - INFO - Workloads: pow, pos, bft, zk
2025-11-20 12:04:30,224 - INFO - Mode: Parallel (instances)
2025-11-20 12:04:30,224 - INFO - ======================================================================
2025-11-20 12:04:30,224 - INFO - Launching 4 instances in parallel...
2025-11-20 12:04:30,224 - INFO - --- Provisioning t4g.micro ---
2025-11-20 12:04:30,224 - INFO - --- Provisioning t3.micro ---
2025-11-20 12:04:30,225 - INFO - --- Provisioning g4dn.xlarge ---
2025-11-20 12:04:30,225 - INFO - --- Provisioning f1.2xlarge ---
2025-11-20 12:04:30,774 - INFO - Using VPC: vpc-0316b0efb1b294809
2025-11-20 12:04:30,776 - INFO - Using VPC: vpc-0316b0efb1b294809
2025-11-20 12:04:30,777 - INFO - Using VPC: vpc-0316b0efb1b294809
2025-11-20 12:04:30,852 - INFO - Using VPC: vpc-0316b0efb1b294809
2025-11-20 12:04:30,995 - INFO - Security group: sg-02e53ac78d4118aa8
2025-11-20 12:04:30,995 - INFO - Using existing key file: /Users/kavish.muthum/.ssh/blockchain-benchmark-key.pem
2025-11-20 12:04:31,008 - INFO - Security group: sg-02e53ac78d4118aa8
2025-11-20 12:04:31,008 - INFO - Using existing key file: /Users/kavish.muthum/.ssh/blockchain-benchmark-key.pem
2025-11-20 12:04:31,016 - INFO - Security group: sg-02e53ac78d4118aa8
2025-11-20 12:04:31,016 - INFO - Using existing key file: /Users/kavish.muthum/.ssh/blockchain-benchmark-key.pem
2025-11-20 12:04:31,030 - INFO - Security group: sg-02e53ac78d4118aa8
2025-11-20 12:04:31,030 - INFO - Using existing key file: /Users/kavish.muthum/.ssh/blockchain-benchmark-key.pem
2025-11-20 12:04:31,238 - WARNING - AMI not found with pattern Deep Learning Base AMI (Ubuntu 20.04)*, using Amazon Linux 2023
2025-11-20 12:04:31,243 - WARNING - AMI not found with pattern al2023-ami-*-arm64, using Amazon Linux 2023
2025-11-20 12:04:31,265 - WARNING - AMI not found with pattern al2023-ami-*-x86_64, using Amazon Linux 2023
2025-11-20 12:04:31,349 - INFO - Using AMI: ami-0cb1b6ae2ff99f8bf
2025-11-20 12:04:31,349 - INFO - Launching instance f1.2xlarge...
2025-11-20 12:04:32,191 - INFO - Using AMI: ami-06ae912ef03342a3c
2025-11-20 12:04:32,192 - INFO - Launching instance t4g.micro...
2025-11-20 12:04:32,605 - INFO - Using AMI: ami-03f4588dde8fcd614
2025-11-20 12:04:32,605 - INFO - Launching instance g4dn.xlarge...
2025-11-20 12:04:32,665 - INFO - Using AMI: ami-03f4588dde8fcd614
2025-11-20 12:04:32,665 - INFO - Launching instance t3.micro...
2025-11-20 12:04:32,689 - ERROR - Error provisioning instance: An error occurred (Unsupported) when calling the RunInstances operation: The requested configuration is currently not supported. Please check the documentation for supported configurations.
2025-11-20 12:04:32,689 - ERROR - Error provisioning or running benchmarks on f1.2xlarge: An error occurred (Unsupported) when calling the RunInstances operation: The requested configuration is currently not supported. Please check the documentation for supported configurations.
2025-11-20 12:04:33,456 - ERROR - Error provisioning instance: An error occurred (VcpuLimitExceeded) when calling the RunInstances operation: You have requested more vCPU capacity than your current vCPU limit of 0 allows for the instance bucket that the specified instance type belongs to. Please visit http://aws.amazon.com/contact-us/ec2-request to request an adjustment to this limit.
2025-11-20 12:04:33,459 - INFO - Instance launched: i-0175cc718c01f1a54
2025-11-20 12:04:33,459 - ERROR - Error provisioning or running benchmarks on g4dn.xlarge: An error occurred (VcpuLimitExceeded) when calling the RunInstances operation: You have requested more vCPU capacity than your current vCPU limit of 0 allows for the instance bucket that the specified instance type belongs to. Please visit http://aws.amazon.com/contact-us/ec2-request to request an adjustment to this limit.
2025-11-20 12:04:33,963 - INFO - Instance launched: i-04bbaa19d84b0e26a
2025-11-20 12:04:48,944 - INFO - Instance i-0175cc718c01f1a54 is running
2025-11-20 12:04:49,071 - INFO - Instance i-0175cc718c01f1a54 public IP: 35.173.129.40
2025-11-20 12:04:49,071 - INFO - Waiting for instance to be ready...
2025-11-20 12:04:49,403 - INFO - Instance i-04bbaa19d84b0e26a is running
2025-11-20 12:04:49,529 - INFO - Instance i-04bbaa19d84b0e26a public IP: 18.206.92.8
2025-11-20 12:04:49,529 - INFO - Waiting for instance to be ready...
2025-11-20 12:05:49,097 - INFO - ✓ Instance t4g.micro (i-0175cc718c01f1a54) ready at 35.173.129.40
2025-11-20 12:05:49,104 - INFO - Waiting for instance i-0175cc718c01f1a54 to stabilize (60s)...
2025-11-20 12:05:49,550 - INFO - ✓ Instance t3.micro (i-04bbaa19d84b0e26a) ready at 18.206.92.8
2025-11-20 12:05:49,550 - INFO - Waiting for instance i-04bbaa19d84b0e26a to stabilize (60s)...
2025-11-20 12:06:49,111 - INFO - Instance i-0175cc718c01f1a54 stabilized
2025-11-20 12:06:49,114 - INFO - --- [1/4] Running pow on t4g.micro ---
2025-11-20 12:06:49,114 - INFO - [1/16] Starting benchmark: t4g.micro / pow
2025-11-20 12:06:49,114 - INFO - [1/16] Deploying workload pow to 35.173.129.40...
2025-11-20 12:06:49,301 - INFO - Connected (version 2.0, client OpenSSH_8.7)
2025-11-20 12:06:49,556 - INFO - Instance i-04bbaa19d84b0e26a stabilized
2025-11-20 12:06:49,556 - INFO - --- [1/4] Running pow on t3.micro ---
2025-11-20 12:06:49,556 - INFO - [2/16] Starting benchmark: t3.micro / pow
2025-11-20 12:06:49,556 - INFO - [2/16] Deploying workload pow to 18.206.92.8...
2025-11-20 12:06:49,654 - INFO - Authentication (publickey) successful!
2025-11-20 12:06:49,731 - INFO - Connected (version 2.0, client OpenSSH_8.7)
2025-11-20 12:06:50,051 - INFO - Authentication (publickey) successful!
2025-11-20 12:06:50,280 - INFO - [chan 1] Opened sftp connection (server version 3)
2025-11-20 12:06:50,489 - INFO - [chan 1] sftp session closed.
2025-11-20 12:06:50,490 - INFO - [1/16] Starting metric collection...
2025-11-20 12:06:50,490 - INFO - [1/16] Running workload pow for 300 seconds (warmup: 30s)...
2025-11-20 12:06:50,490 - INFO - [1/16] Workload will output progress every second during measurement period
2025-11-20 12:06:50,674 - INFO - Connected (version 2.0, client OpenSSH_8.7)
2025-11-20 12:06:50,685 - INFO - [chan 1] Opened sftp connection (server version 3)
2025-11-20 12:06:50,898 - INFO - [chan 1] sftp session closed.
2025-11-20 12:06:50,899 - INFO - [2/16] Starting metric collection...
2025-11-20 12:06:50,899 - INFO - [2/16] Running workload pow for 300 seconds (warmup: 30s)...
2025-11-20 12:06:50,899 - INFO - [2/16] Workload will output progress every second during measurement period
2025-11-20 12:06:50,984 - INFO - Authentication (publickey) successful!
2025-11-20 12:06:51,075 - INFO - Connected (version 2.0, client OpenSSH_8.7)
2025-11-20 12:06:51,385 - INFO - Authentication (publickey) successful!
2025-11-20 12:07:12,323 - WARNING - Workload exited with code -1
2025-11-20 12:07:12,390 - WARNING - Workload exited with code -1
2025-11-20 12:08:21,339 - WARNING - Could not collect memory metrics: timed out
2025-11-20 12:08:21,345 - INFO - [2/16] ✓ Benchmark completed: t4g.micro / pow
2025-11-20 12:08:21,345 - INFO - [2/16]   Work units: 0
2025-11-20 12:08:21,345 - INFO - [2/16]   Throughput: 0.00 work/sec
2025-11-20 12:08:21,345 - INFO - [2/16]   Energy: 0.00 Joules
2025-11-20 12:08:21,345 - INFO - [2/16]   Efficiency: inf Joules/work
2025-11-20 12:08:21,345 - INFO - --- [2/4] Running pos on t4g.micro ---
2025-11-20 12:08:21,345 - INFO - [3/16] Starting benchmark: t4g.micro / pos
2025-11-20 12:08:21,345 - INFO - [3/16] Deploying workload pos to 35.173.129.40...
2025-11-20 12:08:21,987 - WARNING - Could not collect memory metrics: timed out
2025-11-20 12:08:21,988 - INFO - [3/16] ✓ Benchmark completed: t3.micro / pow
2025-11-20 12:08:21,988 - INFO - [3/16]   Work units: 0
2025-11-20 12:08:21,988 - INFO - [3/16]   Throughput: 0.00 work/sec
2025-11-20 12:08:21,988 - INFO - [3/16]   Energy: 0.00 Joules
2025-11-20 12:08:21,989 - INFO - [3/16]   Efficiency: inf Joules/work
2025-11-20 12:08:21,989 - INFO - --- [2/4] Running pos on t3.micro ---
2025-11-20 12:08:21,989 - INFO - [4/16] Starting benchmark: t3.micro / pos
2025-11-20 12:08:21,989 - INFO - [4/16] Deploying workload pos to 18.206.92.8...
2025-11-20 12:09:21,425 - ERROR - Error deploying workload to 35.173.129.40: timed out
2025-11-20 12:09:21,428 - ERROR - Failed benchmark t4g.micro / pos: Failed to deploy workload pos
2025-11-20 12:09:21,428 - INFO - --- [3/4] Running bft on t4g.micro ---
2025-11-20 12:09:21,428 - INFO - [6/16] Starting benchmark: t4g.micro / bft
2025-11-20 12:09:21,429 - INFO - [6/16] Deploying workload bft to 35.173.129.40...
2025-11-20 12:09:22,068 - ERROR - Error deploying workload to 18.206.92.8: timed out
2025-11-20 12:09:22,069 - ERROR - Failed benchmark t3.micro / pos: Failed to deploy workload pos
2025-11-20 12:09:22,069 - INFO - --- [3/4] Running bft on t3.micro ---
2025-11-20 12:09:22,069 - INFO - [8/16] Starting benchmark: t3.micro / bft
2025-11-20 12:09:22,069 - INFO - [8/16] Deploying workload bft to 18.206.92.8...
2025-11-20 12:10:21,518 - ERROR - Error deploying workload to 35.173.129.40: timed out
2025-11-20 12:10:21,520 - ERROR - Failed benchmark t4g.micro / bft: Failed to deploy workload bft
2025-11-20 12:10:21,521 - INFO - --- [4/4] Running zk on t4g.micro ---
2025-11-20 12:10:21,521 - INFO - [10/16] Starting benchmark: t4g.micro / zk
2025-11-20 12:10:21,521 - INFO - [10/16] Deploying workload zk to 35.173.129.40...
2025-11-20 12:10:22,165 - ERROR - Error deploying workload to 18.206.92.8: timed out
2025-11-20 12:10:22,166 - ERROR - Failed benchmark t3.micro / bft: Failed to deploy workload bft
2025-11-20 12:10:22,166 - INFO - --- [4/4] Running zk on t3.micro ---
2025-11-20 12:10:22,167 - INFO - [12/16] Starting benchmark: t3.micro / zk
2025-11-20 12:10:22,167 - INFO - [12/16] Deploying workload zk to 18.206.92.8...
2025-11-20 12:11:21,607 - ERROR - Error deploying workload to 35.173.129.40: timed out
2025-11-20 12:11:21,613 - ERROR - Failed benchmark t4g.micro / zk: Failed to deploy workload zk
2025-11-20 12:11:21,613 - INFO - --- Terminating instance t4g.micro (i-0175cc718c01f1a54) ---
2025-11-20 12:11:22,206 - INFO - Terminated instance: i-0175cc718c01f1a54
2025-11-20 12:11:22,264 - ERROR - Error deploying workload to 18.206.92.8: timed out
2025-11-20 12:11:22,264 - ERROR - Failed benchmark t3.micro / zk: Failed to deploy workload zk
2025-11-20 12:11:22,264 - INFO - --- Terminating instance t3.micro (i-04bbaa19d84b0e26a) ---
2025-11-20 12:11:22,341 - INFO - ✓ Instance i-0175cc718c01f1a54 terminated
2025-11-20 12:11:22,812 - INFO - Terminated instance: i-04bbaa19d84b0e26a
2025-11-20 12:11:22,952 - INFO - ✓ Instance i-04bbaa19d84b0e26a terminated
2025-11-20 12:11:22,952 - INFO - ======================================================================
2025-11-20 12:11:22,952 - INFO - ALL BENCHMARKS COMPLETED: 2/16 successful
2025-11-20 12:11:22,952 - INFO - ======================================================================
2025-11-20 14:21:11,189 - INFO - Progress log available at: results/benchmark_progress.log
2025-11-20 14:21:11,189 - INFO - Monitor progress in another terminal with: tail -f results/benchmark_progress.log
2025-11-20 14:21:11,274 - INFO - Found credentials in shared credentials file: ~/.aws/credentials
2025-11-20 14:21:11,696 - INFO - Progress log available at: results/benchmark_progress.log
2025-11-20 14:21:11,696 - INFO - Monitor progress in another terminal with: tail -f results/benchmark_progress.log
2025-11-20 14:21:11,706 - INFO - Found credentials in shared credentials file: ~/.aws/credentials
2025-11-20 14:21:20,127 - INFO - Progress log available at: results/benchmark_progress.log
2025-11-20 14:21:20,127 - INFO - Monitor progress in another terminal with: tail -f results/benchmark_progress.log
2025-11-20 14:21:20,136 - INFO - Found credentials in shared credentials file: ~/.aws/credentials
2025-11-20 14:21:20,335 - INFO - Progress log available at: results/benchmark_progress.log
2025-11-20 14:21:20,336 - INFO - Monitor progress in another terminal with: tail -f results/benchmark_progress.log
2025-11-20 14:21:20,344 - INFO - Found credentials in shared credentials file: ~/.aws/credentials
2025-11-20 14:21:24,491 - INFO - Progress log available at: results/benchmark_progress.log
2025-11-20 14:21:24,491 - INFO - Monitor progress in another terminal with: tail -f results/benchmark_progress.log
2025-11-20 14:21:24,501 - INFO - Found credentials in shared credentials file: ~/.aws/credentials
2025-11-20 14:21:32,370 - INFO - Progress log available at: results/benchmark_progress.log
2025-11-20 14:21:32,370 - INFO - Monitor progress in another terminal with: tail -f results/benchmark_progress.log
2025-11-20 14:21:32,379 - INFO - Found credentials in shared credentials file: ~/.aws/credentials
2025-11-20 14:21:32,599 - INFO - Progress log available at: results/benchmark_progress.log
2025-11-20 14:21:32,599 - INFO - Monitor progress in another terminal with: tail -f results/benchmark_progress.log
2025-11-20 14:21:32,609 - INFO - Found credentials in shared credentials file: ~/.aws/credentials
2025-11-20 14:23:06,560 - INFO - Progress log available at: results/benchmark_progress.log
2025-11-20 14:23:06,561 - INFO - Monitor progress in another terminal with: tail -f results/benchmark_progress.log
2025-11-20 14:23:06,573 - INFO - Found credentials in shared credentials file: ~/.aws/credentials
2025-11-20 14:23:06,680 - INFO - ======================================================================
2025-11-20 14:23:06,680 - INFO - FILTERING: Only running on ARM and x86 instances (GPU/FPGA skipped)
2025-11-20 14:23:06,680 - INFO - Selected instances: t4g.2xlarge, t3.2xlarge
2025-11-20 14:23:06,680 - INFO - ======================================================================
2025-11-20 14:23:06,680 - INFO - Note: Unavailable instances will be skipped automatically during provisioning
2025-11-20 14:23:06,680 - INFO - ======================================================================
2025-11-20 14:23:06,680 - INFO - BENCHMARK SUITE: 2 instance types × 6 workloads = 12 benchmarks
2025-11-20 14:23:06,680 - INFO - Instance types: t4g.2xlarge, t3.2xlarge
2025-11-20 14:23:06,680 - INFO - Workloads: pow, pos, bft, zk, zk_cloudzk, pow_gpu
2025-11-20 14:23:06,680 - INFO - Mode: Parallel (instances)
2025-11-20 14:23:06,680 - INFO - ======================================================================
2025-11-20 14:23:06,680 - INFO - Launching 2 instances in parallel...
2025-11-20 14:23:06,680 - INFO - --- Provisioning t4g.2xlarge ---
2025-11-20 14:23:06,680 - INFO - --- Provisioning t3.2xlarge ---
2025-11-20 14:23:07,066 - INFO - Using VPC: vpc-0316b0efb1b294809
2025-11-20 14:23:07,072 - INFO - Using VPC: vpc-0316b0efb1b294809
2025-11-20 14:23:07,319 - INFO - Security group: sg-02e53ac78d4118aa8
2025-11-20 14:23:07,320 - INFO - Security group: sg-02e53ac78d4118aa8
2025-11-20 14:23:07,320 - INFO - Using existing key file: /Users/kavish.muthum/.ssh/blockchain-benchmark-key.pem
2025-11-20 14:23:07,320 - INFO - Using existing key file: /Users/kavish.muthum/.ssh/blockchain-benchmark-key.pem
2025-11-20 14:23:07,579 - WARNING - AMI not found with pattern al2023-ami-*-x86_64, using Amazon Linux 2023
2025-11-20 14:23:07,580 - WARNING - AMI not found with pattern al2023-ami-*-arm64, using Amazon Linux 2023
2025-11-20 14:23:08,763 - INFO - Using AMI: ami-06ae912ef03342a3c
2025-11-20 14:23:08,763 - INFO - Launching instance t4g.2xlarge...
2025-11-20 14:23:09,529 - INFO - Using AMI: ami-03f4588dde8fcd614
2025-11-20 14:23:09,529 - INFO - Launching instance t3.2xlarge...
2025-11-20 14:23:10,282 - INFO - Instance launched: i-0555d26cd56a6ca02
2025-11-20 14:23:10,829 - INFO - Instance launched: i-005c67216c4dd87d3
2025-11-20 14:23:25,902 - INFO - Instance i-0555d26cd56a6ca02 is running
2025-11-20 14:23:26,020 - INFO - Instance i-0555d26cd56a6ca02 public IP: 34.224.26.127
2025-11-20 14:23:26,020 - INFO - Waiting for instance to be ready...
2025-11-20 14:23:26,316 - INFO - Instance i-005c67216c4dd87d3 is running
2025-11-20 14:23:26,553 - INFO - Instance i-005c67216c4dd87d3 public IP: 44.222.171.117
2025-11-20 14:23:26,553 - INFO - Waiting for instance to be ready...
2025-11-20 14:24:26,035 - INFO - ✓ Instance t4g.2xlarge (i-0555d26cd56a6ca02) ready at 34.224.26.127
2025-11-20 14:24:26,038 - INFO - Waiting for instance i-0555d26cd56a6ca02 to stabilize (60s)...
2025-11-20 14:24:26,561 - INFO - ✓ Instance t3.2xlarge (i-005c67216c4dd87d3) ready at 44.222.171.117
2025-11-20 14:24:26,561 - INFO - Waiting for instance i-005c67216c4dd87d3 to stabilize (60s)...
2025-11-20 14:25:26,044 - INFO - Instance i-0555d26cd56a6ca02 stabilized
2025-11-20 14:25:26,048 - INFO - --- [1/6] Running pow on t4g.2xlarge ---
2025-11-20 14:25:26,048 - INFO - [1/12] Starting benchmark: t4g.2xlarge / pow
2025-11-20 14:25:26,050 - INFO - [1/12] Deploying workload pow to 34.224.26.127...
2025-11-20 14:25:26,240 - INFO - Connected (version 2.0, client OpenSSH_8.7)
2025-11-20 14:25:26,564 - INFO - Instance i-005c67216c4dd87d3 stabilized
2025-11-20 14:25:26,564 - INFO - --- [1/6] Running pow on t3.2xlarge ---
2025-11-20 14:25:26,564 - INFO - [2/12] Starting benchmark: t3.2xlarge / pow
2025-11-20 14:25:26,565 - INFO - [2/12] Deploying workload pow to 44.222.171.117...
2025-11-20 14:25:26,651 - INFO - Authentication (publickey) successful!
2025-11-20 14:25:26,735 - INFO - Connected (version 2.0, client OpenSSH_8.7)
2025-11-20 14:25:27,056 - INFO - Authentication (publickey) successful!
2025-11-20 14:25:27,186 - INFO - [chan 1] Opened sftp connection (server version 3)
2025-11-20 14:25:27,383 - INFO - [chan 1] sftp session closed.
2025-11-20 14:25:27,384 - INFO - [1/12] Starting metric collection...
2025-11-20 14:25:27,385 - INFO - [1/12] Running workload pow for 300 seconds (warmup: 30s)...
2025-11-20 14:25:27,385 - INFO - [1/12] Workload will output progress every second during measurement period
2025-11-20 14:25:27,627 - INFO - Connected (version 2.0, client OpenSSH_8.7)
2025-11-20 14:25:27,722 - INFO - [chan 1] Opened sftp connection (server version 3)
2025-11-20 14:25:27,907 - INFO - [chan 1] sftp session closed.
2025-11-20 14:25:27,907 - INFO - [2/12] Starting metric collection...
2025-11-20 14:25:27,907 - INFO - [2/12] Running workload pow for 300 seconds (warmup: 30s)...
2025-11-20 14:25:27,907 - INFO - [2/12] Workload will output progress every second during measurement period
2025-11-20 14:25:28,084 - INFO - Connected (version 2.0, client OpenSSH_8.7)
2025-11-20 14:25:28,131 - INFO - Authentication (publickey) successful!
2025-11-20 14:25:28,372 - INFO - Authentication (publickey) successful!
2025-11-20 14:25:28,390 - INFO -   >>> Executing command on instance: cd /tmp/benchmark && python3 pow.py 30 300 00000 BlockTemplate_2024_Benchmark_Consensus_Research
2025-11-20 14:25:28,390 - INFO -   >>> Waiting for output from 34.224.26.127...
2025-11-20 14:25:28,530 - INFO -   >>> Executing command on instance: cd /tmp/benchmark && python3 pow.py 30 300 00000 BlockTemplate_2024_Benchmark_Consensus_Research
2025-11-20 14:25:28,530 - INFO -   >>> Waiting for output from 44.222.171.117...
2025-11-20 14:25:59,481 - INFO -   >>> Progress: 549,780 hashs in 1.0s (549778.95 hashs/sec)
2025-11-20 14:25:59,576 - INFO -   >>> Progress: 625,650 hashs in 1.0s (625649.70 hashs/sec)
2025-11-20 14:26:00,442 - INFO -   >>> Progress: 1,080,417 hashs in 2.0s (540207.86 hashs/sec)
2025-11-20 14:26:00,575 - INFO -   >>> Progress: 1,243,016 hashs in 2.0s (621507.78 hashs/sec)
2025-11-20 14:26:01,439 - INFO -   >>> Progress: 1,624,297 hashs in 3.0s (541431.82 hashs/sec)
2025-11-20 14:26:01,577 - INFO -   >>> Progress: 1,855,652 hashs in 3.0s (618550.52 hashs/sec)
2025-11-20 14:26:02,456 - INFO -   >>> Progress: 2,168,763 hashs in 4.0s (542190.17 hashs/sec)
2025-11-20 14:26:02,576 - INFO -   >>> Progress: 2,468,520 hashs in 4.0s (617129.85 hashs/sec)
2025-11-20 14:26:03,438 - INFO -   >>> Progress: 2,720,329 hashs in 5.0s (544065.23 hashs/sec)
2025-11-20 14:26:03,576 - INFO -   >>> Progress: 3,093,452 hashs in 5.0s (618685.89 hashs/sec)
2025-11-20 14:26:04,504 - INFO -   >>> Progress: 3,270,159 hashs in 6.0s (545025.89 hashs/sec)
2025-11-20 14:26:04,576 - INFO -   >>> Progress: 3,716,201 hashs in 6.0s (619362.94 hashs/sec)
2025-11-20 14:26:05,439 - INFO -   >>> Progress: 3,817,017 hashs in 7.0s (545287.53 hashs/sec)
2025-11-20 14:26:05,575 - INFO -   >>> Progress: 4,331,402 hashs in 7.0s (618768.34 hashs/sec)
2025-11-20 14:26:06,449 - INFO -   >>> Progress: 4,364,977 hashs in 8.0s (545621.57 hashs/sec)
2025-11-20 14:26:06,576 - INFO -   >>> Progress: 4,945,867 hashs in 8.0s (618229.91 hashs/sec)
2025-11-20 14:26:07,439 - INFO -   >>> Progress: 4,919,345 hashs in 9.0s (546593.34 hashs/sec)
2025-11-20 14:26:07,576 - INFO -   >>> Progress: 5,561,852 hashs in 9.0s (617980.46 hashs/sec)
2025-11-20 14:26:08,438 - INFO -   >>> Progress: 5,472,060 hashs in 10.0s (547205.48 hashs/sec)
2025-11-20 14:26:08,576 - INFO -   >>> Progress: 6,181,734 hashs in 10.0s (618170.56 hashs/sec)
2025-11-20 14:26:09,521 - INFO -   >>> Progress: 6,018,457 hashs in 11.0s (547131.92 hashs/sec)
2025-11-20 14:26:09,576 - INFO -   >>> Progress: 6,805,688 hashs in 11.0s (618696.29 hashs/sec)
2025-11-20 14:26:10,439 - INFO -   >>> Progress: 6,561,584 hashs in 12.0s (546798.15 hashs/sec)
2025-11-20 14:26:10,575 - INFO -   >>> Progress: 7,409,260 hashs in 12.0s (617435.94 hashs/sec)
2025-11-20 14:26:11,438 - INFO -   >>> Progress: 7,110,666 hashs in 13.0s (546973.80 hashs/sec)
2025-11-20 14:26:11,578 - INFO -   >>> Progress: 8,018,790 hashs in 13.0s (616827.74 hashs/sec)
2025-11-20 14:26:12,491 - INFO -   >>> Progress: 7,658,815 hashs in 14.0s (547057.72 hashs/sec)
2025-11-20 14:26:12,575 - INFO -   >>> Progress: 8,635,908 hashs in 14.0s (616848.45 hashs/sec)
2025-11-20 14:26:13,515 - INFO -   >>> Progress: 8,204,840 hashs in 15.0s (546988.86 hashs/sec)
2025-11-20 14:26:13,576 - INFO -   >>> Progress: 9,257,558 hashs in 15.0s (617168.51 hashs/sec)
2025-11-20 14:26:14,438 - INFO -   >>> Progress: 8,759,573 hashs in 16.0s (547472.82 hashs/sec)
2025-11-20 14:26:14,576 - INFO -   >>> Progress: 9,871,350 hashs in 16.0s (616957.48 hashs/sec)
2025-11-20 14:26:15,460 - INFO -   >>> Progress: 9,309,802 hashs in 17.0s (547634.90 hashs/sec)
2025-11-20 14:26:15,575 - INFO -   >>> Progress: 10,468,307 hashs in 17.0s (615780.96 hashs/sec)
2025-11-20 14:26:16,438 - INFO -   >>> Progress: 9,857,159 hashs in 18.0s (547619.43 hashs/sec)
2025-11-20 14:26:16,576 - INFO -   >>> Progress: 11,077,463 hashs in 18.0s (615412.85 hashs/sec)
2025-11-20 14:26:17,438 - INFO -   >>> Progress: 10,409,021 hashs in 19.0s (547842.68 hashs/sec)
2025-11-20 14:26:17,576 - INFO -   >>> Progress: 11,692,165 hashs in 19.0s (615375.41 hashs/sec)
2025-11-20 14:26:18,438 - INFO -   >>> Progress: 10,959,581 hashs in 20.0s (547978.52 hashs/sec)
2025-11-20 14:26:18,577 - INFO -   >>> Progress: 12,311,973 hashs in 20.0s (615597.01 hashs/sec)
2025-11-20 14:26:19,438 - INFO -   >>> Progress: 11,506,544 hashs in 21.0s (547930.15 hashs/sec)
2025-11-20 14:26:19,576 - INFO -   >>> Progress: 12,930,490 hashs in 21.0s (615736.04 hashs/sec)
2025-11-20 14:26:20,479 - INFO -   >>> Progress: 12,057,613 hashs in 22.0s (548072.80 hashs/sec)
2025-11-20 14:26:20,575 - INFO -   >>> Progress: 13,544,467 hashs in 22.0s (615656.06 hashs/sec)
2025-11-20 14:26:21,441 - INFO -   >>> Progress: 12,613,944 hashs in 23.0s (548431.83 hashs/sec)
2025-11-20 14:26:21,576 - INFO -   >>> Progress: 14,156,536 hashs in 23.0s (615500.09 hashs/sec)
2025-11-20 14:26:22,527 - INFO -   >>> Progress: 13,166,560 hashs in 24.0s (548606.14 hashs/sec)
2025-11-20 14:26:22,576 - INFO -   >>> Progress: 14,772,135 hashs in 24.0s (615504.19 hashs/sec)
2025-11-20 14:26:23,438 - INFO -   >>> Progress: 13,709,996 hashs in 25.0s (548399.33 hashs/sec)
2025-11-20 14:26:23,580 - INFO -   >>> Progress: 15,378,139 hashs in 25.0s (615124.18 hashs/sec)
2025-11-20 14:26:24,472 - INFO -   >>> Progress: 14,259,447 hashs in 26.0s (548439.76 hashs/sec)
2025-11-20 14:26:24,576 - INFO -   >>> Progress: 15,994,673 hashs in 26.0s (615178.39 hashs/sec)
2025-11-20 14:26:25,495 - INFO -   >>> Progress: 14,812,830 hashs in 27.0s (548622.81 hashs/sec)
2025-11-20 14:26:25,575 - INFO -   >>> Progress: 16,618,561 hashs in 27.0s (615500.96 hashs/sec)
2025-11-20 14:26:26,519 - INFO -   >>> Progress: 15,366,993 hashs in 28.0s (548820.67 hashs/sec)
2025-11-20 14:26:26,576 - INFO -   >>> Progress: 17,242,837 hashs in 28.0s (615814.35 hashs/sec)
2025-11-20 14:26:27,438 - INFO -   >>> Progress: 15,917,871 hashs in 29.0s (548891.60 hashs/sec)
2025-11-20 14:26:27,575 - INFO -   >>> Progress: 17,849,559 hashs in 29.0s (615500.79 hashs/sec)
2025-11-20 14:26:28,159 - INFO - Connected (version 2.0, client OpenSSH_8.7)
2025-11-20 14:26:28,438 - INFO -   >>> Progress: 16,471,099 hashs in 30.0s (549036.15 hashs/sec)
2025-11-20 14:26:28,575 - INFO -   >>> Progress: 18,470,076 hashs in 30.0s (615667.98 hashs/sec)
2025-11-20 14:26:28,629 - INFO - Connected (version 2.0, client OpenSSH_8.7)
2025-11-20 14:26:28,635 - INFO - Authentication (publickey) successful!
2025-11-20 14:26:28,918 - INFO - Authentication (publickey) successful!
2025-11-20 14:26:29,438 - INFO -   >>> Progress: 17,020,275 hashs in 31.0s (549040.65 hashs/sec)
2025-11-20 14:26:29,575 - INFO -   >>> Progress: 19,090,324 hashs in 31.0s (615815.70 hashs/sec)
2025-11-20 14:26:30,513 - INFO -   >>> Progress: 17,569,960 hashs in 32.0s (549060.78 hashs/sec)
2025-11-20 14:26:30,576 - INFO -   >>> Progress: 19,704,713 hashs in 32.0s (615771.09 hashs/sec)
2025-11-20 14:26:31,539 - INFO -   >>> Progress: 18,122,664 hashs in 33.0s (549171.16 hashs/sec)
2025-11-20 14:26:31,576 - INFO -   >>> Progress: 20,312,641 hashs in 33.0s (615533.39 hashs/sec)
2025-11-20 14:26:32,438 - INFO -   >>> Progress: 18,668,736 hashs in 34.0s (549079.98 hashs/sec)
2025-11-20 14:26:32,576 - INFO -   >>> Progress: 20,925,434 hashs in 34.0s (615452.78 hashs/sec)
2025-11-20 14:26:33,483 - INFO -   >>> Progress: 19,224,644 hashs in 35.0s (549275.06 hashs/sec)
2025-11-20 14:26:33,576 - INFO -   >>> Progress: 21,528,165 hashs in 35.0s (615089.29 hashs/sec)
2025-11-20 14:26:34,507 - INFO -   >>> Progress: 19,775,868 hashs in 36.0s (549329.18 hashs/sec)
2025-11-20 14:26:34,660 - INFO -   >>> Progress: 22,143,381 hashs in 36.0s (615092.81 hashs/sec)
2025-11-20 14:26:35,530 - INFO -   >>> Progress: 20,320,845 hashs in 37.0s (549211.55 hashs/sec)
2025-11-20 14:26:35,575 - INFO -   >>> Progress: 22,754,553 hashs in 37.0s (614986.83 hashs/sec)
2025-11-20 14:26:36,452 - INFO -   >>> Progress: 20,866,737 hashs in 38.0s (549124.18 hashs/sec)
2025-11-20 14:26:36,576 - INFO -   >>> Progress: 23,335,136 hashs in 38.0s (614081.46 hashs/sec)
2025-11-20 14:26:37,476 - INFO -   >>> Progress: 21,414,713 hashs in 39.0s (549094.74 hashs/sec)
2025-11-20 14:26:37,576 - INFO -   >>> Progress: 23,947,942 hashs in 39.0s (614048.74 hashs/sec)
2025-11-20 14:26:38,438 - INFO -   >>> Progress: 21,958,308 hashs in 40.0s (548957.24 hashs/sec)
2025-11-20 14:26:38,576 - INFO -   >>> Progress: 24,556,112 hashs in 40.0s (613901.76 hashs/sec)
2025-11-20 14:26:39,438 - INFO -   >>> Progress: 22,511,911 hashs in 41.0s (549070.55 hashs/sec)
2025-11-20 14:26:39,576 - INFO -   >>> Progress: 25,160,554 hashs in 41.0s (613671.03 hashs/sec)
2025-11-20 14:26:40,446 - INFO -   >>> Progress: 23,062,037 hashs in 42.0s (549095.67 hashs/sec)
2025-11-20 14:26:40,575 - INFO -   >>> Progress: 25,775,358 hashs in 42.0s (613697.99 hashs/sec)
2025-11-20 14:26:41,439 - INFO -   >>> Progress: 23,613,614 hashs in 43.0s (549153.38 hashs/sec)
2025-11-20 14:26:41,576 - INFO -   >>> Progress: 26,381,714 hashs in 43.0s (613527.24 hashs/sec)
2025-11-20 14:26:42,499 - INFO -   >>> Progress: 24,158,685 hashs in 44.0s (549060.59 hashs/sec)
2025-11-20 14:26:42,575 - INFO -   >>> Progress: 26,980,016 hashs in 44.0s (613181.20 hashs/sec)
2025-11-20 14:26:43,518 - INFO -   >>> Progress: 24,714,982 hashs in 45.0s (549221.40 hashs/sec)
2025-11-20 14:26:43,575 - INFO -   >>> Progress: 27,600,450 hashs in 45.0s (613342.36 hashs/sec)
2025-11-20 14:26:44,542 - INFO -   >>> Progress: 25,269,499 hashs in 46.0s (549336.51 hashs/sec)
2025-11-20 14:26:44,575 - INFO -   >>> Progress: 28,204,781 hashs in 46.0s (613146.45 hashs/sec)
2025-11-20 14:26:45,463 - INFO -   >>> Progress: 25,812,184 hashs in 47.0s (549194.98 hashs/sec)
2025-11-20 14:26:45,575 - INFO -   >>> Progress: 28,801,534 hashs in 47.0s (612797.64 hashs/sec)
2025-11-20 14:26:46,487 - INFO -   >>> Progress: 26,364,157 hashs in 48.0s (549252.84 hashs/sec)
2025-11-20 14:26:46,575 - INFO -   >>> Progress: 29,373,997 hashs in 48.0s (611957.33 hashs/sec)
2025-11-20 14:26:47,511 - INFO -   >>> Progress: 26,917,802 hashs in 49.0s (549342.47 hashs/sec)
2025-11-20 14:26:47,576 - INFO -   >>> Progress: 29,978,876 hashs in 49.0s (611812.87 hashs/sec)
2025-11-20 14:26:48,660 - INFO -   >>> Progress: 30,591,483 hashs in 50.0s (611828.74 hashs/sec)
2025-11-20 14:26:48,660 - INFO -   >>> Progress: 27,465,122 hashs in 50.0s (549302.01 hashs/sec)
2025-11-20 14:26:49,705 - INFO -   >>> Progress: 31,215,822 hashs in 51.0s (612074.02 hashs/sec)
2025-11-20 14:26:49,706 - INFO -   >>> Progress: 28,015,580 hashs in 51.0s (549324.68 hashs/sec)
2025-11-20 14:26:50,437 - INFO -   >>> Progress: 28,565,812 hashs in 52.0s (549342.11 hashs/sec)
2025-11-20 14:26:50,575 - INFO -   >>> Progress: 31,836,113 hashs in 52.0s (612232.04 hashs/sec)
2025-11-20 14:26:51,438 - INFO -   >>> Progress: 29,116,657 hashs in 53.0s (549370.46 hashs/sec)
2025-11-20 14:26:51,575 - INFO -   >>> Progress: 32,455,741 hashs in 53.0s (612371.58 hashs/sec)
2025-11-20 14:26:52,457 - INFO -   >>> Progress: 29,667,152 hashs in 54.0s (549391.29 hashs/sec)
2025-11-20 14:26:52,575 - INFO -   >>> Progress: 33,066,410 hashs in 54.0s (612340.05 hashs/sec)
2025-11-20 14:26:53,553 - INFO -   >>> Progress: 30,214,518 hashs in 55.0s (549354.46 hashs/sec)
2025-11-20 14:26:53,575 - INFO -   >>> Progress: 33,683,447 hashs in 55.0s (612425.44 hashs/sec)
2025-11-20 14:26:54,438 - INFO -   >>> Progress: 30,764,845 hashs in 56.0s (549371.82 hashs/sec)
2025-11-20 14:26:54,576 - INFO -   >>> Progress: 34,303,323 hashs in 56.0s (612558.47 hashs/sec)
2025-11-20 14:26:55,502 - INFO -   >>> Progress: 31,314,066 hashs in 57.0s (549369.17 hashs/sec)
2025-11-20 14:26:55,575 - INFO -   >>> Progress: 34,927,313 hashs in 57.0s (612759.01 hashs/sec)
2025-11-20 14:26:56,522 - INFO -   >>> Progress: 31,868,103 hashs in 58.0s (549449.63 hashs/sec)
2025-11-20 14:26:56,576 - INFO -   >>> Progress: 35,547,121 hashs in 58.0s (612880.53 hashs/sec)
2025-11-20 14:26:57,546 - INFO -   >>> Progress: 32,417,839 hashs in 59.0s (549454.48 hashs/sec)
2025-11-20 14:26:57,575 - INFO -   >>> Progress: 36,173,441 hashs in 59.0s (613108.31 hashs/sec)
2025-11-20 14:26:58,570 - INFO -   >>> Progress: 32,960,751 hashs in 60.0s (549345.43 hashs/sec)
2025-11-20 14:26:58,575 - INFO -   >>> Progress: 36,799,949 hashs in 60.0s (613331.64 hashs/sec)
2025-11-20 14:26:59,492 - INFO -   >>> Progress: 33,505,035 hashs in 61.0s (549262.45 hashs/sec)
2025-11-20 14:26:59,600 - INFO -   >>> Progress: 37,426,706 hashs in 61.0s (613551.72 hashs/sec)
2025-11-20 14:27:00,521 - INFO -   >>> Progress: 34,032,551 hashs in 62.0s (548911.70 hashs/sec)
2025-11-20 14:27:00,648 - INFO -   >>> Progress: 38,044,439 hashs in 62.0s (613619.14 hashs/sec)
2025-11-20 14:27:01,438 - INFO -   >>> Progress: 34,576,563 hashs in 63.0s (548833.92 hashs/sec)
2025-11-20 14:27:01,575 - INFO -   >>> Progress: 38,633,402 hashs in 63.0s (613227.26 hashs/sec)
2025-11-20 14:27:02,462 - INFO -   >>> Progress: 35,120,151 hashs in 64.0s (548751.94 hashs/sec)
2025-11-20 14:27:02,575 - INFO -   >>> Progress: 39,239,000 hashs in 64.0s (613108.05 hashs/sec)
2025-11-20 14:27:03,486 - INFO -   >>> Progress: 35,665,437 hashs in 65.0s (548698.61 hashs/sec)
2025-11-20 14:27:03,576 - INFO -   >>> Progress: 39,856,439 hashs in 65.0s (613174.67 hashs/sec)
2025-11-20 14:27:04,438 - INFO -   >>> Progress: 36,211,363 hashs in 66.0s (548656.59 hashs/sec)
2025-11-20 14:27:04,575 - INFO -   >>> Progress: 40,470,470 hashs in 66.0s (613187.64 hashs/sec)
2025-11-20 14:27:05,438 - INFO -   >>> Progress: 36,753,217 hashs in 67.0s (548555.05 hashs/sec)
2025-11-20 14:27:05,614 - INFO -   >>> Progress: 41,090,642 hashs in 67.0s (613291.87 hashs/sec)
2025-11-20 14:27:06,458 - INFO -   >>> Progress: 37,300,866 hashs in 68.0s (548541.73 hashs/sec)
2025-11-20 14:27:06,664 - INFO -   >>> Progress: 41,717,301 hashs in 68.0s (613488.43 hashs/sec)
2025-11-20 14:27:07,438 - INFO -   >>> Progress: 37,850,571 hashs in 69.0s (548558.58 hashs/sec)
2025-11-20 14:27:07,575 - INFO -   >>> Progress: 42,341,794 hashs in 69.0s (613647.92 hashs/sec)
2025-11-20 14:27:08,503 - INFO -   >>> Progress: 38,394,406 hashs in 70.0s (548491.10 hashs/sec)
2025-11-20 14:27:08,576 - INFO -   >>> Progress: 42,966,479 hashs in 70.0s (613805.59 hashs/sec)
2025-11-20 14:27:09,528 - INFO -   >>> Progress: 38,939,748 hashs in 71.0s (548446.74 hashs/sec)
2025-11-20 14:27:09,575 - INFO -   >>> Progress: 43,587,780 hashs in 71.0s (613911.16 hashs/sec)
2025-11-20 14:27:10,449 - INFO -   >>> Progress: 39,484,888 hashs in 72.0s (548400.80 hashs/sec)
2025-11-20 14:27:10,575 - INFO -   >>> Progress: 44,203,717 hashs in 72.0s (613939.28 hashs/sec)
2025-11-20 14:27:11,473 - INFO -   >>> Progress: 40,028,281 hashs in 73.0s (548332.19 hashs/sec)
2025-11-20 14:27:11,575 - INFO -   >>> Progress: 44,794,810 hashs in 73.0s (613626.32 hashs/sec)
2025-11-20 14:27:12,497 - INFO -   >>> Progress: 40,579,849 hashs in 74.0s (548375.91 hashs/sec)
2025-11-20 14:27:12,576 - INFO -   >>> Progress: 45,380,999 hashs in 74.0s (613255.55 hashs/sec)
2025-11-20 14:27:13,521 - INFO -   >>> Progress: 41,131,561 hashs in 75.0s (548420.38 hashs/sec)
2025-11-20 14:27:13,575 - INFO -   >>> Progress: 46,001,515 hashs in 75.0s (613352.35 hashs/sec)
2025-11-20 14:27:14,545 - INFO -   >>> Progress: 41,683,709 hashs in 76.0s (548469.42 hashs/sec)
2025-11-20 14:27:14,575 - INFO -   >>> Progress: 46,620,160 hashs in 76.0s (613421.99 hashs/sec)
2025-11-20 14:27:15,438 - INFO -   >>> Progress: 42,235,055 hashs in 77.0s (548506.78 hashs/sec)
2025-11-20 14:27:15,577 - INFO -   >>> Progress: 47,201,991 hashs in 77.0s (613011.71 hashs/sec)
2025-11-20 14:27:16,437 - INFO -   >>> Progress: 42,789,133 hashs in 78.0s (548578.21 hashs/sec)
2025-11-20 14:27:16,628 - INFO -   >>> Progress: 47,818,495 hashs in 78.0s (613056.48 hashs/sec)
2025-11-20 14:27:17,514 - INFO -   >>> Progress: 43,337,223 hashs in 79.0s (548572.01 hashs/sec)
2025-11-20 14:27:17,575 - INFO -   >>> Progress: 48,434,313 hashs in 79.0s (613091.43 hashs/sec)
2025-11-20 14:27:18,538 - INFO -   >>> Progress: 43,889,185 hashs in 80.0s (548614.38 hashs/sec)
2025-11-20 14:27:18,575 - INFO -   >>> Progress: 49,045,024 hashs in 80.0s (613061.67 hashs/sec)
2025-11-20 14:27:19,460 - INFO -   >>> Progress: 44,442,183 hashs in 81.0s (548668.49 hashs/sec)
2025-11-20 14:27:19,575 - INFO -   >>> Progress: 49,665,094 hashs in 81.0s (613148.19 hashs/sec)
2025-11-20 14:27:20,484 - INFO -   >>> Progress: 44,995,197 hashs in 82.0s (548721.48 hashs/sec)
2025-11-20 14:27:20,575 - INFO -   >>> Progress: 50,285,882 hashs in 82.0s (613241.35 hashs/sec)
2025-11-20 14:27:21,508 - INFO -   >>> Progress: 45,549,248 hashs in 83.0s (548785.69 hashs/sec)
2025-11-20 14:27:21,575 - INFO -   >>> Progress: 50,895,784 hashs in 83.0s (613201.11 hashs/sec)
2025-11-20 14:27:22,532 - INFO -   >>> Progress: 46,099,511 hashs in 84.0s (548803.28 hashs/sec)
2025-11-20 14:27:22,575 - INFO -   >>> Progress: 51,520,031 hashs in 84.0s (613332.60 hashs/sec)
2025-11-20 14:27:23,454 - INFO -   >>> Progress: 46,636,213 hashs in 85.0s (548660.90 hashs/sec)
2025-11-20 14:27:23,575 - INFO -   >>> Progress: 52,140,758 hashs in 85.0s (613419.58 hashs/sec)
2025-11-20 14:27:24,438 - INFO -   >>> Progress: 47,187,044 hashs in 86.0s (548686.14 hashs/sec)
2025-11-20 14:27:24,575 - INFO -   >>> Progress: 52,762,526 hashs in 86.0s (613516.66 hashs/sec)
2025-11-20 14:27:25,502 - INFO -   >>> Progress: 47,735,616 hashs in 87.0s (548684.82 hashs/sec)
2025-11-20 14:27:25,575 - INFO -   >>> Progress: 53,388,753 hashs in 87.0s (613662.75 hashs/sec)
2025-11-20 14:27:26,437 - INFO -   >>> Progress: 48,291,106 hashs in 88.0s (548762.14 hashs/sec)
2025-11-20 14:27:26,575 - INFO -   >>> Progress: 53,996,355 hashs in 88.0s (613593.87 hashs/sec)
2025-11-20 14:27:27,447 - INFO -   >>> Progress: 48,844,812 hashs in 89.0s (548817.68 hashs/sec)
2025-11-20 14:27:27,575 - INFO -   >>> Progress: 54,622,031 hashs in 89.0s (613729.62 hashs/sec)
2025-11-20 14:27:28,477 - INFO -   >>> Progress: 49,397,604 hashs in 90.0s (548861.84 hashs/sec)
2025-11-20 14:27:28,575 - INFO -   >>> Progress: 55,247,617 hashs in 90.0s (613861.35 hashs/sec)
2025-11-20 14:27:29,495 - INFO -   >>> Progress: 49,941,694 hashs in 91.0s (548809.39 hashs/sec)
2025-11-20 14:27:29,575 - INFO -   >>> Progress: 55,872,749 hashs in 91.0s (613985.20 hashs/sec)
2025-11-20 14:27:30,519 - INFO -   >>> Progress: 50,492,854 hashs in 92.0s (548834.94 hashs/sec)
2025-11-20 14:27:30,574 - INFO -   >>> Progress: 56,482,627 hashs in 92.0s (613940.55 hashs/sec)
2025-11-20 14:27:31,543 - INFO -   >>> Progress: 51,046,523 hashs in 93.0s (548886.91 hashs/sec)
2025-11-20 14:27:31,574 - INFO -   >>> Progress: 57,094,806 hashs in 93.0s (613921.61 hashs/sec)
2025-11-20 14:27:32,465 - INFO -   >>> Progress: 51,598,384 hashs in 94.0s (548918.54 hashs/sec)
2025-11-20 14:27:32,575 - INFO -   >>> Progress: 57,684,553 hashs in 94.0s (613664.42 hashs/sec)
2025-11-20 14:27:33,489 - INFO -   >>> Progress: 52,149,531 hashs in 95.0s (548942.00 hashs/sec)
2025-11-20 14:27:33,587 - INFO -   >>> Progress: 58,307,078 hashs in 95.0s (613757.69 hashs/sec)
2025-11-20 14:27:34,437 - INFO -   >>> Progress: 52,700,070 hashs in 96.0s (548958.63 hashs/sec)
2025-11-20 14:27:34,575 - INFO -   >>> Progress: 58,929,192 hashs in 96.0s (613844.73 hashs/sec)
2025-11-20 14:27:35,537 - INFO -   >>> Progress: 53,249,612 hashs in 97.0s (548964.64 hashs/sec)
2025-11-20 14:27:35,574 - INFO -   >>> Progress: 59,537,521 hashs in 97.0s (613787.87 hashs/sec)
2025-11-20 14:27:36,459 - INFO -   >>> Progress: 53,796,699 hashs in 98.0s (548945.48 hashs/sec)
2025-11-20 14:27:36,575 - INFO -   >>> Progress: 60,166,595 hashs in 98.0s (613943.84 hashs/sec)
2025-11-20 14:27:37,483 - INFO -   >>> Progress: 54,350,123 hashs in 99.0s (548990.71 hashs/sec)
2025-11-20 14:27:37,575 - INFO -   >>> Progress: 60,775,576 hashs in 99.0s (613893.71 hashs/sec)
2025-11-20 14:27:38,438 - INFO -   >>> Progress: 54,897,086 hashs in 100.0s (548970.43 hashs/sec)
2025-11-20 14:27:38,575 - INFO -   >>> Progress: 61,387,556 hashs in 100.0s (613874.57 hashs/sec)
2025-11-20 14:27:39,438 - INFO -   >>> Progress: 55,446,955 hashs in 101.0s (548979.32 hashs/sec)
2025-11-20 14:27:39,575 - INFO -   >>> Progress: 62,003,894 hashs in 101.0s (613898.95 hashs/sec)
2025-11-20 14:27:40,452 - INFO -   >>> Progress: 56,002,498 hashs in 102.0s (549043.67 hashs/sec)
2025-11-20 14:27:40,575 - INFO -   >>> Progress: 62,600,151 hashs in 102.0s (613725.99 hashs/sec)
2025-11-20 14:27:41,476 - INFO -   >>> Progress: 56,553,912 hashs in 103.0s (549066.67 hashs/sec)
2025-11-20 14:27:41,576 - INFO -   >>> Progress: 63,195,203 hashs in 103.0s (613544.69 hashs/sec)
2025-11-20 14:27:42,500 - INFO -   >>> Progress: 57,097,862 hashs in 104.0s (549017.47 hashs/sec)
2025-11-20 14:27:42,575 - INFO -   >>> Progress: 63,802,687 hashs in 104.0s (613486.40 hashs/sec)
2025-11-20 14:27:43,524 - INFO -   >>> Progress: 57,646,752 hashs in 105.0s (549016.26 hashs/sec)
2025-11-20 14:27:43,575 - INFO -   >>> Progress: 64,424,720 hashs in 105.0s (613567.80 hashs/sec)
2025-11-20 14:27:44,437 - INFO -   >>> Progress: 58,201,044 hashs in 106.0s (549066.03 hashs/sec)
2025-11-20 14:27:44,575 - INFO -   >>> Progress: 65,048,753 hashs in 106.0s (613666.52 hashs/sec)
2025-11-20 14:27:45,470 - INFO -   >>> Progress: 58,740,851 hashs in 107.0s (548979.49 hashs/sec)
2025-11-20 14:27:45,574 - INFO -   >>> Progress: 65,652,331 hashs in 107.0s (613572.23 hashs/sec)
2025-11-20 14:27:46,437 - INFO -   >>> Progress: 59,295,226 hashs in 108.0s (549029.44 hashs/sec)
2025-11-20 14:27:46,575 - INFO -   >>> Progress: 66,275,447 hashs in 108.0s (613660.59 hashs/sec)
2025-11-20 14:27:47,438 - INFO -   >>> Progress: 59,849,413 hashs in 109.0s (549076.75 hashs/sec)
2025-11-20 14:27:47,575 - INFO -   >>> Progress: 66,878,295 hashs in 109.0s (613561.39 hashs/sec)
2025-11-20 14:27:48,541 - INFO -   >>> Progress: 60,396,785 hashs in 110.0s (549061.25 hashs/sec)
2025-11-20 14:27:48,574 - INFO -   >>> Progress: 67,494,901 hashs in 110.0s (613588.51 hashs/sec)
2025-11-20 14:27:49,463 - INFO -   >>> Progress: 60,952,077 hashs in 111.0s (549117.38 hashs/sec)
2025-11-20 14:27:49,575 - INFO -   >>> Progress: 68,120,698 hashs in 111.0s (613698.49 hashs/sec)
2025-11-20 14:27:50,437 - INFO -   >>> Progress: 61,505,793 hashs in 112.0s (549158.44 hashs/sec)
2025-11-20 14:27:50,575 - INFO -   >>> Progress: 68,737,931 hashs in 112.0s (613730.05 hashs/sec)
2025-11-20 14:27:51,437 - INFO -   >>> Progress: 62,060,770 hashs in 113.0s (549209.93 hashs/sec)
2025-11-20 14:27:51,575 - INFO -   >>> Progress: 69,355,102 hashs in 113.0s (613759.82 hashs/sec)
2025-11-20 14:27:52,535 - INFO -   >>> Progress: 62,606,827 hashs in 114.0s (549182.27 hashs/sec)
2025-11-20 14:27:52,575 - INFO -   >>> Progress: 69,974,725 hashs in 114.0s (613811.24 hashs/sec)
2025-11-20 14:27:53,457 - INFO -   >>> Progress: 63,154,822 hashs in 115.0s (549171.94 hashs/sec)
2025-11-20 14:27:53,579 - INFO -   >>> Progress: 70,573,475 hashs in 115.0s (613680.27 hashs/sec)
2025-11-20 14:27:54,437 - INFO -   >>> Progress: 63,710,260 hashs in 116.0s (549225.96 hashs/sec)
2025-11-20 14:27:54,575 - INFO -   >>> Progress: 71,187,322 hashs in 116.0s (613681.71 hashs/sec)
2025-11-20 14:27:55,505 - INFO -   >>> Progress: 64,261,375 hashs in 117.0s (549242.09 hashs/sec)
2025-11-20 14:27:55,575 - INFO -   >>> Progress: 71,803,177 hashs in 117.0s (613700.28 hashs/sec)
2025-11-20 14:27:56,437 - INFO -   >>> Progress: 64,812,369 hashs in 118.0s (549256.94 hashs/sec)
2025-11-20 14:27:56,575 - INFO -   >>> Progress: 72,413,801 hashs in 118.0s (613674.20 hashs/sec)
2025-11-20 14:27:57,452 - INFO -   >>> Progress: 65,362,006 hashs in 119.0s (549260.13 hashs/sec)
2025-11-20 14:27:57,575 - INFO -   >>> Progress: 73,034,573 hashs in 119.0s (613733.84 hashs/sec)
2025-11-20 14:27:58,478 - INFO -   >>> Progress: 65,911,549 hashs in 120.0s (549262.48 hashs/sec)
2025-11-20 14:27:58,575 - INFO -   >>> Progress: 73,631,189 hashs in 120.0s (613591.19 hashs/sec)
2025-11-20 14:27:59,500 - INFO -   >>> Progress: 66,455,169 hashs in 121.0s (549215.84 hashs/sec)
2025-11-20 14:27:59,575 - INFO -   >>> Progress: 74,240,170 hashs in 121.0s (613553.09 hashs/sec)
2025-11-20 14:28:00,439 - INFO -   >>> Progress: 66,987,508 hashs in 122.0s (549077.51 hashs/sec)
2025-11-20 14:28:00,575 - INFO -   >>> Progress: 74,829,734 hashs in 122.0s (613356.45 hashs/sec)
2025-11-20 14:28:01,548 - INFO -   >>> Progress: 67,533,075 hashs in 123.0s (549048.97 hashs/sec)
2025-11-20 14:28:01,575 - INFO -   >>> Progress: 75,433,305 hashs in 123.0s (613276.89 hashs/sec)
2025-11-20 14:28:02,468 - INFO -   >>> Progress: 68,087,037 hashs in 124.0s (549088.58 hashs/sec)
2025-11-20 14:28:02,575 - INFO -   >>> Progress: 76,048,291 hashs in 124.0s (613290.67 hashs/sec)
2025-11-20 14:28:03,437 - INFO -   >>> Progress: 68,640,284 hashs in 125.0s (549121.84 hashs/sec)
2025-11-20 14:28:03,575 - INFO -   >>> Progress: 76,661,122 hashs in 125.0s (613286.99 hashs/sec)
2025-11-20 14:28:04,437 - INFO -   >>> Progress: 69,196,662 hashs in 126.0s (549179.43 hashs/sec)
2025-11-20 14:28:04,575 - INFO -   >>> Progress: 77,276,253 hashs in 126.0s (613301.62 hashs/sec)
2025-11-20 14:28:05,469 - INFO -   >>> Progress: 69,745,098 hashs in 127.0s (549173.58 hashs/sec)
2025-11-20 14:28:05,575 - INFO -   >>> Progress: 77,884,863 hashs in 127.0s (613264.68 hashs/sec)
2025-11-20 14:28:06,515 - INFO -   >>> Progress: 70,294,422 hashs in 128.0s (549174.74 hashs/sec)
2025-11-20 14:28:06,593 - INFO -   >>> Progress: 78,499,588 hashs in 128.0s (613276.08 hashs/sec)
2025-11-20 14:28:07,499 - INFO -   >>> Progress: 70,849,849 hashs in 129.0s (549223.21 hashs/sec)
2025-11-20 14:28:07,576 - INFO -   >>> Progress: 79,112,566 hashs in 129.0s (613273.76 hashs/sec)
2025-11-20 14:28:08,715 - INFO -   >>> Progress: 79,729,899 hashs in 130.0s (613304.98 hashs/sec)
2025-11-20 14:28:08,715 - INFO -   >>> Progress: 71,400,568 hashs in 130.0s (549234.71 hashs/sec)
2025-11-20 14:28:09,597 - INFO -   >>> Progress: 80,348,073 hashs in 131.0s (613342.14 hashs/sec)
2025-11-20 14:28:09,597 - INFO -   >>> Progress: 71,952,629 hashs in 131.0s (549256.28 hashs/sec)
2025-11-20 14:28:10,646 - INFO -   >>> Progress: 72,504,235 hashs in 132.0s (549274.08 hashs/sec)
2025-11-20 14:28:10,646 - INFO -   >>> Progress: 80,932,791 hashs in 132.0s (613125.29 hashs/sec)
2025-11-20 14:28:11,992 - INFO -   >>> Progress: 81,485,258 hashs in 133.0s (612669.21 hashs/sec)
2025-11-20 14:28:11,993 - INFO -   >>> Progress: 73,055,979 hashs in 133.0s (549292.65 hashs/sec)
2025-11-20 14:28:13,039 - INFO -   >>> Progress: 82,034,806 hashs in 134.0s (612198.15 hashs/sec)
2025-11-20 14:28:13,040 - INFO -   >>> Progress: 73,609,141 hashs in 134.0s (549321.52 hashs/sec)
2025-11-20 14:28:13,630 - INFO -   >>> Progress: 82,587,723 hashs in 135.0s (611759.03 hashs/sec)
2025-11-20 14:28:13,630 - INFO -   >>> Progress: 74,160,026 hashs in 135.0s (549333.10 hashs/sec)
2025-11-20 14:28:14,437 - INFO -   >>> Progress: 74,708,120 hashs in 136.0s (549323.99 hashs/sec)
2025-11-20 14:28:14,575 - INFO -   >>> Progress: 83,130,227 hashs in 136.0s (611249.80 hashs/sec)
2025-11-20 14:28:15,437 - INFO -   >>> Progress: 75,256,342 hashs in 137.0s (549315.94 hashs/sec)
2025-11-20 14:28:15,593 - INFO -   >>> Progress: 83,652,885 hashs in 137.0s (610603.14 hashs/sec)
2025-11-20 14:28:16,442 - INFO -   >>> Progress: 75,810,831 hashs in 138.0s (549353.42 hashs/sec)
2025-11-20 14:28:16,575 - INFO -   >>> Progress: 84,204,977 hashs in 138.0s (610179.15 hashs/sec)
2025-11-20 14:28:17,470 - INFO -   >>> Progress: 76,364,896 hashs in 139.0s (549387.31 hashs/sec)
2025-11-20 14:28:17,575 - INFO -   >>> Progress: 84,753,940 hashs in 139.0s (609738.74 hashs/sec)
2025-11-20 14:28:18,519 - INFO -   >>> Progress: 76,918,326 hashs in 140.0s (549416.19 hashs/sec)
2025-11-20 14:28:18,577 - INFO -   >>> Progress: 85,296,980 hashs in 140.0s (609262.32 hashs/sec)
2025-11-20 14:28:19,437 - INFO -   >>> Progress: 77,467,902 hashs in 141.0s (549417.32 hashs/sec)
2025-11-20 14:28:19,596 - INFO -   >>> Progress: 85,833,248 hashs in 141.0s (608744.63 hashs/sec)
2025-11-20 14:28:20,437 - INFO -   >>> Progress: 78,020,884 hashs in 142.0s (549442.42 hashs/sec)
2025-11-20 14:28:20,613 - INFO -   >>> Progress: 86,369,842 hashs in 142.0s (608236.53 hashs/sec)
2025-11-20 14:28:21,534 - INFO -   >>> Progress: 78,570,327 hashs in 143.0s (549442.42 hashs/sec)
2025-11-20 14:28:21,665 - INFO -   >>> Progress: 86,905,746 hashs in 143.0s (607730.71 hashs/sec)
2025-11-20 14:28:22,848 - INFO -   >>> Progress: 87,445,979 hashs in 144.0s (607261.97 hashs/sec)
2025-11-20 14:28:22,848 - INFO -   >>> Progress: 79,124,429 hashs in 144.0s (549474.78 hashs/sec)
2025-11-20 14:28:23,437 - INFO -   >>> Progress: 79,671,767 hashs in 145.0s (549460.05 hashs/sec)
2025-11-20 14:28:23,582 - INFO -   >>> Progress: 87,989,272 hashs in 145.0s (606820.80 hashs/sec)
2025-11-20 14:28:24,436 - INFO -   >>> Progress: 80,219,059 hashs in 146.0s (549445.19 hashs/sec)
2025-11-20 14:28:24,576 - INFO -   >>> Progress: 88,524,490 hashs in 146.0s (606330.37 hashs/sec)
2025-11-20 14:28:25,438 - INFO -   >>> Progress: 80,772,554 hashs in 147.0s (549472.74 hashs/sec)
2025-11-20 14:28:25,575 - INFO -   >>> Progress: 89,074,128 hashs in 147.0s (605944.71 hashs/sec)
2025-11-20 14:28:26,437 - INFO -   >>> Progress: 81,321,243 hashs in 148.0s (549467.44 hashs/sec)
2025-11-20 14:28:26,575 - INFO -   >>> Progress: 89,624,299 hashs in 148.0s (605567.18 hashs/sec)
2025-11-20 14:28:27,438 - INFO -   >>> Progress: 81,871,817 hashs in 149.0s (549474.86 hashs/sec)
2025-11-20 14:28:27,575 - INFO -   >>> Progress: 90,165,950 hashs in 149.0s (605138.21 hashs/sec)
2025-11-20 14:28:28,581 - INFO -   >>> Progress: 90,713,705 hashs in 150.0s (604755.65 hashs/sec)
2025-11-20 14:28:28,581 - INFO -   >>> Progress: 82,425,675 hashs in 150.0s (549504.08 hashs/sec)
2025-11-20 14:28:29,437 - INFO -   >>> Progress: 82,963,883 hashs in 151.0s (549429.27 hashs/sec)
2025-11-20 14:28:29,576 - INFO -   >>> Progress: 91,260,513 hashs in 151.0s (604371.89 hashs/sec)
2025-11-20 14:28:30,454 - INFO -   >>> Progress: 83,496,299 hashs in 152.0s (549317.34 hashs/sec)
2025-11-20 14:28:30,578 - INFO -   >>> Progress: 91,779,245 hashs in 152.0s (603808.47 hashs/sec)
2025-11-20 14:28:31,437 - INFO -   >>> Progress: 84,031,119 hashs in 153.0s (549222.58 hashs/sec)
2025-11-20 14:28:31,575 - INFO -   >>> Progress: 92,330,527 hashs in 153.0s (603465.16 hashs/sec)
2025-11-20 14:28:32,676 - INFO -   >>> Progress: 92,865,005 hashs in 154.0s (603017.19 hashs/sec)
2025-11-20 14:28:32,676 - INFO -   >>> Progress: 84,567,451 hashs in 154.0s (549138.88 hashs/sec)
2025-11-20 14:28:33,700 - INFO -   >>> Progress: 93,411,767 hashs in 155.0s (602654.25 hashs/sec)
2025-11-20 14:28:33,700 - INFO -   >>> Progress: 85,102,473 hashs in 155.0s (549047.80 hashs/sec)
2025-11-20 14:28:34,479 - INFO -   >>> Progress: 85,637,842 hashs in 156.0s (548960.11 hashs/sec)
2025-11-20 14:28:34,575 - INFO -   >>> Progress: 93,954,511 hashs in 156.0s (602270.21 hashs/sec)
2025-11-20 14:28:35,438 - INFO -   >>> Progress: 86,174,671 hashs in 157.0s (548882.84 hashs/sec)
2025-11-20 14:28:35,575 - INFO -   >>> Progress: 94,504,113 hashs in 157.0s (601934.74 hashs/sec)
2025-11-20 14:28:36,437 - INFO -   >>> Progress: 86,712,380 hashs in 158.0s (548812.12 hashs/sec)
2025-11-20 14:28:36,575 - INFO -   >>> Progress: 95,058,662 hashs in 158.0s (601634.83 hashs/sec)
2025-11-20 14:28:37,489 - INFO -   >>> Progress: 87,253,163 hashs in 159.0s (548761.62 hashs/sec)
2025-11-20 14:28:37,575 - INFO -   >>> Progress: 95,610,556 hashs in 159.0s (601321.99 hashs/sec)
2025-11-20 14:28:38,437 - INFO -   >>> Progress: 87,793,475 hashs in 160.0s (548708.80 hashs/sec)
2025-11-20 14:28:38,575 - INFO -   >>> Progress: 96,165,815 hashs in 160.0s (601034.10 hashs/sec)
2025-11-20 14:28:39,537 - INFO -   >>> Progress: 88,337,077 hashs in 161.0s (548677.08 hashs/sec)
2025-11-20 14:28:39,575 - INFO -   >>> Progress: 96,719,232 hashs in 161.0s (600738.33 hashs/sec)
2025-11-20 14:28:40,441 - INFO -   >>> Progress: 88,876,284 hashs in 162.0s (548618.63 hashs/sec)
2025-11-20 14:28:40,585 - INFO -   >>> Progress: 97,265,483 hashs in 162.0s (600401.99 hashs/sec)
2025-11-20 14:28:41,437 - INFO -   >>> Progress: 89,417,262 hashs in 163.0s (548571.75 hashs/sec)
2025-11-20 14:28:41,575 - INFO -   >>> Progress: 97,807,432 hashs in 163.0s (600043.31 hashs/sec)
2025-11-20 14:28:42,507 - INFO -   >>> Progress: 89,947,387 hashs in 164.0s (548459.26 hashs/sec)
2025-11-20 14:28:42,575 - INFO -   >>> Progress: 98,333,769 hashs in 164.0s (599593.89 hashs/sec)
2025-11-20 14:28:43,530 - INFO -   >>> Progress: 90,480,728 hashs in 165.0s (548367.63 hashs/sec)
2025-11-20 14:28:43,574 - INFO -   >>> Progress: 98,887,888 hashs in 165.0s (599318.28 hashs/sec)
2025-11-20 14:28:44,452 - INFO -   >>> Progress: 91,014,536 hashs in 166.0s (548279.92 hashs/sec)
2025-11-20 14:28:44,575 - INFO -   >>> Progress: 99,441,193 hashs in 166.0s (599041.09 hashs/sec)
2025-11-20 14:28:45,476 - INFO -   >>> Progress: 91,541,242 hashs in 167.0s (548150.74 hashs/sec)
2025-11-20 14:28:45,575 - INFO -   >>> Progress: 99,983,023 hashs in 167.0s (598698.51 hashs/sec)
2025-11-20 14:28:46,500 - INFO -   >>> Progress: 92,082,799 hashs in 168.0s (548111.49 hashs/sec)
2025-11-20 14:28:46,575 - INFO -   >>> Progress: 100,537,205 hashs in 168.0s (598433.53 hashs/sec)
2025-11-20 14:28:47,437 - INFO -   >>> Progress: 92,621,855 hashs in 169.0s (548057.90 hashs/sec)
2025-11-20 14:28:47,575 - INFO -   >>> Progress: 101,087,803 hashs in 169.0s (598150.48 hashs/sec)
2025-11-20 14:28:48,447 - INFO -   >>> Progress: 93,160,964 hashs in 170.0s (548005.26 hashs/sec)
2025-11-20 14:28:48,575 - INFO -   >>> Progress: 101,640,901 hashs in 170.0s (597885.46 hashs/sec)
2025-11-20 14:28:49,475 - INFO -   >>> Progress: 93,703,232 hashs in 171.0s (547971.71 hashs/sec)
2025-11-20 14:28:49,575 - INFO -   >>> Progress: 102,185,663 hashs in 171.0s (597574.80 hashs/sec)
2025-11-20 14:28:50,495 - INFO -   >>> Progress: 94,241,674 hashs in 172.0s (547916.30 hashs/sec)
2025-11-20 14:28:50,575 - INFO -   >>> Progress: 102,735,333 hashs in 172.0s (597296.28 hashs/sec)
2025-11-20 14:28:51,437 - INFO -   >>> Progress: 94,781,156 hashs in 173.0s (547867.54 hashs/sec)
2025-11-20 14:28:51,575 - INFO -   >>> Progress: 103,277,537 hashs in 173.0s (596977.83 hashs/sec)
2025-11-20 14:28:52,436 - INFO -   >>> Progress: 95,319,836 hashs in 174.0s (547814.74 hashs/sec)
2025-11-20 14:28:52,575 - INFO -   >>> Progress: 103,823,045 hashs in 174.0s (596682.02 hashs/sec)
2025-11-20 14:28:53,437 - INFO -   >>> Progress: 95,855,928 hashs in 175.0s (547747.75 hashs/sec)
2025-11-20 14:28:53,575 - INFO -   >>> Progress: 104,371,200 hashs in 175.0s (596404.73 hashs/sec)
2025-11-20 14:28:54,436 - INFO -   >>> Progress: 96,393,185 hashs in 176.0s (547688.14 hashs/sec)
2025-11-20 14:28:54,575 - INFO -   >>> Progress: 104,920,324 hashs in 176.0s (596136.08 hashs/sec)
2025-11-20 14:28:55,440 - INFO -   >>> Progress: 96,925,852 hashs in 177.0s (547603.27 hashs/sec)
2025-11-20 14:28:55,575 - INFO -   >>> Progress: 105,475,931 hashs in 177.0s (595907.10 hashs/sec)
2025-11-20 14:28:56,535 - INFO -   >>> Progress: 97,462,014 hashs in 178.0s (547538.99 hashs/sec)
2025-11-20 14:28:56,576 - INFO -   >>> Progress: 106,028,591 hashs in 178.0s (595662.39 hashs/sec)
2025-11-20 14:28:57,437 - INFO -   >>> Progress: 97,996,923 hashs in 179.0s (547468.43 hashs/sec)
2025-11-20 14:28:57,575 - INFO -   >>> Progress: 106,582,051 hashs in 179.0s (595426.62 hashs/sec)
2025-11-20 14:28:58,481 - INFO -   >>> Progress: 98,536,362 hashs in 180.0s (547423.82 hashs/sec)
2025-11-20 14:28:58,575 - INFO -   >>> Progress: 107,133,820 hashs in 180.0s (595184.08 hashs/sec)
2025-11-20 14:28:59,504 - INFO -   >>> Progress: 99,069,346 hashs in 181.0s (547344.04 hashs/sec)
2025-11-20 14:28:59,575 - INFO -   >>> Progress: 107,663,314 hashs in 181.0s (594821.15 hashs/sec)
2025-11-20 14:29:00,529 - INFO -   >>> Progress: 99,583,985 hashs in 182.0s (547164.34 hashs/sec)
2025-11-20 14:29:00,575 - INFO -   >>> Progress: 108,211,910 hashs in 182.0s (594567.17 hashs/sec)
2025-11-20 14:29:01,450 - INFO -   >>> Progress: 100,118,009 hashs in 183.0s (547092.53 hashs/sec)
2025-11-20 14:29:01,575 - INFO -   >>> Progress: 108,763,649 hashs in 183.0s (594333.13 hashs/sec)
2025-11-20 14:29:02,437 - INFO -   >>> Progress: 100,652,327 hashs in 184.0s (547023.10 hashs/sec)
2025-11-20 14:29:02,575 - INFO -   >>> Progress: 109,295,515 hashs in 184.0s (593993.64 hashs/sec)
2025-11-20 14:29:03,498 - INFO -   >>> Progress: 101,184,215 hashs in 185.0s (546941.29 hashs/sec)
2025-11-20 14:29:03,575 - INFO -   >>> Progress: 109,834,393 hashs in 185.0s (593695.71 hashs/sec)
2025-11-20 14:29:04,523 - INFO -   >>> Progress: 101,719,631 hashs in 186.0s (546879.33 hashs/sec)
2025-11-20 14:29:04,575 - INFO -   >>> Progress: 110,374,215 hashs in 186.0s (593406.07 hashs/sec)
2025-11-20 14:29:05,444 - INFO -   >>> Progress: 102,253,590 hashs in 187.0s (546810.23 hashs/sec)
2025-11-20 14:29:05,576 - INFO -   >>> Progress: 110,916,844 hashs in 187.0s (593134.54 hashs/sec)
2025-11-20 14:29:06,468 - INFO -   >>> Progress: 102,789,786 hashs in 188.0s (546753.77 hashs/sec)
2025-11-20 14:29:06,575 - INFO -   >>> Progress: 111,455,024 hashs in 188.0s (592842.22 hashs/sec)
2025-11-20 14:29:07,492 - INFO -   >>> Progress: 103,329,258 hashs in 189.0s (546715.24 hashs/sec)
2025-11-20 14:29:07,575 - INFO -   >>> Progress: 111,991,399 hashs in 189.0s (592543.45 hashs/sec)
2025-11-20 14:29:08,437 - INFO -   >>> Progress: 103,868,029 hashs in 190.0s (546673.43 hashs/sec)
2025-11-20 14:29:08,578 - INFO -   >>> Progress: 112,541,178 hashs in 190.0s (592318.37 hashs/sec)
2025-11-20 14:29:09,437 - INFO -   >>> Progress: 104,408,708 hashs in 191.0s (546642.04 hashs/sec)
2025-11-20 14:29:09,575 - INFO -   >>> Progress: 113,081,299 hashs in 191.0s (592045.09 hashs/sec)
2025-11-20 14:29:10,461 - INFO -   >>> Progress: 104,945,516 hashs in 192.0s (546590.82 hashs/sec)
2025-11-20 14:29:10,575 - INFO -   >>> Progress: 113,625,472 hashs in 192.0s (591795.75 hashs/sec)
2025-11-20 14:29:11,485 - INFO -   >>> Progress: 105,479,811 hashs in 193.0s (546527.10 hashs/sec)
2025-11-20 14:29:11,575 - INFO -   >>> Progress: 114,174,456 hashs in 193.0s (591573.93 hashs/sec)
2025-11-20 14:29:12,509 - INFO -   >>> Progress: 106,019,336 hashs in 194.0s (546491.01 hashs/sec)
2025-11-20 14:29:12,575 - INFO -   >>> Progress: 114,697,191 hashs in 194.0s (591219.09 hashs/sec)
2025-11-20 14:29:13,534 - INFO -   >>> Progress: 106,558,657 hashs in 195.0s (546454.24 hashs/sec)
2025-11-20 14:29:13,575 - INFO -   >>> Progress: 115,248,553 hashs in 195.0s (591014.69 hashs/sec)
2025-11-20 14:29:14,455 - INFO -   >>> Progress: 107,099,161 hashs in 196.0s (546423.87 hashs/sec)
2025-11-20 14:29:14,576 - INFO -   >>> Progress: 115,792,107 hashs in 196.0s (590772.55 hashs/sec)
2025-11-20 14:29:15,448 - INFO -   >>> Progress: 107,634,692 hashs in 197.0s (546368.58 hashs/sec)
2025-11-20 14:29:15,575 - INFO -   >>> Progress: 116,325,232 hashs in 197.0s (590479.92 hashs/sec)
2025-11-20 14:29:16,437 - INFO -   >>> Progress: 108,175,029 hashs in 198.0s (546338.11 hashs/sec)
2025-11-20 14:29:16,575 - INFO -   >>> Progress: 116,874,639 hashs in 198.0s (590272.48 hashs/sec)
2025-11-20 14:29:17,534 - INFO -   >>> Progress: 108,713,552 hashs in 199.0s (546298.84 hashs/sec)
2025-11-20 14:29:17,574 - INFO -   >>> Progress: 117,427,733 hashs in 199.0s (590085.65 hashs/sec)
2025-11-20 14:29:18,437 - INFO -   >>> Progress: 109,247,636 hashs in 200.0s (546237.76 hashs/sec)
2025-11-20 14:29:18,575 - INFO -   >>> Progress: 117,971,267 hashs in 200.0s (589852.89 hashs/sec)
2025-11-20 14:29:19,473 - INFO -   >>> Progress: 109,788,773 hashs in 201.0s (546212.38 hashs/sec)
2025-11-20 14:29:19,576 - INFO -   >>> Progress: 118,497,893 hashs in 201.0s (589538.33 hashs/sec)
2025-11-20 14:29:20,437 - INFO -   >>> Progress: 110,327,039 hashs in 202.0s (546173.04 hashs/sec)
2025-11-20 14:29:20,575 - INFO -   >>> Progress: 119,039,499 hashs in 202.0s (589301.04 hashs/sec)
2025-11-20 14:29:21,753 - INFO -   >>> Progress: 119,582,626 hashs in 203.0s (589073.58 hashs/sec)
2025-11-20 14:29:21,753 - INFO -   >>> Progress: 110,862,345 hashs in 203.0s (546119.51 hashs/sec)
2025-11-20 14:29:22,460 - INFO -   >>> Progress: 111,400,839 hashs in 204.0s (546082.12 hashs/sec)
2025-11-20 14:29:22,768 - INFO -   >>> Progress: 120,127,834 hashs in 204.0s (588858.55 hashs/sec)
2025-11-20 14:29:23,437 - INFO -   >>> Progress: 111,939,218 hashs in 205.0s (546044.54 hashs/sec)
2025-11-20 14:29:23,587 - INFO -   >>> Progress: 120,673,082 hashs in 205.0s (588645.81 hashs/sec)
2025-11-20 14:29:24,436 - INFO -   >>> Progress: 112,475,553 hashs in 206.0s (545997.41 hashs/sec)
2025-11-20 14:29:24,575 - INFO -   >>> Progress: 121,213,352 hashs in 206.0s (588410.98 hashs/sec)
2025-11-20 14:29:25,526 - INFO -   >>> Progress: 113,014,637 hashs in 207.0s (545964.01 hashs/sec)
2025-11-20 14:29:25,574 - INFO -   >>> Progress: 121,760,772 hashs in 207.0s (588212.96 hashs/sec)
2025-11-20 14:29:26,437 - INFO -   >>> Progress: 113,554,012 hashs in 208.0s (545932.33 hashs/sec)
2025-11-20 14:29:26,575 - INFO -   >>> Progress: 122,298,394 hashs in 208.0s (587969.73 hashs/sec)
2025-11-20 14:29:27,460 - INFO -   >>> Progress: 114,088,683 hashs in 209.0s (545878.44 hashs/sec)
2025-11-20 14:29:27,575 - INFO -   >>> Progress: 122,852,010 hashs in 209.0s (587805.35 hashs/sec)
2025-11-20 14:29:28,484 - INFO -   >>> Progress: 114,627,440 hashs in 210.0s (545844.53 hashs/sec)
2025-11-20 14:29:28,575 - INFO -   >>> Progress: 123,400,515 hashs in 210.0s (587618.21 hashs/sec)
2025-11-20 14:29:29,551 - INFO -   >>> Progress: 115,163,837 hashs in 211.0s (545799.75 hashs/sec)
2025-11-20 14:29:29,575 - INFO -   >>> Progress: 123,943,403 hashs in 211.0s (587406.22 hashs/sec)
2025-11-20 14:29:30,634 - INFO -   >>> Progress: 124,486,371 hashs in 212.0s (587196.60 hashs/sec)
2025-11-20 14:29:30,634 - INFO -   >>> Progress: 115,701,588 hashs in 212.0s (545761.79 hashs/sec)
2025-11-20 14:29:31,436 - INFO -   >>> Progress: 116,242,996 hashs in 213.0s (545741.34 hashs/sec)
2025-11-20 14:29:31,616 - INFO -   >>> Progress: 125,031,293 hashs in 213.0s (586998.13 hashs/sec)
2025-11-20 14:29:32,581 - INFO -   >>> Progress: 116,780,074 hashs in 214.0s (545700.86 hashs/sec)
2025-11-20 14:29:32,582 - INFO -   >>> Progress: 125,573,922 hashs in 214.0s (586790.80 hashs/sec)
2025-11-20 14:29:33,604 - INFO -   >>> Progress: 117,316,140 hashs in 215.0s (545656.04 hashs/sec)
2025-11-20 14:29:33,604 - INFO -   >>> Progress: 126,102,548 hashs in 215.0s (586520.26 hashs/sec)
2025-11-20 14:29:34,607 - INFO -   >>> Progress: 117,855,694 hashs in 216.0s (545627.79 hashs/sec)
2025-11-20 14:29:34,607 - INFO -   >>> Progress: 126,648,534 hashs in 216.0s (586332.61 hashs/sec)
2025-11-20 14:29:35,447 - INFO -   >>> Progress: 118,394,566 hashs in 217.0s (545596.65 hashs/sec)
2025-11-20 14:29:35,653 - INFO -   >>> Progress: 127,186,523 hashs in 217.0s (586109.82 hashs/sec)
2025-11-20 14:29:36,471 - INFO -   >>> Progress: 118,934,821 hashs in 218.0s (545572.15 hashs/sec)
2025-11-20 14:29:36,575 - INFO -   >>> Progress: 127,725,182 hashs in 218.0s (585892.16 hashs/sec)
2025-11-20 14:29:37,495 - INFO -   >>> Progress: 119,473,989 hashs in 219.0s (545542.90 hashs/sec)
2025-11-20 14:29:37,575 - INFO -   >>> Progress: 128,274,233 hashs in 219.0s (585723.93 hashs/sec)
2025-11-20 14:29:38,436 - INFO -   >>> Progress: 120,004,898 hashs in 220.0s (545476.39 hashs/sec)
2025-11-20 14:29:38,575 - INFO -   >>> Progress: 128,824,900 hashs in 220.0s (585564.58 hashs/sec)
2025-11-20 14:29:39,436 - INFO -   >>> Progress: 120,541,124 hashs in 221.0s (545434.53 hashs/sec)
2025-11-20 14:29:39,575 - INFO -   >>> Progress: 129,372,604 hashs in 221.0s (585393.26 hashs/sec)
2025-11-20 14:29:40,465 - INFO -   >>> Progress: 121,075,169 hashs in 222.0s (545383.22 hashs/sec)
2025-11-20 14:29:40,575 - INFO -   >>> Progress: 129,917,440 hashs in 222.0s (585210.57 hashs/sec)
2025-11-20 14:29:41,489 - INFO -   >>> Progress: 121,612,782 hashs in 223.0s (545348.38 hashs/sec)
2025-11-20 14:29:41,576 - INFO -   >>> Progress: 130,466,902 hashs in 223.0s (585050.26 hashs/sec)
2025-11-20 14:29:42,512 - INFO -   >>> Progress: 122,135,890 hashs in 224.0s (545249.09 hashs/sec)
2025-11-20 14:29:42,575 - INFO -   >>> Progress: 130,990,531 hashs in 224.0s (584776.06 hashs/sec)
2025-11-20 14:29:43,536 - INFO -   >>> Progress: 122,672,306 hashs in 225.0s (545209.83 hashs/sec)
2025-11-20 14:29:43,576 - INFO -   >>> Progress: 131,522,147 hashs in 225.0s (584539.79 hashs/sec)
2025-11-20 14:29:44,573 - INFO -   >>> Progress: 123,209,845 hashs in 226.0s (545175.88 hashs/sec)
2025-11-20 14:29:44,574 - INFO -   >>> Progress: 132,073,791 hashs in 226.0s (584394.24 hashs/sec)
2025-11-20 14:29:45,484 - INFO -   >>> Progress: 123,736,700 hashs in 227.0s (545095.17 hashs/sec)
2025-11-20 14:29:45,611 - INFO -   >>> Progress: 132,606,858 hashs in 227.0s (584168.13 hashs/sec)
2025-11-20 14:29:46,506 - INFO -   >>> Progress: 124,273,380 hashs in 228.0s (545058.26 hashs/sec)
2025-11-20 14:29:46,660 - INFO -   >>> Progress: 133,146,945 hashs in 228.0s (583974.79 hashs/sec)
2025-11-20 14:29:47,530 - INFO -   >>> Progress: 124,812,668 hashs in 229.0s (545033.06 hashs/sec)
2025-11-20 14:29:47,574 - INFO -   >>> Progress: 133,694,894 hashs in 229.0s (583817.47 hashs/sec)
2025-11-20 14:29:48,452 - INFO -   >>> Progress: 125,346,808 hashs in 230.0s (544985.70 hashs/sec)
2025-11-20 14:29:48,575 - INFO -   >>> Progress: 134,240,734 hashs in 230.0s (583652.35 hashs/sec)
2025-11-20 14:29:49,476 - INFO -   >>> Progress: 125,885,121 hashs in 231.0s (544956.81 hashs/sec)
2025-11-20 14:29:49,574 - INFO -   >>> Progress: 134,789,780 hashs in 231.0s (583502.54 hashs/sec)
2025-11-20 14:29:50,500 - INFO -   >>> Progress: 126,418,730 hashs in 232.0s (544907.90 hashs/sec)
2025-11-20 14:29:50,576 - INFO -   >>> Progress: 135,318,116 hashs in 232.0s (583264.75 hashs/sec)
2025-11-20 14:29:51,436 - INFO -   >>> Progress: 126,957,057 hashs in 233.0s (544879.65 hashs/sec)
2025-11-20 14:29:51,576 - INFO -   >>> Progress: 135,860,079 hashs in 233.0s (583087.49 hashs/sec)
2025-11-20 14:29:52,447 - INFO -   >>> Progress: 127,495,014 hashs in 234.0s (544850.06 hashs/sec)
2025-11-20 14:29:52,575 - INFO -   >>> Progress: 136,373,589 hashs in 234.0s (582790.15 hashs/sec)
2025-11-20 14:29:53,469 - INFO -   >>> Progress: 128,033,621 hashs in 235.0s (544823.50 hashs/sec)
2025-11-20 14:29:53,575 - INFO -   >>> Progress: 136,904,581 hashs in 235.0s (582569.73 hashs/sec)
2025-11-20 14:29:54,493 - INFO -   >>> Progress: 128,574,755 hashs in 236.0s (544807.86 hashs/sec)
2025-11-20 14:29:54,574 - INFO -   >>> Progress: 137,448,784 hashs in 236.0s (582407.16 hashs/sec)
2025-11-20 14:29:55,517 - INFO -   >>> Progress: 129,111,549 hashs in 237.0s (544774.05 hashs/sec)
2025-11-20 14:29:55,575 - INFO -   >>> Progress: 137,991,448 hashs in 237.0s (582239.46 hashs/sec)
2025-11-20 14:29:56,541 - INFO -   >>> Progress: 129,651,798 hashs in 238.0s (544755.03 hashs/sec)
2025-11-20 14:29:56,574 - INFO -   >>> Progress: 138,533,488 hashs in 238.0s (582070.55 hashs/sec)
2025-11-20 14:29:57,436 - INFO -   >>> Progress: 130,191,543 hashs in 239.0s (544734.07 hashs/sec)
2025-11-20 14:29:57,575 - INFO -   >>> Progress: 139,081,842 hashs in 239.0s (581929.48 hashs/sec)
2025-11-20 14:29:58,438 - INFO -   >>> Progress: 130,728,691 hashs in 240.0s (544702.46 hashs/sec)
2025-11-20 14:29:58,575 - INFO -   >>> Progress: 139,623,662 hashs in 240.0s (581762.35 hashs/sec)
2025-11-20 14:29:59,510 - INFO -   >>> Progress: 131,268,366 hashs in 241.0s (544681.59 hashs/sec)
2025-11-20 14:29:59,574 - INFO -   >>> Progress: 140,169,378 hashs in 241.0s (581612.79 hashs/sec)
2025-11-20 14:30:00,535 - INFO -   >>> Progress: 131,778,378 hashs in 242.0s (544538.33 hashs/sec)
2025-11-20 14:30:00,574 - INFO -   >>> Progress: 140,687,133 hashs in 242.0s (581348.91 hashs/sec)
2025-11-20 14:30:01,456 - INFO -   >>> Progress: 132,268,909 hashs in 243.0s (544316.08 hashs/sec)
2025-11-20 14:30:01,577 - INFO -   >>> Progress: 141,220,302 hashs in 243.0s (581150.64 hashs/sec)
2025-11-20 14:30:02,436 - INFO -   >>> Progress: 132,795,374 hashs in 244.0s (544242.92 hashs/sec)
2025-11-20 14:30:02,575 - INFO -   >>> Progress: 141,748,694 hashs in 244.0s (580934.42 hashs/sec)
2025-11-20 14:30:03,436 - INFO -   >>> Progress: 133,328,137 hashs in 245.0s (544196.06 hashs/sec)
2025-11-20 14:30:03,575 - INFO -   >>> Progress: 142,299,308 hashs in 245.0s (580810.66 hashs/sec)
2025-11-20 14:30:04,529 - INFO -   >>> Progress: 133,864,281 hashs in 246.0s (544163.32 hashs/sec)
2025-11-20 14:30:04,574 - INFO -   >>> Progress: 142,851,430 hashs in 246.0s (580694.04 hashs/sec)
2025-11-20 14:30:05,450 - INFO -   >>> Progress: 134,398,376 hashs in 247.0s (544122.56 hashs/sec)
2025-11-20 14:30:05,575 - INFO -   >>> Progress: 143,389,030 hashs in 247.0s (580519.57 hashs/sec)
2025-11-20 14:30:06,474 - INFO -   >>> Progress: 134,931,305 hashs in 248.0s (544077.43 hashs/sec)
2025-11-20 14:30:06,575 - INFO -   >>> Progress: 143,939,832 hashs in 248.0s (580399.74 hashs/sec)
2025-11-20 14:30:07,436 - INFO -   >>> Progress: 135,465,998 hashs in 249.0s (544039.74 hashs/sec)
2025-11-20 14:30:07,575 - INFO -   >>> Progress: 144,485,486 hashs in 249.0s (580260.20 hashs/sec)
2025-11-20 14:30:08,437 - INFO -   >>> Progress: 136,001,765 hashs in 250.0s (544006.64 hashs/sec)
2025-11-20 14:30:08,575 - INFO -   >>> Progress: 145,031,456 hashs in 250.0s (580123.03 hashs/sec)
2025-11-20 14:30:09,436 - INFO -   >>> Progress: 136,540,316 hashs in 251.0s (543984.91 hashs/sec)
2025-11-20 14:30:09,575 - INFO -   >>> Progress: 145,577,214 hashs in 251.0s (579986.12 hashs/sec)
2025-11-20 14:30:10,468 - INFO -   >>> Progress: 137,072,869 hashs in 252.0s (543939.54 hashs/sec)
2025-11-20 14:30:10,575 - INFO -   >>> Progress: 146,124,171 hashs in 252.0s (579855.05 hashs/sec)
2025-11-20 14:30:11,492 - INFO -   >>> Progress: 137,608,092 hashs in 253.0s (543905.08 hashs/sec)
2025-11-20 14:30:11,574 - INFO -   >>> Progress: 146,659,285 hashs in 253.0s (579678.21 hashs/sec)
2025-11-20 14:30:12,436 - INFO -   >>> Progress: 138,145,777 hashs in 254.0s (543880.59 hashs/sec)
2025-11-20 14:30:12,575 - INFO -   >>> Progress: 147,200,254 hashs in 254.0s (579525.81 hashs/sec)
2025-11-20 14:30:13,540 - INFO -   >>> Progress: 138,685,038 hashs in 255.0s (543862.48 hashs/sec)
2025-11-20 14:30:13,574 - INFO -   >>> Progress: 147,756,198 hashs in 255.0s (579433.33 hashs/sec)
2025-11-20 14:30:14,462 - INFO -   >>> Progress: 139,221,318 hashs in 256.0s (543832.86 hashs/sec)
2025-11-20 14:30:14,574 - INFO -   >>> Progress: 148,298,149 hashs in 256.0s (579286.91 hashs/sec)
2025-11-20 14:30:15,486 - INFO -   >>> Progress: 139,756,958 hashs in 257.0s (543800.98 hashs/sec)
2025-11-20 14:30:15,575 - INFO -   >>> Progress: 148,823,639 hashs in 257.0s (579077.59 hashs/sec)
2025-11-20 14:30:16,509 - INFO -   >>> Progress: 140,291,808 hashs in 258.0s (543766.28 hashs/sec)
2025-11-20 14:30:16,574 - INFO -   >>> Progress: 149,372,990 hashs in 258.0s (578962.37 hashs/sec)
2025-11-20 14:30:17,436 - INFO -   >>> Progress: 140,827,500 hashs in 259.0s (543735.11 hashs/sec)
2025-11-20 14:30:17,575 - INFO -   >>> Progress: 149,925,994 hashs in 259.0s (578862.14 hashs/sec)
2025-11-20 14:30:18,455 - INFO -   >>> Progress: 141,364,970 hashs in 260.0s (543711.01 hashs/sec)
2025-11-20 14:30:18,575 - INFO -   >>> Progress: 150,458,819 hashs in 260.0s (578685.07 hashs/sec)
2025-11-20 14:30:19,480 - INFO -   >>> Progress: 141,903,915 hashs in 261.0s (543692.74 hashs/sec)
2025-11-20 14:30:19,574 - INFO -   >>> Progress: 151,002,754 hashs in 261.0s (578551.93 hashs/sec)
2025-11-20 14:30:20,436 - INFO -   >>> Progress: 142,439,360 hashs in 262.0s (543661.26 hashs/sec)
2025-11-20 14:30:20,575 - INFO -   >>> Progress: 151,537,741 hashs in 262.0s (578385.65 hashs/sec)
2025-11-20 14:30:21,527 - INFO -   >>> Progress: 142,977,834 hashs in 263.0s (543641.54 hashs/sec)
2025-11-20 14:30:21,574 - INFO -   >>> Progress: 152,091,319 hashs in 263.0s (578291.32 hashs/sec)
2025-11-20 14:30:22,449 - INFO -   >>> Progress: 143,514,045 hashs in 264.0s (543613.39 hashs/sec)
2025-11-20 14:30:22,575 - INFO -   >>> Progress: 152,635,201 hashs in 264.0s (578160.99 hashs/sec)
2025-11-20 14:30:23,472 - INFO -   >>> Progress: 144,051,706 hashs in 265.0s (543590.92 hashs/sec)
2025-11-20 14:30:23,575 - INFO -   >>> Progress: 153,170,316 hashs in 265.0s (577998.38 hashs/sec)
2025-11-20 14:30:24,497 - INFO -   >>> Progress: 144,588,300 hashs in 266.0s (543564.62 hashs/sec)
2025-11-20 14:30:24,574 - INFO -   >>> Progress: 153,692,426 hashs in 266.0s (577788.27 hashs/sec)
2025-11-20 14:30:25,520 - INFO -   >>> Progress: 145,122,158 hashs in 267.0s (543528.26 hashs/sec)
2025-11-20 14:30:25,574 - INFO -   >>> Progress: 154,203,480 hashs in 267.0s (577538.33 hashs/sec)
2025-11-20 14:30:26,545 - INFO -   >>> Progress: 145,660,447 hashs in 268.0s (543508.71 hashs/sec)
2025-11-20 14:30:26,576 - INFO -   >>> Progress: 154,735,395 hashs in 268.0s (577368.09 hashs/sec)
2025-11-20 14:30:27,468 - INFO -   >>> Progress: 146,194,717 hashs in 269.0s (543474.37 hashs/sec)
2025-11-20 14:30:27,575 - INFO -   >>> Progress: 155,270,908 hashs in 269.0s (577212.50 hashs/sec)
2025-11-20 14:30:28,492 - INFO -   >>> Progress: 146,728,722 hashs in 270.0s (543439.29 hashs/sec)
2025-11-20 14:30:28,575 - INFO -   >>> Progress: 155,797,161 hashs in 270.0s (577023.76 hashs/sec)
2025-11-20 14:30:29,516 - INFO -   >>> Progress: 147,262,048 hashs in 271.0s (543401.97 hashs/sec)
2025-11-20 14:30:29,574 - INFO -   >>> Progress: 156,313,149 hashs in 271.0s (576798.54 hashs/sec)
2025-11-20 14:30:30,436 - INFO -   >>> Progress: 147,796,927 hashs in 272.0s (543370.64 hashs/sec)
2025-11-20 14:30:30,575 - INFO -   >>> Progress: 156,828,088 hashs in 272.0s (576571.11 hashs/sec)
2025-11-20 14:30:31,461 - INFO -   >>> Progress: 148,332,391 hashs in 273.0s (543341.67 hashs/sec)
2025-11-20 14:30:31,575 - INFO -   >>> Progress: 157,341,722 hashs in 273.0s (576340.57 hashs/sec)
2025-11-20 14:30:32,484 - INFO -   >>> Progress: 148,868,876 hashs in 274.0s (543316.65 hashs/sec)
2025-11-20 14:30:32,575 - INFO -   >>> Progress: 157,885,060 hashs in 274.0s (576220.12 hashs/sec)
2025-11-20 14:30:33,508 - INFO -   >>> Progress: 149,407,128 hashs in 275.0s (543298.23 hashs/sec)
2025-11-20 14:30:33,575 - INFO -   >>> Progress: 158,427,505 hashs in 275.0s (576097.31 hashs/sec)
2025-11-20 14:30:34,532 - INFO -   >>> Progress: 149,943,729 hashs in 276.0s (543273.96 hashs/sec)
2025-11-20 14:30:34,575 - INFO -   >>> Progress: 158,962,875 hashs in 276.0s (575949.74 hashs/sec)
2025-11-20 14:30:35,454 - INFO -   >>> Progress: 150,474,798 hashs in 277.0s (543229.90 hashs/sec)
2025-11-20 14:30:35,575 - INFO -   >>> Progress: 159,490,344 hashs in 277.0s (575774.72 hashs/sec)
2025-11-20 14:30:36,477 - INFO -   >>> Progress: 151,011,414 hashs in 278.0s (543206.11 hashs/sec)
2025-11-20 14:30:36,574 - INFO -   >>> Progress: 160,031,634 hashs in 278.0s (575650.67 hashs/sec)
2025-11-20 14:30:37,501 - INFO -   >>> Progress: 151,548,914 hashs in 279.0s (543185.65 hashs/sec)
2025-11-20 14:30:37,574 - INFO -   >>> Progress: 160,569,966 hashs in 279.0s (575516.91 hashs/sec)
2025-11-20 14:30:38,436 - INFO -   >>> Progress: 152,083,857 hashs in 280.0s (543156.21 hashs/sec)
2025-11-20 14:30:38,808 - INFO -   >>> Progress: 161,123,353 hashs in 280.0s (575437.88 hashs/sec)
2025-11-20 14:30:39,436 - INFO -   >>> Progress: 152,622,473 hashs in 281.0s (543140.05 hashs/sec)
2025-11-20 14:30:39,874 - INFO -   >>> Progress: 161,660,272 hashs in 281.0s (575300.80 hashs/sec)
2025-11-20 14:30:40,436 - INFO -   >>> Progress: 153,157,131 hashs in 282.0s (543109.97 hashs/sec)
2025-11-20 14:30:40,575 - INFO -   >>> Progress: 162,193,343 hashs in 282.0s (575151.05 hashs/sec)
2025-11-20 14:30:41,437 - INFO -   >>> Progress: 153,692,455 hashs in 283.0s (543082.46 hashs/sec)
2025-11-20 14:30:41,574 - INFO -   >>> Progress: 162,727,258 hashs in 283.0s (575005.34 hashs/sec)
2025-11-20 14:30:42,438 - INFO -   >>> Progress: 154,217,093 hashs in 284.0s (543017.52 hashs/sec)
2025-11-20 14:30:42,615 - INFO -   >>> Progress: 163,242,989 hashs in 284.0s (574796.62 hashs/sec)
2025-11-20 14:30:43,543 - INFO -   >>> Progress: 154,757,796 hashs in 285.0s (543009.39 hashs/sec)
2025-11-20 14:30:43,664 - INFO -   >>> Progress: 163,779,606 hashs in 285.0s (574662.66 hashs/sec)
2025-11-20 14:30:44,556 - INFO -   >>> Progress: 155,298,622 hashs in 286.0s (543001.76 hashs/sec)
2025-11-20 14:30:44,594 - INFO -   >>> Progress: 164,297,435 hashs in 286.0s (574463.94 hashs/sec)
2025-11-20 14:30:45,591 - INFO -   >>> Progress: 155,824,931 hashs in 287.0s (542943.59 hashs/sec)
2025-11-20 14:30:45,591 - INFO -   >>> Progress: 164,822,348 hashs in 287.0s (574291.29 hashs/sec)
2025-11-20 14:30:46,436 - INFO -   >>> Progress: 156,365,444 hashs in 288.0s (542935.15 hashs/sec)
2025-11-20 14:30:46,622 - INFO -   >>> Progress: 165,364,084 hashs in 288.0s (574178.25 hashs/sec)
2025-11-20 14:30:47,436 - INFO -   >>> Progress: 156,900,214 hashs in 289.0s (542906.90 hashs/sec)
2025-11-20 14:30:47,574 - INFO -   >>> Progress: 165,902,796 hashs in 289.0s (574055.53 hashs/sec)
2025-11-20 14:30:48,458 - INFO -   >>> Progress: 157,440,619 hashs in 290.0s (542898.27 hashs/sec)
2025-11-20 14:30:48,574 - INFO -   >>> Progress: 166,440,109 hashs in 290.0s (573928.83 hashs/sec)
2025-11-20 14:30:49,482 - INFO -   >>> Progress: 157,981,424 hashs in 291.0s (542891.07 hashs/sec)
2025-11-20 14:30:49,574 - INFO -   >>> Progress: 166,962,456 hashs in 291.0s (573751.57 hashs/sec)
2025-11-20 14:30:50,436 - INFO -   >>> Progress: 158,518,962 hashs in 292.0s (542872.74 hashs/sec)
2025-11-20 14:30:50,574 - INFO -   >>> Progress: 167,466,616 hashs in 292.0s (573513.24 hashs/sec)
2025-11-20 14:30:51,436 - INFO -   >>> Progress: 159,060,430 hashs in 293.0s (542867.95 hashs/sec)
2025-11-20 14:30:51,581 - INFO -   >>> Progress: 167,997,186 hashs in 293.0s (573366.68 hashs/sec)
2025-11-20 14:30:52,451 - INFO -   >>> Progress: 159,596,544 hashs in 294.0s (542844.97 hashs/sec)
2025-11-20 14:30:52,574 - INFO -   >>> Progress: 168,520,634 hashs in 294.0s (573196.88 hashs/sec)
2025-11-20 14:30:53,475 - INFO -   >>> Progress: 160,133,819 hashs in 295.0s (542826.09 hashs/sec)
2025-11-20 14:30:53,574 - INFO -   >>> Progress: 169,065,120 hashs in 295.0s (573099.56 hashs/sec)
2025-11-20 14:30:54,503 - INFO -   >>> Progress: 160,669,088 hashs in 296.0s (542800.56 hashs/sec)
2025-11-20 14:30:54,574 - INFO -   >>> Progress: 169,614,901 hashs in 296.0s (573020.78 hashs/sec)
2025-11-20 14:30:55,436 - INFO -   >>> Progress: 161,200,594 hashs in 297.0s (542762.53 hashs/sec)
2025-11-20 14:30:55,574 - INFO -   >>> Progress: 170,169,099 hashs in 297.0s (572957.40 hashs/sec)
2025-11-20 14:30:56,445 - INFO -   >>> Progress: 161,736,757 hashs in 298.0s (542740.38 hashs/sec)
2025-11-20 14:30:56,578 - INFO -   >>> Progress: 170,719,239 hashs in 298.0s (572880.83 hashs/sec)
2025-11-20 14:30:57,436 - INFO -   >>> Progress: 162,272,495 hashs in 299.0s (542716.96 hashs/sec)
2025-11-20 14:30:57,574 - INFO -   >>> Progress: 171,264,580 hashs in 299.0s (572788.72 hashs/sec)
2025-11-20 14:30:58,484 - INFO - [2/12] ✓ Benchmark completed: t4g.2xlarge / pow
2025-11-20 14:30:58,484 - INFO - [2/12]   Work units: 162809595
2025-11-20 14:30:58,485 - INFO - [2/12]   Throughput: 542698.65 work/sec
2025-11-20 14:30:58,485 - INFO - [2/12]   Energy: 276.74 Joules
2025-11-20 14:30:58,485 - INFO - [2/12]   Efficiency: 0.0000 Joules/work
2025-11-20 14:30:58,485 - INFO - --- [2/6] Running pos on t4g.2xlarge ---
2025-11-20 14:30:58,485 - INFO - [3/12] Starting benchmark: t4g.2xlarge / pos
2025-11-20 14:30:58,486 - INFO - [3/12] Deploying workload pos to 34.224.26.127...
2025-11-20 14:30:58,579 - INFO - [3/12] ✓ Benchmark completed: t3.2xlarge / pow
2025-11-20 14:30:58,579 - INFO - [3/12]   Work units: 171802959
2025-11-20 14:30:58,579 - INFO - [3/12]   Throughput: 572676.53 work/sec
2025-11-20 14:30:58,579 - INFO - [3/12]   Energy: 6.57 Joules
2025-11-20 14:30:58,579 - INFO - [3/12]   Efficiency: 0.0000 Joules/work
2025-11-20 14:30:58,580 - INFO - --- [2/6] Running pos on t3.2xlarge ---
2025-11-20 14:30:58,580 - INFO - [4/12] Starting benchmark: t3.2xlarge / pos
2025-11-20 14:30:58,580 - INFO - [4/12] Deploying workload pos to 44.222.171.117...
2025-11-20 14:30:58,691 - INFO - Connected (version 2.0, client OpenSSH_8.7)
2025-11-20 14:30:58,720 - INFO - Connected (version 2.0, client OpenSSH_8.7)
2025-11-20 14:30:59,004 - INFO - Authentication (publickey) successful!
2025-11-20 14:30:59,060 - INFO - Authentication (publickey) successful!
2025-11-20 14:30:59,406 - INFO - [chan 1] Opened sftp connection (server version 3)
2025-11-20 14:30:59,595 - INFO - [chan 1] sftp session closed.
2025-11-20 14:30:59,633 - INFO - [chan 1] Opened sftp connection (server version 3)
2025-11-20 14:30:59,935 - INFO - [chan 1] sftp session closed.
2025-11-20 14:31:00,439 - INFO - [4/12] Starting metric collection...
2025-11-20 14:31:00,440 - INFO - [4/12] Running workload pos for 300 seconds (warmup: 30s)...
2025-11-20 14:31:00,440 - INFO - [4/12] Workload will output progress every second during measurement period
2025-11-20 14:31:00,619 - INFO - Connected (version 2.0, client OpenSSH_8.7)
2025-11-20 14:31:00,861 - INFO - [3/12] Starting metric collection...
2025-11-20 14:31:00,861 - INFO - [3/12] Running workload pos for 300 seconds (warmup: 30s)...
2025-11-20 14:31:00,861 - INFO - [3/12] Workload will output progress every second during measurement period
2025-11-20 14:31:00,947 - INFO - Authentication (publickey) successful!
2025-11-20 14:31:01,034 - INFO - Connected (version 2.0, client OpenSSH_8.7)
2025-11-20 14:31:01,080 - INFO -   >>> Executing command on instance: cd /tmp/benchmark && python3 pos.py 30 300
2025-11-20 14:31:01,080 - INFO -   >>> Waiting for output from 44.222.171.117...
2025-11-20 14:31:01,314 - INFO - Authentication (publickey) successful!
2025-11-20 14:31:01,487 - INFO -   >>> Executing command on instance: cd /tmp/benchmark && python3 pos.py 30 300
2025-11-20 14:31:01,487 - INFO -   >>> Waiting for output from 34.224.26.127...
2025-11-20 14:31:32,410 - INFO -   >>> Progress: 6,552 signatures in 1.0s (6551.47 signatures/sec)
2025-11-20 14:31:32,899 - INFO -   >>> Progress: 6,095 signatures in 1.0s (6094.55 signatures/sec)
2025-11-20 14:31:33,407 - INFO -   >>> Progress: 13,319 signatures in 2.0s (6658.75 signatures/sec)
2025-11-20 14:31:33,821 - INFO -   >>> Progress: 12,193 signatures in 2.0s (6096.06 signatures/sec)
2025-11-20 14:31:34,407 - INFO -   >>> Progress: 20,018 signatures in 3.0s (6671.99 signatures/sec)
2025-11-20 14:31:34,796 - INFO -   >>> Progress: 18,286 signatures in 3.0s (6094.78 signatures/sec)
2025-11-20 14:31:35,408 - INFO -   >>> Progress: 26,553 signatures in 4.0s (6637.67 signatures/sec)
2025-11-20 14:31:35,869 - INFO -   >>> Progress: 24,375 signatures in 4.0s (6093.30 signatures/sec)
2025-11-20 14:31:36,409 - INFO -   >>> Progress: 33,196 signatures in 5.0s (6638.63 signatures/sec)
2025-11-20 14:31:36,893 - INFO -   >>> Progress: 30,466 signatures in 5.0s (6092.65 signatures/sec)
2025-11-20 14:31:37,408 - INFO -   >>> Progress: 39,903 signatures in 6.0s (6649.89 signatures/sec)
2025-11-20 14:31:37,817 - INFO -   >>> Progress: 36,560 signatures in 6.0s (6092.82 signatures/sec)
2025-11-20 14:31:38,413 - INFO -   >>> Progress: 46,601 signatures in 7.0s (6656.67 signatures/sec)
2025-11-20 14:31:38,840 - INFO -   >>> Progress: 42,645 signatures in 7.0s (6091.62 signatures/sec)
2025-11-20 14:31:39,453 - INFO -   >>> Progress: 53,368 signatures in 8.0s (6670.34 signatures/sec)
2025-11-20 14:31:39,796 - INFO -   >>> Progress: 48,742 signatures in 8.0s (6092.17 signatures/sec)
2025-11-20 14:31:40,477 - INFO -   >>> Progress: 59,824 signatures in 9.0s (6646.48 signatures/sec)
2025-11-20 14:31:40,892 - INFO -   >>> Progress: 54,834 signatures in 9.0s (6092.08 signatures/sec)
2025-11-20 14:31:41,503 - INFO -   >>> Progress: 66,544 signatures in 10.0s (6653.75 signatures/sec)
2025-11-20 14:31:41,796 - INFO -   >>> Progress: 60,929 signatures in 10.0s (6092.29 signatures/sec)
2025-11-20 14:31:42,423 - INFO -   >>> Progress: 73,205 signatures in 11.0s (6654.39 signatures/sec)
2025-11-20 14:31:42,797 - INFO -   >>> Progress: 67,006 signatures in 11.0s (6090.90 signatures/sec)
2025-11-20 14:31:43,446 - INFO -   >>> Progress: 79,430 signatures in 12.0s (6618.55 signatures/sec)
2025-11-20 14:31:43,857 - INFO -   >>> Progress: 73,082 signatures in 12.0s (6089.65 signatures/sec)
2025-11-20 14:31:44,408 - INFO -   >>> Progress: 86,150 signatures in 13.0s (6626.33 signatures/sec)
2025-11-20 14:31:44,796 - INFO -   >>> Progress: 79,175 signatures in 13.0s (6089.87 signatures/sec)
2025-11-20 14:31:45,463 - INFO -   >>> Progress: 92,563 signatures in 14.0s (6611.05 signatures/sec)
2025-11-20 14:31:45,904 - INFO -   >>> Progress: 85,243 signatures in 14.0s (6088.30 signatures/sec)
2025-11-20 14:31:46,409 - INFO -   >>> Progress: 99,196 signatures in 15.0s (6612.49 signatures/sec)
2025-11-20 14:31:46,795 - INFO -   >>> Progress: 91,339 signatures in 15.0s (6088.79 signatures/sec)
2025-11-20 14:31:47,440 - INFO -   >>> Progress: 105,491 signatures in 16.0s (6592.40 signatures/sec)
2025-11-20 14:31:47,851 - INFO -   >>> Progress: 97,435 signatures in 16.0s (6089.19 signatures/sec)
2025-11-20 14:31:48,463 - INFO -   >>> Progress: 112,186 signatures in 17.0s (6598.42 signatures/sec)
2025-11-20 14:31:48,796 - INFO -   >>> Progress: 103,526 signatures in 17.0s (6089.30 signatures/sec)
2025-11-20 14:31:49,488 - INFO -   >>> Progress: 118,938 signatures in 18.0s (6606.95 signatures/sec)
2025-11-20 14:31:49,795 - INFO -   >>> Progress: 109,619 signatures in 18.0s (6089.47 signatures/sec)
2025-11-20 14:31:50,409 - INFO -   >>> Progress: 125,672 signatures in 19.0s (6613.61 signatures/sec)
2025-11-20 14:31:50,824 - INFO -   >>> Progress: 115,710 signatures in 19.0s (6089.53 signatures/sec)
2025-11-20 14:31:51,410 - INFO -   >>> Progress: 132,276 signatures in 20.0s (6612.82 signatures/sec)
2025-11-20 14:31:51,796 - INFO -   >>> Progress: 121,807 signatures in 20.0s (6089.89 signatures/sec)
2025-11-20 14:31:52,409 - INFO -   >>> Progress: 138,879 signatures in 21.0s (6612.32 signatures/sec)
2025-11-20 14:31:52,796 - INFO -   >>> Progress: 127,895 signatures in 21.0s (6089.79 signatures/sec)
2025-11-20 14:31:53,410 - INFO -   >>> Progress: 145,410 signatures in 22.0s (6608.60 signatures/sec)
2025-11-20 14:31:53,796 - INFO -   >>> Progress: 133,982 signatures in 22.0s (6089.64 signatures/sec)
2025-11-20 14:31:54,425 - INFO -   >>> Progress: 152,000 signatures in 23.0s (6607.75 signatures/sec)
2025-11-20 14:31:54,797 - INFO -   >>> Progress: 140,080 signatures in 23.0s (6089.98 signatures/sec)
2025-11-20 14:31:55,452 - INFO -   >>> Progress: 158,710 signatures in 24.0s (6612.00 signatures/sec)
2025-11-20 14:31:55,912 - INFO -   >>> Progress: 146,179 signatures in 24.0s (6090.35 signatures/sec)
2025-11-20 14:31:56,426 - INFO -   >>> Progress: 165,434 signatures in 25.0s (6616.46 signatures/sec)
2025-11-20 14:31:56,950 - INFO -   >>> Progress: 152,274 signatures in 25.0s (6090.52 signatures/sec)
2025-11-20 14:31:57,410 - INFO -   >>> Progress: 172,060 signatures in 26.0s (6616.79 signatures/sec)
2025-11-20 14:31:57,933 - INFO -   >>> Progress: 158,318 signatures in 26.0s (6088.73 signatures/sec)
2025-11-20 14:31:58,457 - INFO -   >>> Progress: 178,838 signatures in 27.0s (6622.75 signatures/sec)
2025-11-20 14:31:58,797 - INFO -   >>> Progress: 164,320 signatures in 27.0s (6085.49 signatures/sec)
2025-11-20 14:31:59,508 - INFO -   >>> Progress: 185,565 signatures in 28.0s (6626.45 signatures/sec)
2025-11-20 14:31:59,798 - INFO -   >>> Progress: 170,410 signatures in 28.0s (6085.63 signatures/sec)
2025-11-20 14:32:00,588 - INFO -   >>> Progress: 191,720 signatures in 29.0s (6610.18 signatures/sec)
2025-11-20 14:32:00,796 - INFO -   >>> Progress: 176,454 signatures in 29.0s (6084.17 signatures/sec)
2025-11-20 14:32:01,424 - INFO -   >>> Progress: 198,030 signatures in 30.0s (6600.18 signatures/sec)
2025-11-20 14:32:01,424 - INFO - Connected (version 2.0, client OpenSSH_8.7)
2025-11-20 14:32:01,806 - INFO - Authentication (publickey) successful!
2025-11-20 14:32:01,806 - INFO -   >>> Progress: 182,540 signatures in 30.0s (6084.23 signatures/sec)
2025-11-20 14:32:01,886 - INFO - Connected (version 2.0, client OpenSSH_8.7)
2025-11-20 14:32:02,238 - INFO - Authentication (publickey) successful!
2025-11-20 14:32:02,410 - INFO -   >>> Progress: 203,810 signatures in 31.0s (6573.68 signatures/sec)
2025-11-20 14:32:02,856 - INFO -   >>> Progress: 188,603 signatures in 31.0s (6083.52 signatures/sec)
2025-11-20 14:32:03,410 - INFO -   >>> Progress: 210,360 signatures in 32.0s (6572.92 signatures/sec)
2025-11-20 14:32:03,797 - INFO -   >>> Progress: 194,693 signatures in 32.0s (6083.69 signatures/sec)
2025-11-20 14:32:04,439 - INFO -   >>> Progress: 216,619 signatures in 33.0s (6563.41 signatures/sec)
2025-11-20 14:32:04,806 - INFO -   >>> Progress: 200,785 signatures in 33.0s (6083.93 signatures/sec)
2025-11-20 14:32:05,411 - INFO -   >>> Progress: 223,247 signatures in 34.0s (6565.28 signatures/sec)
2025-11-20 14:32:05,817 - INFO -   >>> Progress: 206,871 signatures in 34.0s (6083.98 signatures/sec)
2025-11-20 14:32:06,411 - INFO -   >>> Progress: 229,924 signatures in 35.0s (6568.47 signatures/sec)
2025-11-20 14:32:06,896 - INFO -   >>> Progress: 212,962 signatures in 35.0s (6084.16 signatures/sec)
2025-11-20 14:32:07,410 - INFO -   >>> Progress: 236,534 signatures in 36.0s (6569.60 signatures/sec)
2025-11-20 14:32:07,797 - INFO -   >>> Progress: 219,057 signatures in 36.0s (6084.44 signatures/sec)
2025-11-20 14:32:08,534 - INFO -   >>> Progress: 243,138 signatures in 37.0s (6570.52 signatures/sec)
2025-11-20 14:32:08,843 - INFO -   >>> Progress: 225,146 signatures in 37.0s (6084.54 signatures/sec)
2025-11-20 14:32:09,551 - INFO -   >>> Progress: 249,638 signatures in 38.0s (6568.66 signatures/sec)
2025-11-20 14:32:09,798 - INFO -   >>> Progress: 231,241 signatures in 38.0s (6084.80 signatures/sec)
2025-11-20 14:32:10,583 - INFO -   >>> Progress: 255,894 signatures in 39.0s (6560.63 signatures/sec)
2025-11-20 14:32:10,890 - INFO -   >>> Progress: 237,331 signatures in 39.0s (6084.91 signatures/sec)
2025-11-20 14:32:11,607 - INFO -   >>> Progress: 262,574 signatures in 40.0s (6563.60 signatures/sec)
2025-11-20 14:32:11,798 - INFO -   >>> Progress: 243,413 signatures in 40.0s (6084.84 signatures/sec)
2025-11-20 14:32:12,426 - INFO -   >>> Progress: 269,256 signatures in 41.0s (6566.47 signatures/sec)
2025-11-20 14:32:12,835 - INFO -   >>> Progress: 249,489 signatures in 41.0s (6084.60 signatures/sec)
2025-11-20 14:32:13,449 - INFO -   >>> Progress: 275,911 signatures in 42.0s (6568.57 signatures/sec)
2025-11-20 14:32:13,798 - INFO -   >>> Progress: 255,576 signatures in 42.0s (6084.64 signatures/sec)
2025-11-20 14:32:14,474 - INFO -   >>> Progress: 282,543 signatures in 43.0s (6570.04 signatures/sec)
2025-11-20 14:32:14,799 - INFO -   >>> Progress: 261,662 signatures in 43.0s (6084.67 signatures/sec)
2025-11-20 14:32:15,498 - INFO -   >>> Progress: 288,987 signatures in 44.0s (6567.17 signatures/sec)
2025-11-20 14:32:15,798 - INFO -   >>> Progress: 267,752 signatures in 44.0s (6084.78 signatures/sec)
2025-11-20 14:32:16,414 - INFO -   >>> Progress: 295,417 signatures in 45.0s (6564.10 signatures/sec)
2025-11-20 14:32:16,825 - INFO -   >>> Progress: 273,851 signatures in 45.0s (6085.07 signatures/sec)
2025-11-20 14:32:17,444 - INFO -   >>> Progress: 301,848 signatures in 46.0s (6561.20 signatures/sec)
2025-11-20 14:32:17,874 - INFO -   >>> Progress: 279,944 signatures in 46.0s (6085.23 signatures/sec)
2025-11-20 14:32:18,467 - INFO -   >>> Progress: 308,272 signatures in 47.0s (6558.26 signatures/sec)
2025-11-20 14:32:18,799 - INFO -   >>> Progress: 286,028 signatures in 47.0s (6085.19 signatures/sec)
2025-11-20 14:32:19,447 - INFO -   >>> Progress: 314,668 signatures in 48.0s (6554.88 signatures/sec)
2025-11-20 14:32:19,799 - INFO -   >>> Progress: 292,033 signatures in 48.0s (6083.51 signatures/sec)
2025-11-20 14:32:20,493 - INFO -   >>> Progress: 321,015 signatures in 49.0s (6550.63 signatures/sec)
2025-11-20 14:32:20,799 - INFO -   >>> Progress: 298,125 signatures in 49.0s (6083.67 signatures/sec)
2025-11-20 14:32:21,437 - INFO -   >>> Progress: 327,093 signatures in 50.0s (6541.17 signatures/sec)
2025-11-20 14:32:21,847 - INFO -   >>> Progress: 304,218 signatures in 50.0s (6083.86 signatures/sec)
2025-11-20 14:32:22,412 - INFO -   >>> Progress: 333,470 signatures in 51.0s (6537.94 signatures/sec)
2025-11-20 14:32:22,799 - INFO -   >>> Progress: 310,304 signatures in 51.0s (6083.89 signatures/sec)
2025-11-20 14:32:23,484 - INFO -   >>> Progress: 339,861 signatures in 52.0s (6535.10 signatures/sec)
2025-11-20 14:32:23,799 - INFO -   >>> Progress: 316,397 signatures in 52.0s (6084.07 signatures/sec)
2025-11-20 14:32:24,421 - INFO -   >>> Progress: 346,477 signatures in 53.0s (6536.63 signatures/sec)
2025-11-20 14:32:24,799 - INFO -   >>> Progress: 322,484 signatures in 53.0s (6084.11 signatures/sec)
2025-11-20 14:32:25,412 - INFO -   >>> Progress: 353,041 signatures in 54.0s (6537.12 signatures/sec)
2025-11-20 14:32:25,800 - INFO -   >>> Progress: 328,577 signatures in 54.0s (6084.27 signatures/sec)
2025-11-20 14:32:26,455 - INFO -   >>> Progress: 359,787 signatures in 55.0s (6540.91 signatures/sec)
2025-11-20 14:32:26,799 - INFO -   >>> Progress: 334,672 signatures in 55.0s (6084.46 signatures/sec)
2025-11-20 14:32:27,412 - INFO -   >>> Progress: 366,308 signatures in 56.0s (6540.55 signatures/sec)
2025-11-20 14:32:27,838 - INFO -   >>> Progress: 340,764 signatures in 56.0s (6084.59 signatures/sec)
2025-11-20 14:32:28,502 - INFO -   >>> Progress: 373,056 signatures in 57.0s (6544.18 signatures/sec)
2025-11-20 14:32:28,912 - INFO -   >>> Progress: 346,848 signatures in 57.0s (6084.57 signatures/sec)
2025-11-20 14:32:29,424 - INFO -   >>> Progress: 379,737 signatures in 58.0s (6546.54 signatures/sec)
2025-11-20 14:32:29,799 - INFO -   >>> Progress: 352,937 signatures in 58.0s (6084.63 signatures/sec)
2025-11-20 14:32:30,551 - INFO -   >>> Progress: 386,316 signatures in 59.0s (6547.09 signatures/sec)
2025-11-20 14:32:30,800 - INFO -   >>> Progress: 358,996 signatures in 59.0s (6084.19 signatures/sec)
2025-11-20 14:32:31,575 - INFO -   >>> Progress: 393,023 signatures in 60.0s (6549.75 signatures/sec)
2025-11-20 14:32:31,882 - INFO -   >>> Progress: 365,084 signatures in 60.0s (6084.25 signatures/sec)
2025-11-20 14:32:32,413 - INFO -   >>> Progress: 399,468 signatures in 61.0s (6548.02 signatures/sec)
2025-11-20 14:32:32,906 - INFO -   >>> Progress: 371,173 signatures in 61.0s (6084.33 signatures/sec)
2025-11-20 14:32:33,609 - INFO -   >>> Progress: 406,158 signatures in 62.0s (6550.30 signatures/sec)
2025-11-20 14:32:33,800 - INFO -   >>> Progress: 377,262 signatures in 62.0s (6084.39 signatures/sec)
2025-11-20 14:32:34,442 - INFO -   >>> Progress: 412,847 signatures in 63.0s (6552.50 signatures/sec)
2025-11-20 14:32:34,851 - INFO -   >>> Progress: 383,347 signatures in 63.0s (6084.39 signatures/sec)
2025-11-20 14:32:35,412 - INFO -   >>> Progress: 419,340 signatures in 64.0s (6551.56 signatures/sec)
2025-11-20 14:32:35,800 - INFO -   >>> Progress: 389,424 signatures in 64.0s (6084.27 signatures/sec)
2025-11-20 14:32:36,489 - INFO -   >>> Progress: 425,667 signatures in 65.0s (6548.10 signatures/sec)
2025-11-20 14:32:36,799 - INFO -   >>> Progress: 395,513 signatures in 65.0s (6084.34 signatures/sec)
2025-11-20 14:32:37,513 - INFO -   >>> Progress: 432,366 signatures in 66.0s (6550.38 signatures/sec)
2025-11-20 14:32:37,802 - INFO -   >>> Progress: 401,598 signatures in 66.0s (6084.35 signatures/sec)
2025-11-20 14:32:38,435 - INFO -   >>> Progress: 439,036 signatures in 67.0s (6552.16 signatures/sec)
2025-11-20 14:32:38,851 - INFO -   >>> Progress: 407,688 signatures in 67.0s (6084.43 signatures/sec)
2025-11-20 14:32:39,413 - INFO -   >>> Progress: 445,651 signatures in 68.0s (6553.08 signatures/sec)
2025-11-20 14:32:39,800 - INFO -   >>> Progress: 413,781 signatures in 68.0s (6084.54 signatures/sec)
2025-11-20 14:32:40,484 - INFO -   >>> Progress: 452,332 signatures in 69.0s (6554.93 signatures/sec)
2025-11-20 14:32:40,893 - INFO -   >>> Progress: 419,858 signatures in 69.0s (6084.42 signatures/sec)
2025-11-20 14:32:41,507 - INFO -   >>> Progress: 459,029 signatures in 70.0s (6556.95 signatures/sec)
2025-11-20 14:32:41,815 - INFO -   >>> Progress: 425,950 signatures in 70.0s (6084.52 signatures/sec)
2025-11-20 14:32:42,429 - INFO -   >>> Progress: 465,725 signatures in 71.0s (6558.90 signatures/sec)
2025-11-20 14:32:42,839 - INFO -   >>> Progress: 431,994 signatures in 71.0s (6083.93 signatures/sec)
2025-11-20 14:32:43,453 - INFO -   >>> Progress: 472,473 signatures in 72.0s (6561.51 signatures/sec)
2025-11-20 14:32:43,863 - INFO -   >>> Progress: 438,083 signatures in 72.0s (6084.00 signatures/sec)
2025-11-20 14:32:44,477 - INFO -   >>> Progress: 479,066 signatures in 73.0s (6561.94 signatures/sec)
2025-11-20 14:32:44,802 - INFO -   >>> Progress: 444,174 signatures in 73.0s (6084.08 signatures/sec)
2025-11-20 14:32:45,412 - INFO -   >>> Progress: 485,374 signatures in 74.0s (6558.50 signatures/sec)
2025-11-20 14:32:45,800 - INFO -   >>> Progress: 450,239 signatures in 74.0s (6083.82 signatures/sec)
2025-11-20 14:32:46,423 - INFO -   >>> Progress: 491,866 signatures in 75.0s (6557.61 signatures/sec)
2025-11-20 14:32:46,830 - INFO -   >>> Progress: 456,338 signatures in 75.0s (6084.01 signatures/sec)
2025-11-20 14:32:47,446 - INFO -   >>> Progress: 498,158 signatures in 76.0s (6554.10 signatures/sec)
2025-11-20 14:32:47,833 - INFO -   >>> Progress: 462,432 signatures in 76.0s (6084.14 signatures/sec)
2025-11-20 14:32:48,470 - INFO -   >>> Progress: 504,783 signatures in 77.0s (6555.01 signatures/sec)
2025-11-20 14:32:48,804 - INFO -   >>> Progress: 468,523 signatures in 77.0s (6084.22 signatures/sec)
2025-11-20 14:32:49,495 - INFO -   >>> Progress: 511,502 signatures in 78.0s (6557.11 signatures/sec)
2025-11-20 14:32:49,802 - INFO -   >>> Progress: 474,623 signatures in 78.0s (6084.42 signatures/sec)
2025-11-20 14:32:50,519 - INFO -   >>> Progress: 518,239 signatures in 79.0s (6559.38 signatures/sec)
2025-11-20 14:32:50,827 - INFO -   >>> Progress: 480,705 signatures in 79.0s (6084.39 signatures/sec)
2025-11-20 14:32:51,413 - INFO -   >>> Progress: 524,934 signatures in 80.0s (6561.07 signatures/sec)
2025-11-20 14:32:51,852 - INFO -   >>> Progress: 486,792 signatures in 80.0s (6084.41 signatures/sec)
2025-11-20 14:32:52,413 - INFO -   >>> Progress: 531,588 signatures in 81.0s (6562.22 signatures/sec)
2025-11-20 14:32:52,876 - INFO -   >>> Progress: 492,877 signatures in 81.0s (6084.41 signatures/sec)
2025-11-20 14:32:53,487 - INFO -   >>> Progress: 538,197 signatures in 82.0s (6562.78 signatures/sec)
2025-11-20 14:32:53,900 - INFO -   >>> Progress: 498,965 signatures in 82.0s (6084.45 signatures/sec)
2025-11-20 14:32:54,415 - INFO -   >>> Progress: 544,817 signatures in 83.0s (6563.47 signatures/sec)
2025-11-20 14:32:54,801 - INFO -   >>> Progress: 505,063 signatures in 83.0s (6084.61 signatures/sec)
2025-11-20 14:32:55,435 - INFO -   >>> Progress: 551,535 signatures in 84.0s (6565.31 signatures/sec)
2025-11-20 14:32:55,801 - INFO -   >>> Progress: 511,161 signatures in 84.0s (6084.76 signatures/sec)
2025-11-20 14:32:56,458 - INFO -   >>> Progress: 558,348 signatures in 85.0s (6568.22 signatures/sec)
2025-11-20 14:32:56,868 - INFO -   >>> Progress: 517,262 signatures in 85.0s (6084.94 signatures/sec)
2025-11-20 14:32:57,483 - INFO -   >>> Progress: 565,068 signatures in 86.0s (6569.97 signatures/sec)
2025-11-20 14:32:57,891 - INFO -   >>> Progress: 523,359 signatures in 86.0s (6085.07 signatures/sec)
2025-11-20 14:32:58,413 - INFO -   >>> Progress: 571,774 signatures in 87.0s (6571.53 signatures/sec)
2025-11-20 14:32:58,813 - INFO -   >>> Progress: 529,455 signatures in 87.0s (6085.19 signatures/sec)
2025-11-20 14:32:59,428 - INFO -   >>> Progress: 578,473 signatures in 88.0s (6572.97 signatures/sec)
2025-11-20 14:32:59,802 - INFO -   >>> Progress: 535,546 signatures in 88.0s (6085.25 signatures/sec)
2025-11-20 14:33:00,415 - INFO -   >>> Progress: 585,148 signatures in 89.0s (6574.11 signatures/sec)
2025-11-20 14:33:00,806 - INFO -   >>> Progress: 541,597 signatures in 89.0s (6084.86 signatures/sec)
2025-11-20 14:33:01,481 - INFO -   >>> Progress: 591,576 signatures in 90.0s (6572.48 signatures/sec)
2025-11-20 14:33:01,804 - INFO -   >>> Progress: 547,682 signatures in 90.0s (6084.86 signatures/sec)
2025-11-20 14:33:02,499 - INFO -   >>> Progress: 597,751 signatures in 91.0s (6568.11 signatures/sec)
2025-11-20 14:33:02,909 - INFO -   >>> Progress: 553,773 signatures in 91.0s (6084.93 signatures/sec)
2025-11-20 14:33:03,515 - INFO -   >>> Progress: 604,484 signatures in 92.0s (6569.89 signatures/sec)
2025-11-20 14:33:03,801 - INFO -   >>> Progress: 559,864 signatures in 92.0s (6084.99 signatures/sec)
2025-11-20 14:33:04,446 - INFO -   >>> Progress: 611,140 signatures in 93.0s (6570.80 signatures/sec)
2025-11-20 14:33:04,802 - INFO -   >>> Progress: 565,962 signatures in 93.0s (6085.13 signatures/sec)
2025-11-20 14:33:05,470 - INFO -   >>> Progress: 617,777 signatures in 94.0s (6571.50 signatures/sec)
2025-11-20 14:33:05,879 - INFO -   >>> Progress: 572,052 signatures in 94.0s (6085.18 signatures/sec)
2025-11-20 14:33:06,494 - INFO -   >>> Progress: 624,519 signatures in 95.0s (6573.29 signatures/sec)
2025-11-20 14:33:06,903 - INFO -   >>> Progress: 578,148 signatures in 95.0s (6085.29 signatures/sec)
2025-11-20 14:33:07,517 - INFO -   >>> Progress: 631,273 signatures in 96.0s (6575.17 signatures/sec)
2025-11-20 14:33:07,824 - INFO -   >>> Progress: 584,250 signatures in 96.0s (6085.45 signatures/sec)
2025-11-20 14:33:08,438 - INFO -   >>> Progress: 637,985 signatures in 97.0s (6576.57 signatures/sec)
2025-11-20 14:33:08,849 - INFO -   >>> Progress: 590,343 signatures in 97.0s (6085.53 signatures/sec)
2025-11-20 14:33:09,463 - INFO -   >>> Progress: 644,626 signatures in 98.0s (6577.23 signatures/sec)
2025-11-20 14:33:09,802 - INFO -   >>> Progress: 596,443 signatures in 98.0s (6085.67 signatures/sec)
2025-11-20 14:33:10,416 - INFO -   >>> Progress: 651,100 signatures in 99.0s (6576.18 signatures/sec)
2025-11-20 14:33:10,896 - INFO -   >>> Progress: 602,537 signatures in 99.0s (6085.75 signatures/sec)
2025-11-20 14:33:11,445 - INFO -   >>> Progress: 657,392 signatures in 100.0s (6573.33 signatures/sec)
2025-11-20 14:33:11,971 - INFO -   >>> Progress: 608,630 signatures in 100.0s (6085.82 signatures/sec)
2025-11-20 14:33:12,498 - INFO -   >>> Progress: 663,749 signatures in 101.0s (6571.18 signatures/sec)
2025-11-20 14:33:13,015 - INFO -   >>> Progress: 614,724 signatures in 101.0s (6085.89 signatures/sec)
2025-11-20 14:33:13,492 - INFO -   >>> Progress: 670,164 signatures in 102.0s (6569.64 signatures/sec)
2025-11-20 14:33:14,001 - INFO -   >>> Progress: 620,818 signatures in 102.0s (6085.97 signatures/sec)
2025-11-20 14:33:14,550 - INFO -   >>> Progress: 676,718 signatures in 103.0s (6569.49 signatures/sec)
2025-11-20 14:33:14,819 - INFO -   >>> Progress: 626,914 signatures in 103.0s (6086.06 signatures/sec)
2025-11-20 14:33:15,574 - INFO -   >>> Progress: 683,161 signatures in 104.0s (6568.27 signatures/sec)
2025-11-20 14:33:15,802 - INFO -   >>> Progress: 633,004 signatures in 104.0s (6086.09 signatures/sec)
2025-11-20 14:33:16,415 - INFO -   >>> Progress: 689,713 signatures in 105.0s (6568.11 signatures/sec)
2025-11-20 14:33:16,810 - INFO -   >>> Progress: 639,100 signatures in 105.0s (6086.18 signatures/sec)
2025-11-20 14:33:17,673 - INFO -   >>> Progress: 696,237 signatures in 106.0s (6567.69 signatures/sec)
2025-11-20 14:33:17,803 - INFO -   >>> Progress: 645,199 signatures in 106.0s (6086.30 signatures/sec)
2025-11-20 14:33:18,530 - INFO -   >>> Progress: 702,831 signatures in 107.0s (6567.93 signatures/sec)
2025-11-20 14:33:18,803 - INFO -   >>> Progress: 651,293 signatures in 107.0s (6086.36 signatures/sec)
2025-11-20 14:33:19,416 - INFO -   >>> Progress: 709,428 signatures in 108.0s (6568.20 signatures/sec)
2025-11-20 14:33:19,803 - INFO -   >>> Progress: 657,378 signatures in 108.0s (6086.35 signatures/sec)
2025-11-20 14:33:20,417 - INFO -   >>> Progress: 715,880 signatures in 109.0s (6567.12 signatures/sec)
2025-11-20 14:33:20,822 - INFO -   >>> Progress: 663,468 signatures in 109.0s (6086.37 signatures/sec)
2025-11-20 14:33:21,472 - INFO -   >>> Progress: 722,423 signatures in 110.0s (6566.90 signatures/sec)
2025-11-20 14:33:21,927 - INFO -   >>> Progress: 669,561 signatures in 110.0s (6086.43 signatures/sec)
2025-11-20 14:33:22,415 - INFO -   >>> Progress: 729,061 signatures in 111.0s (6567.54 signatures/sec)
2025-11-20 14:33:22,918 - INFO -   >>> Progress: 675,647 signatures in 111.0s (6086.42 signatures/sec)
2025-11-20 14:33:23,446 - INFO -   >>> Progress: 735,612 signatures in 112.0s (6567.39 signatures/sec)
2025-11-20 14:33:23,803 - INFO -   >>> Progress: 681,721 signatures in 112.0s (6086.31 signatures/sec)
2025-11-20 14:33:24,490 - INFO -   >>> Progress: 742,055 signatures in 113.0s (6566.29 signatures/sec)
2025-11-20 14:33:24,803 - INFO -   >>> Progress: 687,813 signatures in 113.0s (6086.35 signatures/sec)
2025-11-20 14:33:25,416 - INFO -   >>> Progress: 748,800 signatures in 114.0s (6567.85 signatures/sec)
2025-11-20 14:33:25,803 - INFO -   >>> Progress: 693,901 signatures in 114.0s (6086.36 signatures/sec)
2025-11-20 14:33:26,461 - INFO -   >>> Progress: 755,485 signatures in 115.0s (6568.87 signatures/sec)
2025-11-20 14:33:26,871 - INFO -   >>> Progress: 699,996 signatures in 115.0s (6086.43 signatures/sec)
2025-11-20 14:33:27,486 - INFO -   >>> Progress: 762,084 signatures in 116.0s (6569.12 signatures/sec)
2025-11-20 14:33:27,895 - INFO -   >>> Progress: 706,091 signatures in 116.0s (6086.50 signatures/sec)
2025-11-20 14:33:28,508 - INFO -   >>> Progress: 768,311 signatures in 117.0s (6566.20 signatures/sec)
2025-11-20 14:33:28,803 - INFO -   >>> Progress: 712,175 signatures in 117.0s (6086.47 signatures/sec)
2025-11-20 14:33:29,423 - INFO -   >>> Progress: 774,782 signatures in 118.0s (6565.39 signatures/sec)
2025-11-20 14:33:29,803 - INFO -   >>> Progress: 718,255 signatures in 118.0s (6086.41 signatures/sec)
2025-11-20 14:33:30,415 - INFO -   >>> Progress: 781,411 signatures in 119.0s (6565.92 signatures/sec)
2025-11-20 14:33:30,803 - INFO -   >>> Progress: 724,340 signatures in 119.0s (6086.40 signatures/sec)
2025-11-20 14:33:31,417 - INFO -   >>> Progress: 787,767 signatures in 120.0s (6564.17 signatures/sec)
2025-11-20 14:33:31,832 - INFO -   >>> Progress: 730,431 signatures in 120.0s (6086.43 signatures/sec)
2025-11-20 14:33:32,417 - INFO -   >>> Progress: 794,223 signatures in 121.0s (6563.27 signatures/sec)
2025-11-20 14:33:32,912 - INFO -   >>> Progress: 736,521 signatures in 121.0s (6086.46 signatures/sec)
2025-11-20 14:33:33,424 - INFO -   >>> Progress: 800,815 signatures in 122.0s (6563.50 signatures/sec)
2025-11-20 14:33:33,804 - INFO -   >>> Progress: 742,610 signatures in 122.0s (6086.48 signatures/sec)
2025-11-20 14:33:34,455 - INFO -   >>> Progress: 807,287 signatures in 123.0s (6562.75 signatures/sec)
2025-11-20 14:33:34,804 - INFO -   >>> Progress: 748,702 signatures in 123.0s (6086.52 signatures/sec)
2025-11-20 14:33:35,502 - INFO -   >>> Progress: 813,969 signatures in 124.0s (6563.71 signatures/sec)
2025-11-20 14:33:35,803 - INFO -   >>> Progress: 754,795 signatures in 124.0s (6086.56 signatures/sec)
2025-11-20 14:33:36,416 - INFO -   >>> Progress: 820,593 signatures in 125.0s (6564.19 signatures/sec)
2025-11-20 14:33:36,905 - INFO -   >>> Progress: 760,843 signatures in 125.0s (6086.25 signatures/sec)
2025-11-20 14:33:37,416 - INFO -   >>> Progress: 827,299 signatures in 126.0s (6565.31 signatures/sec)
2025-11-20 14:33:37,828 - INFO -   >>> Progress: 766,937 signatures in 126.0s (6086.31 signatures/sec)
2025-11-20 14:33:38,441 - INFO -   >>> Progress: 833,901 signatures in 127.0s (6565.60 signatures/sec)
2025-11-20 14:33:38,850 - INFO -   >>> Progress: 773,024 signatures in 127.0s (6086.32 signatures/sec)
2025-11-20 14:33:39,416 - INFO -   >>> Progress: 840,609 signatures in 128.0s (6566.71 signatures/sec)
2025-11-20 14:33:39,804 - INFO -   >>> Progress: 779,120 signatures in 128.0s (6086.38 signatures/sec)
2025-11-20 14:33:40,416 - INFO -   >>> Progress: 847,230 signatures in 129.0s (6567.12 signatures/sec)
2025-11-20 14:33:40,899 - INFO -   >>> Progress: 785,207 signatures in 129.0s (6086.39 signatures/sec)
2025-11-20 14:33:41,416 - INFO -   >>> Progress: 853,688 signatures in 130.0s (6566.28 signatures/sec)
2025-11-20 14:33:41,820 - INFO -   >>> Progress: 791,293 signatures in 130.0s (6086.38 signatures/sec)
2025-11-20 14:33:42,435 - INFO -   >>> Progress: 860,250 signatures in 131.0s (6566.24 signatures/sec)
2025-11-20 14:33:42,841 - INFO -   >>> Progress: 797,363 signatures in 131.0s (6086.26 signatures/sec)
2025-11-20 14:33:43,417 - INFO -   >>> Progress: 866,734 signatures in 132.0s (6565.62 signatures/sec)
2025-11-20 14:33:43,971 - INFO -   >>> Progress: 803,451 signatures in 132.0s (6086.27 signatures/sec)
2025-11-20 14:33:44,417 - INFO -   >>> Progress: 873,346 signatures in 133.0s (6565.96 signatures/sec)
2025-11-20 14:33:44,804 - INFO -   >>> Progress: 809,543 signatures in 133.0s (6086.30 signatures/sec)
2025-11-20 14:33:45,517 - INFO -   >>> Progress: 879,791 signatures in 134.0s (6565.05 signatures/sec)
2025-11-20 14:33:45,815 - INFO -   >>> Progress: 815,610 signatures in 134.0s (6086.16 signatures/sec)
2025-11-20 14:33:46,417 - INFO -   >>> Progress: 886,200 signatures in 135.0s (6563.89 signatures/sec)
2025-11-20 14:33:46,838 - INFO -   >>> Progress: 821,704 signatures in 135.0s (6086.22 signatures/sec)
2025-11-20 14:33:47,418 - INFO -   >>> Progress: 892,635 signatures in 136.0s (6562.92 signatures/sec)
2025-11-20 14:33:47,862 - INFO -   >>> Progress: 827,801 signatures in 136.0s (6086.29 signatures/sec)
2025-11-20 14:33:48,417 - INFO -   >>> Progress: 899,181 signatures in 137.0s (6562.80 signatures/sec)
2025-11-20 14:33:48,804 - INFO -   >>> Progress: 833,894 signatures in 137.0s (6086.33 signatures/sec)
2025-11-20 14:33:49,417 - INFO -   >>> Progress: 905,418 signatures in 138.0s (6560.44 signatures/sec)
2025-11-20 14:33:49,804 - INFO -   >>> Progress: 839,990 signatures in 138.0s (6086.40 signatures/sec)
2025-11-20 14:33:50,525 - INFO -   >>> Progress: 911,603 signatures in 139.0s (6557.74 signatures/sec)
2025-11-20 14:33:50,805 - INFO -   >>> Progress: 846,082 signatures in 139.0s (6086.43 signatures/sec)
2025-11-20 14:33:51,417 - INFO -   >>> Progress: 917,997 signatures in 140.0s (6556.56 signatures/sec)
2025-11-20 14:33:51,805 - INFO -   >>> Progress: 852,176 signatures in 140.0s (6086.48 signatures/sec)
2025-11-20 14:33:52,473 - INFO -   >>> Progress: 924,222 signatures in 141.0s (6554.21 signatures/sec)
2025-11-20 14:33:52,806 - INFO -   >>> Progress: 858,269 signatures in 141.0s (6086.53 signatures/sec)
2025-11-20 14:33:53,418 - INFO -   >>> Progress: 930,708 signatures in 142.0s (6553.73 signatures/sec)
2025-11-20 14:33:53,904 - INFO -   >>> Progress: 864,362 signatures in 142.0s (6086.57 signatures/sec)
2025-11-20 14:33:54,519 - INFO -   >>> Progress: 937,224 signatures in 143.0s (6553.46 signatures/sec)
2025-11-20 14:33:54,805 - INFO -   >>> Progress: 870,459 signatures in 143.0s (6086.64 signatures/sec)
2025-11-20 14:33:55,445 - INFO -   >>> Progress: 943,671 signatures in 144.0s (6552.71 signatures/sec)
2025-11-20 14:33:55,850 - INFO -   >>> Progress: 876,552 signatures in 144.0s (6086.68 signatures/sec)
2025-11-20 14:33:56,418 - INFO -   >>> Progress: 950,125 signatures in 145.0s (6552.03 signatures/sec)
2025-11-20 14:33:56,849 - INFO -   >>> Progress: 882,647 signatures in 145.0s (6086.73 signatures/sec)
2025-11-20 14:33:57,418 - INFO -   >>> Progress: 956,644 signatures in 146.0s (6551.80 signatures/sec)
2025-11-20 14:33:57,805 - INFO -   >>> Progress: 888,737 signatures in 146.0s (6086.75 signatures/sec)
2025-11-20 14:33:58,512 - INFO -   >>> Progress: 963,318 signatures in 147.0s (6552.63 signatures/sec)
2025-11-20 14:33:58,819 - INFO -   >>> Progress: 894,829 signatures in 147.0s (6086.79 signatures/sec)
2025-11-20 14:33:59,418 - INFO -   >>> Progress: 970,023 signatures in 148.0s (6553.65 signatures/sec)
2025-11-20 14:33:59,806 - INFO -   >>> Progress: 900,925 signatures in 148.0s (6086.84 signatures/sec)
2025-11-20 14:34:00,458 - INFO -   >>> Progress: 976,490 signatures in 149.0s (6553.07 signatures/sec)
2025-11-20 14:34:00,805 - INFO -   >>> Progress: 906,972 signatures in 149.0s (6086.57 signatures/sec)
2025-11-20 14:34:01,418 - INFO -   >>> Progress: 982,835 signatures in 150.0s (6551.68 signatures/sec)
2025-11-20 14:34:01,893 - INFO -   >>> Progress: 913,059 signatures in 150.0s (6086.57 signatures/sec)
2025-11-20 14:34:02,505 - INFO -   >>> Progress: 989,261 signatures in 151.0s (6550.84 signatures/sec)
2025-11-20 14:34:02,915 - INFO -   >>> Progress: 919,146 signatures in 151.0s (6086.57 signatures/sec)
2025-11-20 14:34:03,427 - INFO -   >>> Progress: 995,979 signatures in 152.0s (6551.94 signatures/sec)
2025-11-20 14:34:03,805 - INFO -   >>> Progress: 925,235 signatures in 152.0s (6086.59 signatures/sec)
2025-11-20 14:34:04,452 - INFO -   >>> Progress: 1,002,615 signatures in 153.0s (6552.49 signatures/sec)
2025-11-20 14:34:04,807 - INFO -   >>> Progress: 931,327 signatures in 153.0s (6086.62 signatures/sec)
2025-11-20 14:34:05,475 - INFO -   >>> Progress: 1,009,229 signatures in 154.0s (6552.88 signatures/sec)
2025-11-20 14:34:05,885 - INFO -   >>> Progress: 937,418 signatures in 154.0s (6086.64 signatures/sec)
2025-11-20 14:34:06,418 - INFO -   >>> Progress: 1,015,818 signatures in 155.0s (6553.11 signatures/sec)
2025-11-20 14:34:06,909 - INFO -   >>> Progress: 943,508 signatures in 155.0s (6086.66 signatures/sec)
2025-11-20 14:34:07,419 - INFO -   >>> Progress: 1,022,452 signatures in 156.0s (6553.63 signatures/sec)
2025-11-20 14:34:07,832 - INFO -   >>> Progress: 949,606 signatures in 156.0s (6086.73 signatures/sec)
2025-11-20 14:34:08,419 - INFO -   >>> Progress: 1,029,111 signatures in 157.0s (6554.30 signatures/sec)
2025-11-20 14:34:08,806 - INFO -   >>> Progress: 955,701 signatures in 157.0s (6086.79 signatures/sec)
2025-11-20 14:34:09,418 - INFO -   >>> Progress: 1,035,604 signatures in 158.0s (6553.91 signatures/sec)
2025-11-20 14:34:09,806 - INFO -   >>> Progress: 961,800 signatures in 158.0s (6086.86 signatures/sec)
2025-11-20 14:34:10,493 - INFO -   >>> Progress: 1,042,237 signatures in 159.0s (6554.40 signatures/sec)
2025-11-20 14:34:10,902 - INFO -   >>> Progress: 967,893 signatures in 159.0s (6086.89 signatures/sec)
2025-11-20 14:34:11,522 - INFO -   >>> Progress: 1,048,587 signatures in 160.0s (6553.12 signatures/sec)
2025-11-20 14:34:11,824 - INFO -   >>> Progress: 973,993 signatures in 160.0s (6086.97 signatures/sec)
2025-11-20 14:34:12,419 - INFO -   >>> Progress: 1,054,980 signatures in 161.0s (6552.12 signatures/sec)
2025-11-20 14:34:12,806 - INFO -   >>> Progress: 980,088 signatures in 161.0s (6087.01 signatures/sec)
2025-11-20 14:34:13,464 - INFO -   >>> Progress: 1,061,386 signatures in 162.0s (6551.22 signatures/sec)
2025-11-20 14:34:13,806 - INFO -   >>> Progress: 986,182 signatures in 162.0s (6087.05 signatures/sec)
2025-11-20 14:34:14,494 - INFO -   >>> Progress: 1,068,039 signatures in 163.0s (6551.84 signatures/sec)
2025-11-20 14:34:14,807 - INFO -   >>> Progress: 992,272 signatures in 163.0s (6087.07 signatures/sec)
2025-11-20 14:34:15,472 - INFO -   >>> Progress: 1,074,713 signatures in 164.0s (6552.58 signatures/sec)
2025-11-20 14:34:15,806 - INFO -   >>> Progress: 998,359 signatures in 164.0s (6087.06 signatures/sec)
2025-11-20 14:34:16,419 - INFO -   >>> Progress: 1,081,248 signatures in 165.0s (6552.47 signatures/sec)
2025-11-20 14:34:16,843 - INFO -   >>> Progress: 1,004,446 signatures in 165.0s (6087.06 signatures/sec)
2025-11-20 14:34:17,456 - INFO -   >>> Progress: 1,087,533 signatures in 166.0s (6550.85 signatures/sec)
2025-11-20 14:34:17,865 - INFO -   >>> Progress: 1,010,535 signatures in 166.0s (6087.07 signatures/sec)
2025-11-20 14:34:18,419 - INFO -   >>> Progress: 1,094,155 signatures in 167.0s (6551.28 signatures/sec)
2025-11-20 14:34:18,891 - INFO -   >>> Progress: 1,016,625 signatures in 167.0s (6087.08 signatures/sec)
2025-11-20 14:34:19,420 - INFO -   >>> Progress: 1,100,904 signatures in 168.0s (6552.45 signatures/sec)
2025-11-20 14:34:19,807 - INFO -   >>> Progress: 1,022,715 signatures in 168.0s (6087.10 signatures/sec)
2025-11-20 14:34:20,528 - INFO -   >>> Progress: 1,107,354 signatures in 169.0s (6551.84 signatures/sec)
2025-11-20 14:34:20,807 - INFO -   >>> Progress: 1,028,798 signatures in 169.0s (6087.07 signatures/sec)
2025-11-20 14:34:21,449 - INFO -   >>> Progress: 1,113,975 signatures in 170.0s (6552.25 signatures/sec)
2025-11-20 14:34:21,809 - INFO -   >>> Progress: 1,034,874 signatures in 170.0s (6087.00 signatures/sec)
2025-11-20 14:34:22,473 - INFO -   >>> Progress: 1,120,275 signatures in 171.0s (6550.77 signatures/sec)
2025-11-20 14:34:22,883 - INFO -   >>> Progress: 1,040,954 signatures in 171.0s (6086.96 signatures/sec)
2025-11-20 14:34:23,420 - INFO -   >>> Progress: 1,126,889 signatures in 172.0s (6551.14 signatures/sec)
2025-11-20 14:34:23,907 - INFO -   >>> Progress: 1,047,032 signatures in 172.0s (6086.90 signatures/sec)
2025-11-20 14:34:24,521 - INFO -   >>> Progress: 1,133,515 signatures in 173.0s (6551.57 signatures/sec)
2025-11-20 14:34:24,807 - INFO -   >>> Progress: 1,053,112 signatures in 173.0s (6086.86 signatures/sec)
2025-11-20 14:34:25,443 - INFO -   >>> Progress: 1,140,143 signatures in 174.0s (6552.01 signatures/sec)
2025-11-20 14:34:25,807 - INFO -   >>> Progress: 1,059,193 signatures in 174.0s (6086.82 signatures/sec)
2025-11-20 14:34:26,434 - INFO -   >>> Progress: 1,146,668 signatures in 175.0s (6551.85 signatures/sec)
2025-11-20 14:34:26,877 - INFO -   >>> Progress: 1,065,284 signatures in 175.0s (6086.84 signatures/sec)
2025-11-20 14:34:27,798 - INFO -   >>> Progress: 1,152,976 signatures in 176.0s (6550.46 signatures/sec)
2025-11-20 14:34:27,829 - INFO -   >>> Progress: 1,071,369 signatures in 176.0s (6086.83 signatures/sec)
2025-11-20 14:34:28,432 - INFO -   >>> Progress: 1,159,271 signatures in 177.0s (6549.01 signatures/sec)
2025-11-20 14:34:28,808 - INFO -   >>> Progress: 1,077,461 signatures in 177.0s (6086.85 signatures/sec)
2025-11-20 14:34:29,586 - INFO -   >>> Progress: 1,165,544 signatures in 178.0s (6547.46 signatures/sec)
2025-11-20 14:34:29,808 - INFO -   >>> Progress: 1,083,555 signatures in 178.0s (6086.89 signatures/sec)
2025-11-20 14:34:30,569 - INFO -   >>> Progress: 1,171,572 signatures in 179.0s (6544.56 signatures/sec)
2025-11-20 14:34:30,808 - INFO -   >>> Progress: 1,089,643 signatures in 179.0s (6086.89 signatures/sec)
2025-11-20 14:34:32,204 - INFO -   >>> Progress: 1,178,132 signatures in 180.0s (6544.64 signatures/sec)
2025-11-20 14:34:32,204 - INFO -   >>> Progress: 1,095,735 signatures in 180.0s (6086.92 signatures/sec)
2025-11-20 14:34:32,425 - INFO -   >>> Progress: 1,184,554 signatures in 181.0s (6543.96 signatures/sec)
2025-11-20 14:34:32,831 - INFO -   >>> Progress: 1,101,826 signatures in 181.0s (6086.94 signatures/sec)
2025-11-20 14:34:33,421 - INFO -   >>> Progress: 1,191,258 signatures in 182.0s (6544.83 signatures/sec)
2025-11-20 14:34:33,811 - INFO -   >>> Progress: 1,107,914 signatures in 182.0s (6086.94 signatures/sec)
2025-11-20 14:34:34,421 - INFO -   >>> Progress: 1,198,007 signatures in 183.0s (6545.94 signatures/sec)
2025-11-20 14:34:34,809 - INFO -   >>> Progress: 1,113,998 signatures in 183.0s (6086.93 signatures/sec)
2025-11-20 14:34:35,421 - INFO -   >>> Progress: 1,204,526 signatures in 184.0s (6545.80 signatures/sec)
2025-11-20 14:34:35,811 - INFO -   >>> Progress: 1,120,083 signatures in 184.0s (6086.91 signatures/sec)
2025-11-20 14:34:36,421 - INFO -   >>> Progress: 1,211,314 signatures in 185.0s (6547.10 signatures/sec)
2025-11-20 14:34:36,860 - INFO -   >>> Progress: 1,126,174 signatures in 185.0s (6086.93 signatures/sec)
2025-11-20 14:34:37,421 - INFO -   >>> Progress: 1,217,979 signatures in 186.0s (6547.73 signatures/sec)
2025-11-20 14:34:37,809 - INFO -   >>> Progress: 1,132,263 signatures in 186.0s (6086.94 signatures/sec)
2025-11-20 14:34:38,438 - INFO -   >>> Progress: 1,224,642 signatures in 187.0s (6548.34 signatures/sec)
2025-11-20 14:34:38,858 - INFO -   >>> Progress: 1,138,344 signatures in 187.0s (6086.90 signatures/sec)
2025-11-20 14:34:39,485 - INFO -   >>> Progress: 1,231,286 signatures in 188.0s (6548.85 signatures/sec)
2025-11-20 14:34:39,809 - INFO -   >>> Progress: 1,144,437 signatures in 188.0s (6086.93 signatures/sec)
2025-11-20 14:34:40,421 - INFO -   >>> Progress: 1,237,738 signatures in 189.0s (6548.33 signatures/sec)
2025-11-20 14:34:40,809 - INFO -   >>> Progress: 1,150,512 signatures in 189.0s (6086.86 signatures/sec)
2025-11-20 14:34:41,623 - INFO -   >>> Progress: 1,244,154 signatures in 190.0s (6547.63 signatures/sec)
2025-11-20 14:34:41,809 - INFO -   >>> Progress: 1,156,606 signatures in 190.0s (6086.90 signatures/sec)
2025-11-20 14:34:42,441 - INFO -   >>> Progress: 1,250,342 signatures in 191.0s (6545.75 signatures/sec)
2025-11-20 14:34:42,809 - INFO -   >>> Progress: 1,162,682 signatures in 191.0s (6086.84 signatures/sec)
2025-11-20 14:34:43,466 - INFO -   >>> Progress: 1,256,679 signatures in 192.0s (6544.65 signatures/sec)
2025-11-20 14:34:43,875 - INFO -   >>> Progress: 1,168,776 signatures in 192.0s (6086.87 signatures/sec)
2025-11-20 14:34:44,490 - INFO -   >>> Progress: 1,262,713 signatures in 193.0s (6542.00 signatures/sec)
2025-11-20 14:34:44,809 - INFO -   >>> Progress: 1,174,869 signatures in 193.0s (6086.91 signatures/sec)
2025-11-20 14:34:45,421 - INFO -   >>> Progress: 1,269,026 signatures in 194.0s (6540.82 signatures/sec)
2025-11-20 14:34:45,810 - INFO -   >>> Progress: 1,180,936 signatures in 194.0s (6086.80 signatures/sec)
2025-11-20 14:34:46,422 - INFO -   >>> Progress: 1,275,513 signatures in 195.0s (6540.54 signatures/sec)
2025-11-20 14:34:46,822 - INFO -   >>> Progress: 1,187,031 signatures in 195.0s (6086.84 signatures/sec)
2025-11-20 14:34:47,459 - INFO -   >>> Progress: 1,281,858 signatures in 196.0s (6539.54 signatures/sec)
2025-11-20 14:34:47,971 - INFO -   >>> Progress: 1,193,124 signatures in 196.0s (6086.87 signatures/sec)
2025-11-20 14:34:48,422 - INFO -   >>> Progress: 1,288,515 signatures in 197.0s (6540.14 signatures/sec)
2025-11-20 14:34:48,809 - INFO -   >>> Progress: 1,199,213 signatures in 197.0s (6086.88 signatures/sec)
2025-11-20 14:34:49,510 - INFO -   >>> Progress: 1,294,832 signatures in 198.0s (6539.00 signatures/sec)
2025-11-20 14:34:49,809 - INFO -   >>> Progress: 1,205,309 signatures in 198.0s (6086.93 signatures/sec)
2025-11-20 14:34:50,531 - INFO -   >>> Progress: 1,301,280 signatures in 199.0s (6538.55 signatures/sec)
2025-11-20 14:34:50,838 - INFO -   >>> Progress: 1,211,401 signatures in 199.0s (6086.95 signatures/sec)
2025-11-20 14:34:51,432 - INFO -   >>> Progress: 1,307,830 signatures in 200.0s (6538.60 signatures/sec)
2025-11-20 14:34:51,810 - INFO -   >>> Progress: 1,217,501 signatures in 200.0s (6087.01 signatures/sec)
2025-11-20 14:34:52,421 - INFO -   >>> Progress: 1,313,860 signatures in 201.0s (6536.06 signatures/sec)
2025-11-20 14:34:52,886 - INFO -   >>> Progress: 1,223,594 signatures in 201.0s (6087.04 signatures/sec)
2025-11-20 14:34:53,501 - INFO -   >>> Progress: 1,320,272 signatures in 202.0s (6535.45 signatures/sec)
2025-11-20 14:34:53,810 - INFO -   >>> Progress: 1,229,684 signatures in 202.0s (6087.05 signatures/sec)
2025-11-20 14:34:54,548 - INFO -   >>> Progress: 1,326,623 signatures in 203.0s (6534.54 signatures/sec)
2025-11-20 14:34:54,810 - INFO -   >>> Progress: 1,235,778 signatures in 203.0s (6087.08 signatures/sec)
2025-11-20 14:34:55,447 - INFO -   >>> Progress: 1,333,214 signatures in 204.0s (6534.81 signatures/sec)
2025-11-20 14:34:55,811 - INFO -   >>> Progress: 1,241,874 signatures in 204.0s (6087.12 signatures/sec)
2025-11-20 14:34:56,471 - INFO -   >>> Progress: 1,339,771 signatures in 205.0s (6534.92 signatures/sec)
2025-11-20 14:34:56,810 - INFO -   >>> Progress: 1,247,973 signatures in 205.0s (6087.17 signatures/sec)
2025-11-20 14:34:57,494 - INFO -   >>> Progress: 1,346,256 signatures in 206.0s (6534.68 signatures/sec)
2025-11-20 14:34:57,904 - INFO -   >>> Progress: 1,254,068 signatures in 206.0s (6087.21 signatures/sec)
2025-11-20 14:34:58,519 - INFO -   >>> Progress: 1,352,863 signatures in 207.0s (6535.02 signatures/sec)
2025-11-20 14:34:58,928 - INFO -   >>> Progress: 1,260,164 signatures in 207.0s (6087.25 signatures/sec)
2025-11-20 14:34:59,448 - INFO -   >>> Progress: 1,359,525 signatures in 208.0s (6535.63 signatures/sec)
2025-11-20 14:34:59,812 - INFO -   >>> Progress: 1,266,257 signatures in 208.0s (6087.27 signatures/sec)
2025-11-20 14:35:00,464 - INFO -   >>> Progress: 1,365,930 signatures in 209.0s (6535.00 signatures/sec)
2025-11-20 14:35:00,812 - INFO -   >>> Progress: 1,272,286 signatures in 209.0s (6086.99 signatures/sec)
2025-11-20 14:35:01,590 - INFO -   >>> Progress: 1,372,379 signatures in 210.0s (6534.59 signatures/sec)
2025-11-20 14:35:01,810 - INFO -   >>> Progress: 1,278,358 signatures in 210.0s (6086.92 signatures/sec)
2025-11-20 14:35:02,614 - INFO -   >>> Progress: 1,378,579 signatures in 211.0s (6533.00 signatures/sec)
2025-11-20 14:35:02,810 - INFO -   >>> Progress: 1,284,442 signatures in 211.0s (6086.91 signatures/sec)
2025-11-20 14:35:03,638 - INFO -   >>> Progress: 1,385,194 signatures in 212.0s (6533.38 signatures/sec)
2025-11-20 14:35:03,810 - INFO -   >>> Progress: 1,290,528 signatures in 212.0s (6086.90 signatures/sec)
2025-11-20 14:35:04,423 - INFO -   >>> Progress: 1,391,714 signatures in 213.0s (6533.32 signatures/sec)
2025-11-20 14:35:04,811 - INFO -   >>> Progress: 1,296,613 signatures in 213.0s (6086.89 signatures/sec)
2025-11-20 14:35:05,423 - INFO -   >>> Progress: 1,397,989 signatures in 214.0s (6532.11 signatures/sec)
2025-11-20 14:35:05,811 - INFO -   >>> Progress: 1,302,698 signatures in 214.0s (6086.87 signatures/sec)
2025-11-20 14:35:06,508 - INFO -   >>> Progress: 1,404,570 signatures in 215.0s (6532.33 signatures/sec)
2025-11-20 14:35:06,811 - INFO -   >>> Progress: 1,308,788 signatures in 215.0s (6086.89 signatures/sec)
2025-11-20 14:35:07,529 - INFO -   >>> Progress: 1,411,076 signatures in 216.0s (6532.21 signatures/sec)
2025-11-20 14:35:07,811 - INFO -   >>> Progress: 1,314,884 signatures in 216.0s (6086.93 signatures/sec)
2025-11-20 14:35:08,451 - INFO -   >>> Progress: 1,417,534 signatures in 217.0s (6531.87 signatures/sec)
2025-11-20 14:35:08,861 - INFO -   >>> Progress: 1,320,972 signatures in 217.0s (6086.93 signatures/sec)
2025-11-20 14:35:09,475 - INFO -   >>> Progress: 1,424,104 signatures in 218.0s (6532.04 signatures/sec)
2025-11-20 14:35:09,893 - INFO -   >>> Progress: 1,327,064 signatures in 218.0s (6086.95 signatures/sec)
2025-11-20 14:35:10,500 - INFO -   >>> Progress: 1,430,418 signatures in 219.0s (6531.04 signatures/sec)
2025-11-20 14:35:11,011 - INFO -   >>> Progress: 1,333,148 signatures in 219.0s (6086.93 signatures/sec)
2025-11-20 14:35:11,464 - INFO -   >>> Progress: 1,436,825 signatures in 220.0s (6530.48 signatures/sec)
2025-11-20 14:35:11,831 - INFO -   >>> Progress: 1,339,240 signatures in 220.0s (6086.96 signatures/sec)
2025-11-20 14:35:12,524 - INFO -   >>> Progress: 1,443,375 signatures in 221.0s (6530.56 signatures/sec)
2025-11-20 14:35:12,854 - INFO -   >>> Progress: 1,345,325 signatures in 221.0s (6086.94 signatures/sec)
2025-11-20 14:35:13,469 - INFO -   >>> Progress: 1,450,033 signatures in 222.0s (6531.14 signatures/sec)
2025-11-20 14:35:13,878 - INFO -   >>> Progress: 1,351,414 signatures in 222.0s (6086.95 signatures/sec)
2025-11-20 14:35:14,494 - INFO -   >>> Progress: 1,456,704 signatures in 223.0s (6531.76 signatures/sec)
2025-11-20 14:35:14,812 - INFO -   >>> Progress: 1,357,505 signatures in 223.0s (6086.97 signatures/sec)
2025-11-20 14:35:15,458 - INFO -   >>> Progress: 1,462,998 signatures in 224.0s (6530.70 signatures/sec)
2025-11-20 14:35:15,811 - INFO -   >>> Progress: 1,363,599 signatures in 224.0s (6087.00 signatures/sec)
2025-11-20 14:35:16,424 - INFO -   >>> Progress: 1,469,688 signatures in 225.0s (6531.40 signatures/sec)
2025-11-20 14:35:16,811 - INFO -   >>> Progress: 1,369,696 signatures in 225.0s (6087.04 signatures/sec)
2025-11-20 14:35:17,462 - INFO -   >>> Progress: 1,476,177 signatures in 226.0s (6531.21 signatures/sec)
2025-11-20 14:35:17,873 - INFO -   >>> Progress: 1,375,791 signatures in 226.0s (6087.08 signatures/sec)
2025-11-20 14:35:18,424 - INFO -   >>> Progress: 1,482,830 signatures in 227.0s (6531.75 signatures/sec)
2025-11-20 14:35:18,896 - INFO -   >>> Progress: 1,381,883 signatures in 227.0s (6087.10 signatures/sec)
2025-11-20 14:35:19,511 - INFO -   >>> Progress: 1,489,435 signatures in 228.0s (6532.07 signatures/sec)
2025-11-20 14:35:19,812 - INFO -   >>> Progress: 1,387,973 signatures in 228.0s (6087.11 signatures/sec)
2025-11-20 14:35:20,432 - INFO -   >>> Progress: 1,496,028 signatures in 229.0s (6532.33 signatures/sec)
2025-11-20 14:35:20,812 - INFO -   >>> Progress: 1,394,057 signatures in 229.0s (6087.09 signatures/sec)
2025-11-20 14:35:21,456 - INFO -   >>> Progress: 1,502,754 signatures in 230.0s (6533.17 signatures/sec)
2025-11-20 14:35:21,812 - INFO -   >>> Progress: 1,400,154 signatures in 230.0s (6087.13 signatures/sec)
2025-11-20 14:35:22,424 - INFO -   >>> Progress: 1,509,424 signatures in 231.0s (6533.76 signatures/sec)
2025-11-20 14:35:22,890 - INFO -   >>> Progress: 1,406,243 signatures in 231.0s (6087.13 signatures/sec)
2025-11-20 14:35:23,504 - INFO -   >>> Progress: 1,516,082 signatures in 232.0s (6534.29 signatures/sec)
2025-11-20 14:35:23,914 - INFO -   >>> Progress: 1,412,291 signatures in 232.0s (6086.97 signatures/sec)
2025-11-20 14:35:24,528 - INFO -   >>> Progress: 1,522,818 signatures in 233.0s (6535.16 signatures/sec)
2025-11-20 14:35:24,812 - INFO -   >>> Progress: 1,418,296 signatures in 233.0s (6086.61 signatures/sec)
2025-11-20 14:35:25,424 - INFO -   >>> Progress: 1,529,493 signatures in 234.0s (6535.75 signatures/sec)
2025-11-20 14:35:25,812 - INFO -   >>> Progress: 1,424,312 signatures in 234.0s (6086.31 signatures/sec)
2025-11-20 14:35:26,474 - INFO -   >>> Progress: 1,536,056 signatures in 235.0s (6535.87 signatures/sec)
2025-11-20 14:35:26,812 - INFO -   >>> Progress: 1,430,393 signatures in 235.0s (6086.28 signatures/sec)
2025-11-20 14:35:27,499 - INFO -   >>> Progress: 1,542,489 signatures in 236.0s (6535.43 signatures/sec)
2025-11-20 14:35:27,812 - INFO -   >>> Progress: 1,436,459 signatures in 236.0s (6086.19 signatures/sec)
2025-11-20 14:35:28,522 - INFO -   >>> Progress: 1,549,144 signatures in 237.0s (6535.93 signatures/sec)
2025-11-20 14:35:28,812 - INFO -   >>> Progress: 1,442,500 signatures in 237.0s (6086.00 signatures/sec)
2025-11-20 14:35:29,425 - INFO -   >>> Progress: 1,555,627 signatures in 238.0s (6535.71 signatures/sec)
2025-11-20 14:35:29,821 - INFO -   >>> Progress: 1,448,582 signatures in 238.0s (6085.98 signatures/sec)
2025-11-20 14:35:30,425 - INFO -   >>> Progress: 1,561,841 signatures in 239.0s (6534.36 signatures/sec)
2025-11-20 14:35:30,820 - INFO -   >>> Progress: 1,454,669 signatures in 239.0s (6085.99 signatures/sec)
2025-11-20 14:35:31,492 - INFO -   >>> Progress: 1,568,472 signatures in 240.0s (6534.76 signatures/sec)
2025-11-20 14:35:31,812 - INFO -   >>> Progress: 1,460,762 signatures in 240.0s (6086.01 signatures/sec)
2025-11-20 14:35:32,516 - INFO -   >>> Progress: 1,574,873 signatures in 241.0s (6534.20 signatures/sec)
2025-11-20 14:35:32,825 - INFO -   >>> Progress: 1,466,855 signatures in 241.0s (6086.04 signatures/sec)
2025-11-20 14:35:33,437 - INFO -   >>> Progress: 1,581,237 signatures in 242.0s (6533.50 signatures/sec)
2025-11-20 14:35:33,847 - INFO -   >>> Progress: 1,472,951 signatures in 242.0s (6086.08 signatures/sec)
2025-11-20 14:35:34,462 - INFO -   >>> Progress: 1,587,551 signatures in 243.0s (6532.59 signatures/sec)
2025-11-20 14:35:34,812 - INFO -   >>> Progress: 1,479,048 signatures in 243.0s (6086.12 signatures/sec)
2025-11-20 14:35:35,425 - INFO -   >>> Progress: 1,593,887 signatures in 244.0s (6531.78 signatures/sec)
2025-11-20 14:35:35,894 - INFO -   >>> Progress: 1,485,129 signatures in 244.0s (6086.10 signatures/sec)
2025-11-20 14:35:36,611 - INFO -   >>> Progress: 1,600,603 signatures in 245.0s (6532.53 signatures/sec)
2025-11-20 14:35:36,812 - INFO -   >>> Progress: 1,491,224 signatures in 245.0s (6086.14 signatures/sec)
2025-11-20 14:35:37,426 - INFO -   >>> Progress: 1,607,366 signatures in 246.0s (6533.47 signatures/sec)
2025-11-20 14:35:37,840 - INFO -   >>> Progress: 1,497,318 signatures in 246.0s (6086.16 signatures/sec)
2025-11-20 14:35:38,454 - INFO -   >>> Progress: 1,614,109 signatures in 247.0s (6534.31 signatures/sec)
2025-11-20 14:35:38,813 - INFO -   >>> Progress: 1,502,918 signatures in 247.0s (6084.19 signatures/sec)
2025-11-20 14:35:39,481 - INFO -   >>> Progress: 1,620,706 signatures in 248.0s (6534.57 signatures/sec)
2025-11-20 14:35:39,813 - INFO -   >>> Progress: 1,508,632 signatures in 248.0s (6082.70 signatures/sec)
2025-11-20 14:35:40,425 - INFO -   >>> Progress: 1,627,402 signatures in 249.0s (6535.21 signatures/sec)
2025-11-20 14:35:40,912 - INFO -   >>> Progress: 1,514,722 signatures in 249.0s (6082.73 signatures/sec)
2025-11-20 14:35:41,527 - INFO -   >>> Progress: 1,634,089 signatures in 250.0s (6535.82 signatures/sec)
2025-11-20 14:35:41,813 - INFO -   >>> Progress: 1,520,812 signatures in 250.0s (6082.76 signatures/sec)
2025-11-20 14:35:42,431 - INFO -   >>> Progress: 1,640,585 signatures in 251.0s (6535.65 signatures/sec)
2025-11-20 14:35:42,857 - INFO -   >>> Progress: 1,526,883 signatures in 251.0s (6082.71 signatures/sec)
2025-11-20 14:35:43,472 - INFO -   >>> Progress: 1,647,284 signatures in 252.0s (6536.30 signatures/sec)
2025-11-20 14:35:43,812 - INFO -   >>> Progress: 1,532,980 signatures in 252.0s (6082.76 signatures/sec)
2025-11-20 14:35:44,719 - INFO -   >>> Progress: 1,653,848 signatures in 253.0s (6536.41 signatures/sec)
2025-11-20 14:35:45,107 - INFO -   >>> Progress: 1,539,063 signatures in 253.0s (6082.76 signatures/sec)
2025-11-20 14:35:45,630 - INFO -   >>> Progress: 1,660,413 signatures in 254.0s (6536.52 signatures/sec)
2025-11-20 14:35:45,813 - INFO -   >>> Progress: 1,545,109 signatures in 254.0s (6082.62 signatures/sec)
2025-11-20 14:35:46,442 - INFO -   >>> Progress: 1,667,011 signatures in 255.0s (6536.76 signatures/sec)
2025-11-20 14:35:46,813 - INFO -   >>> Progress: 1,551,189 signatures in 255.0s (6082.60 signatures/sec)
2025-11-20 14:35:47,426 - INFO -   >>> Progress: 1,673,243 signatures in 256.0s (6535.57 signatures/sec)
2025-11-20 14:35:47,858 - INFO -   >>> Progress: 1,557,286 signatures in 256.0s (6082.66 signatures/sec)
2025-11-20 14:35:48,430 - INFO -   >>> Progress: 1,679,696 signatures in 257.0s (6535.24 signatures/sec)
2025-11-20 14:35:48,813 - INFO -   >>> Progress: 1,563,376 signatures in 257.0s (6082.69 signatures/sec)
2025-11-20 14:35:49,428 - INFO -   >>> Progress: 1,686,268 signatures in 258.0s (6535.39 signatures/sec)
2025-11-20 14:35:49,813 - INFO -   >>> Progress: 1,569,472 signatures in 258.0s (6082.74 signatures/sec)
2025-11-20 14:35:50,480 - INFO -   >>> Progress: 1,692,858 signatures in 259.0s (6535.59 signatures/sec)
2025-11-20 14:35:50,813 - INFO -   >>> Progress: 1,575,561 signatures in 259.0s (6082.76 signatures/sec)
2025-11-20 14:35:51,425 - INFO -   >>> Progress: 1,699,533 signatures in 260.0s (6536.13 signatures/sec)
2025-11-20 14:35:51,856 - INFO -   >>> Progress: 1,581,645 signatures in 260.0s (6082.76 signatures/sec)
2025-11-20 14:35:52,425 - INFO -   >>> Progress: 1,706,235 signatures in 261.0s (6536.76 signatures/sec)
2025-11-20 14:35:52,912 - INFO -   >>> Progress: 1,587,714 signatures in 261.0s (6082.71 signatures/sec)
2025-11-20 14:35:53,431 - INFO -   >>> Progress: 1,712,979 signatures in 262.0s (6537.55 signatures/sec)
2025-11-20 14:35:53,813 - INFO -   >>> Progress: 1,593,787 signatures in 262.0s (6082.67 signatures/sec)
2025-11-20 14:35:54,477 - INFO -   >>> Progress: 1,719,746 signatures in 263.0s (6538.42 signatures/sec)
2025-11-20 14:35:54,814 - INFO -   >>> Progress: 1,599,875 signatures in 263.0s (6082.69 signatures/sec)
2025-11-20 14:35:55,435 - INFO -   >>> Progress: 1,726,493 signatures in 264.0s (6539.21 signatures/sec)
2025-11-20 14:35:55,817 - INFO -   >>> Progress: 1,605,953 signatures in 264.0s (6082.67 signatures/sec)
2025-11-20 14:35:56,426 - INFO -   >>> Progress: 1,733,229 signatures in 265.0s (6539.95 signatures/sec)
2025-11-20 14:35:56,814 - INFO -   >>> Progress: 1,612,032 signatures in 265.0s (6082.65 signatures/sec)
2025-11-20 14:35:57,426 - INFO -   >>> Progress: 1,740,008 signatures in 266.0s (6540.85 signatures/sec)
2025-11-20 14:35:57,838 - INFO -   >>> Progress: 1,618,116 signatures in 266.0s (6082.66 signatures/sec)
2025-11-20 14:35:58,439 - INFO -   >>> Progress: 1,746,773 signatures in 267.0s (6541.68 signatures/sec)
2025-11-20 14:35:58,874 - INFO -   >>> Progress: 1,624,205 signatures in 267.0s (6082.68 signatures/sec)
2025-11-20 14:35:59,426 - INFO -   >>> Progress: 1,753,534 signatures in 268.0s (6542.50 signatures/sec)
2025-11-20 14:35:59,813 - INFO -   >>> Progress: 1,630,293 signatures in 268.0s (6082.70 signatures/sec)
2025-11-20 14:36:00,447 - INFO -   >>> Progress: 1,760,065 signatures in 269.0s (6542.46 signatures/sec)
2025-11-20 14:36:00,814 - INFO -   >>> Progress: 1,636,323 signatures in 269.0s (6082.50 signatures/sec)
2025-11-20 14:36:01,495 - INFO -   >>> Progress: 1,766,496 signatures in 270.0s (6542.04 signatures/sec)
2025-11-20 14:36:01,824 - INFO -   >>> Progress: 1,642,403 signatures in 270.0s (6082.49 signatures/sec)
2025-11-20 14:36:02,426 - INFO -   >>> Progress: 1,773,189 signatures in 271.0s (6542.60 signatures/sec)
2025-11-20 14:36:02,873 - INFO -   >>> Progress: 1,648,490 signatures in 271.0s (6082.51 signatures/sec)
2025-11-20 14:36:03,426 - INFO -   >>> Progress: 1,779,964 signatures in 272.0s (6543.45 signatures/sec)
2025-11-20 14:36:03,814 - INFO -   >>> Progress: 1,654,579 signatures in 272.0s (6082.53 signatures/sec)
2025-11-20 14:36:04,444 - INFO -   >>> Progress: 1,786,628 signatures in 273.0s (6543.89 signatures/sec)
2025-11-20 14:36:04,814 - INFO -   >>> Progress: 1,660,667 signatures in 273.0s (6082.54 signatures/sec)
2025-11-20 14:36:05,490 - INFO -   >>> Progress: 1,793,244 signatures in 274.0s (6544.15 signatures/sec)
2025-11-20 14:36:05,902 - INFO -   >>> Progress: 1,666,754 signatures in 274.0s (6082.56 signatures/sec)
2025-11-20 14:36:06,426 - INFO -   >>> Progress: 1,799,902 signatures in 275.0s (6544.56 signatures/sec)
2025-11-20 14:36:06,895 - INFO -   >>> Progress: 1,672,849 signatures in 275.0s (6082.60 signatures/sec)
2025-11-20 14:36:07,433 - INFO -   >>> Progress: 1,806,680 signatures in 276.0s (6545.40 signatures/sec)
2025-11-20 14:36:07,814 - INFO -   >>> Progress: 1,678,945 signatures in 276.0s (6082.65 signatures/sec)
2025-11-20 14:36:08,457 - INFO -   >>> Progress: 1,813,342 signatures in 277.0s (6545.82 signatures/sec)
2025-11-20 14:36:08,814 - INFO -   >>> Progress: 1,685,027 signatures in 277.0s (6082.65 signatures/sec)
2025-11-20 14:36:09,482 - INFO -   >>> Progress: 1,820,026 signatures in 278.0s (6546.32 signatures/sec)
2025-11-20 14:36:09,815 - INFO -   >>> Progress: 1,691,095 signatures in 278.0s (6082.59 signatures/sec)
2025-11-20 14:36:10,506 - INFO -   >>> Progress: 1,826,567 signatures in 279.0s (6546.30 signatures/sec)
2025-11-20 14:36:10,815 - INFO -   >>> Progress: 1,697,175 signatures in 279.0s (6082.58 signatures/sec)
2025-11-20 14:36:11,427 - INFO -   >>> Progress: 1,833,104 signatures in 280.0s (6546.26 signatures/sec)
2025-11-20 14:36:11,836 - INFO -   >>> Progress: 1,703,260 signatures in 280.0s (6082.59 signatures/sec)
2025-11-20 14:36:12,428 - INFO -   >>> Progress: 1,839,621 signatures in 281.0s (6546.15 signatures/sec)
2025-11-20 14:36:12,834 - INFO -   >>> Progress: 1,709,346 signatures in 281.0s (6082.60 signatures/sec)
2025-11-20 14:36:13,428 - INFO -   >>> Progress: 1,846,414 signatures in 282.0s (6547.03 signatures/sec)
2025-11-20 14:36:13,884 - INFO -   >>> Progress: 1,715,407 signatures in 282.0s (6082.52 signatures/sec)
2025-11-20 14:36:14,428 - INFO -   >>> Progress: 1,852,964 signatures in 283.0s (6547.04 signatures/sec)
2025-11-20 14:36:15,011 - INFO -   >>> Progress: 1,721,455 signatures in 283.0s (6082.40 signatures/sec)
2025-11-20 14:36:15,456 - INFO -   >>> Progress: 1,859,424 signatures in 284.0s (6546.73 signatures/sec)
2025-11-20 14:36:15,815 - INFO -   >>> Progress: 1,727,524 signatures in 284.0s (6082.35 signatures/sec)
2025-11-20 14:36:16,505 - INFO -   >>> Progress: 1,866,115 signatures in 285.0s (6547.23 signatures/sec)
2025-11-20 14:36:16,864 - INFO -   >>> Progress: 1,733,605 signatures in 285.0s (6082.34 signatures/sec)
2025-11-20 14:36:17,437 - INFO -   >>> Progress: 1,872,815 signatures in 286.0s (6547.76 signatures/sec)
2025-11-20 14:36:17,814 - INFO -   >>> Progress: 1,739,696 signatures in 286.0s (6082.37 signatures/sec)
2025-11-20 14:36:18,493 - INFO -   >>> Progress: 1,879,541 signatures in 287.0s (6548.38 signatures/sec)
2025-11-20 14:36:18,905 - INFO -   >>> Progress: 1,745,779 signatures in 287.0s (6082.37 signatures/sec)
2025-11-20 14:36:19,516 - INFO -   >>> Progress: 1,886,120 signatures in 288.0s (6548.49 signatures/sec)
2025-11-20 14:36:19,815 - INFO -   >>> Progress: 1,751,872 signatures in 288.0s (6082.41 signatures/sec)
2025-11-20 14:36:20,427 - INFO -   >>> Progress: 1,892,753 signatures in 289.0s (6548.78 signatures/sec)
2025-11-20 14:36:20,815 - INFO -   >>> Progress: 1,757,948 signatures in 289.0s (6082.38 signatures/sec)
2025-11-20 14:36:21,432 - INFO -   >>> Progress: 1,899,317 signatures in 290.0s (6548.73 signatures/sec)
2025-11-20 14:36:21,815 - INFO -   >>> Progress: 1,764,030 signatures in 290.0s (6082.38 signatures/sec)
2025-11-20 14:36:22,486 - INFO -   >>> Progress: 1,905,882 signatures in 291.0s (6548.79 signatures/sec)
2025-11-20 14:36:22,816 - INFO -   >>> Progress: 1,770,079 signatures in 291.0s (6082.26 signatures/sec)
2025-11-20 14:36:23,510 - INFO -   >>> Progress: 1,912,478 signatures in 292.0s (6548.95 signatures/sec)
2025-11-20 14:36:23,877 - INFO -   >>> Progress: 1,776,168 signatures in 292.0s (6082.29 signatures/sec)
2025-11-20 14:36:24,534 - INFO -   >>> Progress: 1,919,145 signatures in 293.0s (6549.35 signatures/sec)
2025-11-20 14:36:24,893 - INFO -   >>> Progress: 1,782,239 signatures in 293.0s (6082.25 signatures/sec)
2025-11-20 14:36:25,432 - INFO -   >>> Progress: 1,925,788 signatures in 294.0s (6549.66 signatures/sec)
2025-11-20 14:36:25,968 - INFO -   >>> Progress: 1,788,290 signatures in 294.0s (6082.14 signatures/sec)
2025-11-20 14:36:26,466 - INFO -   >>> Progress: 1,932,481 signatures in 295.0s (6550.15 signatures/sec)
2025-11-20 14:36:26,816 - INFO -   >>> Progress: 1,794,350 signatures in 295.0s (6082.06 signatures/sec)
2025-11-20 14:36:27,606 - INFO -   >>> Progress: 1,939,036 signatures in 296.0s (6550.16 signatures/sec)
2025-11-20 14:36:27,815 - INFO -   >>> Progress: 1,800,446 signatures in 296.0s (6082.11 signatures/sec)
2025-11-20 14:36:28,630 - INFO -   >>> Progress: 1,945,621 signatures in 297.0s (6550.28 signatures/sec)
2025-11-20 14:36:28,815 - INFO -   >>> Progress: 1,806,525 signatures in 297.0s (6082.10 signatures/sec)
2025-11-20 14:36:29,450 - INFO -   >>> Progress: 1,951,983 signatures in 298.0s (6549.64 signatures/sec)
2025-11-20 14:36:29,816 - INFO -   >>> Progress: 1,812,336 signatures in 298.0s (6081.18 signatures/sec)
2025-11-20 14:36:30,433 - INFO -   >>> Progress: 1,958,337 signatures in 299.0s (6548.99 signatures/sec)
2025-11-20 14:36:30,815 - INFO -   >>> Progress: 1,818,229 signatures in 299.0s (6080.55 signatures/sec)
2025-11-20 14:36:31,431 - INFO - [4/12] ✓ Benchmark completed: t3.2xlarge / pos
2025-11-20 14:36:31,431 - INFO - [4/12]   Work units: 1964782
2025-11-20 14:36:31,431 - INFO - [4/12]   Throughput: 6549.27 work/sec
2025-11-20 14:36:31,431 - INFO - [4/12]   Energy: 0.00 Joules
2025-11-20 14:36:31,431 - INFO - [4/12]   Efficiency: 0.0000 Joules/work
2025-11-20 14:36:31,431 - INFO - --- [3/6] Running bft on t3.2xlarge ---
2025-11-20 14:36:31,431 - INFO - [5/12] Starting benchmark: t3.2xlarge / bft
2025-11-20 14:36:31,432 - INFO - [5/12] Deploying workload bft to 44.222.171.117...
2025-11-20 14:36:31,601 - INFO - Connected (version 2.0, client OpenSSH_8.7)
2025-11-20 14:36:31,820 - INFO - [5/12] ✓ Benchmark completed: t4g.2xlarge / pos
2025-11-20 14:36:31,820 - INFO - [5/12]   Work units: 1824153
2025-11-20 14:36:31,820 - INFO - [5/12]   Throughput: 6080.51 work/sec
2025-11-20 14:36:31,820 - INFO - [5/12]   Energy: 0.00 Joules
2025-11-20 14:36:31,820 - INFO - [5/12]   Efficiency: 0.0000 Joules/work
2025-11-20 14:36:31,820 - INFO - --- [3/6] Running bft on t4g.2xlarge ---
2025-11-20 14:36:31,820 - INFO - [6/12] Starting benchmark: t4g.2xlarge / bft
2025-11-20 14:36:31,820 - INFO - [6/12] Deploying workload bft to 34.224.26.127...
2025-11-20 14:36:31,896 - INFO - Authentication (publickey) successful!
2025-11-20 14:36:31,979 - INFO - Connected (version 2.0, client OpenSSH_8.7)
2025-11-20 14:36:32,280 - INFO - Authentication (publickey) successful!
2025-11-20 14:36:32,383 - INFO - [chan 1] Opened sftp connection (server version 3)
2025-11-20 14:36:32,614 - INFO - [chan 1] sftp session closed.
2025-11-20 14:36:32,615 - INFO - [5/12] Starting metric collection...
2025-11-20 14:36:32,616 - INFO - [5/12] Running workload bft for 300 seconds (warmup: 30s)...
2025-11-20 14:36:32,616 - INFO - [5/12] Workload will output progress every second during measurement period
2025-11-20 14:36:32,787 - INFO - [chan 1] Opened sftp connection (server version 3)
2025-11-20 14:36:32,788 - INFO - Connected (version 2.0, client OpenSSH_8.7)
2025-11-20 14:36:33,012 - INFO - [chan 1] sftp session closed.
2025-11-20 14:36:33,012 - INFO - [6/12] Starting metric collection...
2025-11-20 14:36:33,013 - INFO - [6/12] Running workload bft for 300 seconds (warmup: 30s)...
2025-11-20 14:36:33,013 - INFO - [6/12] Workload will output progress every second during measurement period
2025-11-20 14:36:33,096 - INFO - Authentication (publickey) successful!
2025-11-20 14:36:33,185 - INFO - Connected (version 2.0, client OpenSSH_8.7)
2025-11-20 14:36:33,289 - INFO -   >>> Executing command on instance: cd /tmp/benchmark && python3 bft.py 30 300 4 1 1024
2025-11-20 14:36:33,289 - INFO -   >>> Waiting for output from 44.222.171.117...
2025-11-20 14:36:33,458 - INFO - Authentication (publickey) successful!
2025-11-20 14:36:33,611 - INFO -   >>> Executing command on instance: cd /tmp/benchmark && python3 bft.py 30 300 4 1 1024
2025-11-20 14:36:33,611 - INFO -   >>> Waiting for output from 34.224.26.127...
2025-11-20 14:37:04,419 - INFO -   >>> Progress: 138,263 rounds in 1.0s (138262.57 rounds/sec)
2025-11-20 14:37:04,655 - INFO -   >>> Progress: 173,737 rounds in 1.0s (173736.92 rounds/sec)
2025-11-20 14:37:05,343 - INFO -   >>> Progress: 275,236 rounds in 2.0s (137617.69 rounds/sec)
2025-11-20 14:37:05,698 - INFO -   >>> Progress: 349,162 rounds in 2.0s (174580.73 rounds/sec)
2025-11-20 14:37:06,342 - INFO -   >>> Progress: 415,668 rounds in 3.0s (138555.71 rounds/sec)
2025-11-20 14:37:06,723 - INFO -   >>> Progress: 525,475 rounds in 3.0s (175157.96 rounds/sec)
2025-11-20 14:37:07,366 - INFO -   >>> Progress: 553,642 rounds in 4.0s (138410.19 rounds/sec)
2025-11-20 14:37:07,655 - INFO -   >>> Progress: 702,201 rounds in 4.0s (175549.77 rounds/sec)
2025-11-20 14:37:08,416 - INFO -   >>> Progress: 696,192 rounds in 5.0s (139238.00 rounds/sec)
2025-11-20 14:37:08,656 - INFO -   >>> Progress: 874,477 rounds in 5.0s (174894.86 rounds/sec)
2025-11-20 14:37:09,342 - INFO -   >>> Progress: 837,419 rounds in 6.0s (139569.47 rounds/sec)
2025-11-20 14:37:09,659 - INFO -   >>> Progress: 1,050,108 rounds in 6.0s (175017.50 rounds/sec)
2025-11-20 14:37:10,342 - INFO -   >>> Progress: 978,155 rounds in 7.0s (139736.10 rounds/sec)
2025-11-20 14:37:10,707 - INFO -   >>> Progress: 1,224,965 rounds in 7.0s (174994.49 rounds/sec)
2025-11-20 14:37:11,341 - INFO -   >>> Progress: 1,119,390 rounds in 8.0s (139923.45 rounds/sec)
2025-11-20 14:37:11,656 - INFO -   >>> Progress: 1,399,895 rounds in 8.0s (174986.42 rounds/sec)
2025-11-20 14:37:12,342 - INFO -   >>> Progress: 1,259,626 rounds in 9.0s (139957.03 rounds/sec)
2025-11-20 14:37:12,656 - INFO -   >>> Progress: 1,575,437 rounds in 9.0s (175048.11 rounds/sec)
2025-11-20 14:37:13,341 - INFO -   >>> Progress: 1,399,649 rounds in 10.0s (139963.57 rounds/sec)
2025-11-20 14:37:13,656 - INFO -   >>> Progress: 1,751,297 rounds in 10.0s (175129.25 rounds/sec)
2025-11-20 14:37:14,377 - INFO -   >>> Progress: 1,539,701 rounds in 11.0s (139971.58 rounds/sec)
2025-11-20 14:37:14,706 - INFO -   >>> Progress: 1,927,250 rounds in 11.0s (175204.08 rounds/sec)
2025-11-20 14:37:15,429 - INFO -   >>> Progress: 1,673,991 rounds in 12.0s (139498.08 rounds/sec)
2025-11-20 14:37:15,655 - INFO -   >>> Progress: 2,102,560 rounds in 12.0s (175212.89 rounds/sec)
2025-11-20 14:37:16,343 - INFO -   >>> Progress: 1,812,897 rounds in 13.0s (139452.49 rounds/sec)
2025-11-20 14:37:16,655 - INFO -   >>> Progress: 2,278,645 rounds in 13.0s (175279.95 rounds/sec)
2025-11-20 14:37:17,341 - INFO -   >>> Progress: 1,952,213 rounds in 14.0s (139442.74 rounds/sec)
2025-11-20 14:37:17,655 - INFO -   >>> Progress: 2,454,450 rounds in 14.0s (175317.39 rounds/sec)
2025-11-20 14:37:18,375 - INFO -   >>> Progress: 2,088,653 rounds in 15.0s (139242.55 rounds/sec)
2025-11-20 14:37:18,655 - INFO -   >>> Progress: 2,629,777 rounds in 15.0s (175317.99 rounds/sec)
2025-11-20 14:37:19,428 - INFO -   >>> Progress: 2,227,654 rounds in 16.0s (139227.43 rounds/sec)
2025-11-20 14:37:19,655 - INFO -   >>> Progress: 2,805,651 rounds in 16.0s (175352.72 rounds/sec)
2025-11-20 14:37:20,357 - INFO -   >>> Progress: 2,368,535 rounds in 17.0s (139324.65 rounds/sec)
2025-11-20 14:37:20,675 - INFO -   >>> Progress: 2,980,875 rounds in 17.0s (175345.12 rounds/sec)
2025-11-20 14:37:21,341 - INFO -   >>> Progress: 2,507,714 rounds in 18.0s (139316.53 rounds/sec)
2025-11-20 14:37:21,722 - INFO -   >>> Progress: 3,156,712 rounds in 18.0s (175372.42 rounds/sec)
2025-11-20 14:37:22,341 - INFO -   >>> Progress: 2,649,480 rounds in 19.0s (139445.44 rounds/sec)
2025-11-20 14:37:22,655 - INFO -   >>> Progress: 3,331,463 rounds in 19.0s (175339.69 rounds/sec)
2025-11-20 14:37:23,341 - INFO -   >>> Progress: 2,791,342 rounds in 20.0s (139566.24 rounds/sec)
2025-11-20 14:37:23,655 - INFO -   >>> Progress: 3,506,664 rounds in 20.0s (175332.72 rounds/sec)
2025-11-20 14:37:24,343 - INFO -   >>> Progress: 2,932,662 rounds in 21.0s (139649.71 rounds/sec)
2025-11-20 14:37:24,673 - INFO -   >>> Progress: 3,681,904 rounds in 21.0s (175328.29 rounds/sec)
2025-11-20 14:37:25,392 - INFO -   >>> Progress: 3,073,781 rounds in 22.0s (139716.47 rounds/sec)
2025-11-20 14:37:25,719 - INFO -   >>> Progress: 3,857,761 rounds in 22.0s (175352.28 rounds/sec)
2025-11-20 14:37:26,341 - INFO -   >>> Progress: 3,215,256 rounds in 23.0s (139792.93 rounds/sec)
2025-11-20 14:37:26,655 - INFO -   >>> Progress: 4,033,590 rounds in 23.0s (175373.01 rounds/sec)
2025-11-20 14:37:27,342 - INFO -   >>> Progress: 3,356,898 rounds in 24.0s (139869.96 rounds/sec)
2025-11-20 14:37:27,655 - INFO -   >>> Progress: 4,209,134 rounds in 24.0s (175380.11 rounds/sec)
2025-11-20 14:37:28,341 - INFO -   >>> Progress: 3,498,699 rounds in 25.0s (139947.18 rounds/sec)
2025-11-20 14:37:28,655 - INFO -   >>> Progress: 4,384,735 rounds in 25.0s (175388.92 rounds/sec)
2025-11-20 14:37:29,391 - INFO -   >>> Progress: 3,640,250 rounds in 26.0s (140008.86 rounds/sec)
2025-11-20 14:37:29,655 - INFO -   >>> Progress: 4,560,349 rounds in 26.0s (175397.54 rounds/sec)
2025-11-20 14:37:30,479 - INFO -   >>> Progress: 3,781,859 rounds in 27.0s (140068.12 rounds/sec)
2025-11-20 14:37:30,655 - INFO -   >>> Progress: 4,735,393 rounds in 27.0s (175384.43 rounds/sec)
2025-11-20 14:37:31,342 - INFO -   >>> Progress: 3,923,184 rounds in 28.0s (140113.00 rounds/sec)
2025-11-20 14:37:31,683 - INFO -   >>> Progress: 4,910,762 rounds in 28.0s (175383.87 rounds/sec)
2025-11-20 14:37:32,341 - INFO -   >>> Progress: 4,064,894 rounds in 29.0s (140168.06 rounds/sec)
2025-11-20 14:37:32,655 - INFO -   >>> Progress: 5,086,407 rounds in 29.0s (175392.88 rounds/sec)
2025-11-20 14:37:33,341 - INFO -   >>> Progress: 4,205,493 rounds in 30.0s (140182.40 rounds/sec)
2025-11-20 14:37:33,360 - INFO - Connected (version 2.0, client OpenSSH_8.7)
2025-11-20 14:37:33,713 - INFO - Authentication (publickey) successful!
2025-11-20 14:37:33,713 - INFO -   >>> Progress: 5,261,866 rounds in 30.0s (175395.06 rounds/sec)
2025-11-20 14:37:33,801 - INFO - Connected (version 2.0, client OpenSSH_8.7)
2025-11-20 14:37:34,164 - INFO - Authentication (publickey) successful!
2025-11-20 14:37:34,342 - INFO -   >>> Progress: 4,341,118 rounds in 31.0s (140035.38 rounds/sec)
2025-11-20 14:37:34,655 - INFO -   >>> Progress: 5,437,348 rounds in 31.0s (175397.84 rounds/sec)
2025-11-20 14:37:35,341 - INFO -   >>> Progress: 4,480,466 rounds in 32.0s (140013.90 rounds/sec)
2025-11-20 14:37:35,680 - INFO -   >>> Progress: 5,612,580 rounds in 32.0s (175392.65 rounds/sec)
2025-11-20 14:37:36,341 - INFO -   >>> Progress: 4,621,742 rounds in 33.0s (140052.15 rounds/sec)
2025-11-20 14:37:36,729 - INFO -   >>> Progress: 5,788,217 rounds in 33.0s (175400.02 rounds/sec)
2025-11-20 14:37:37,341 - INFO -   >>> Progress: 4,763,862 rounds in 34.0s (140112.97 rounds/sec)
2025-11-20 14:37:37,655 - INFO -   >>> Progress: 5,963,492 rounds in 34.0s (175396.33 rounds/sec)
2025-11-20 14:37:38,341 - INFO -   >>> Progress: 4,904,307 rounds in 35.0s (140122.45 rounds/sec)
2025-11-20 14:37:38,655 - INFO -   >>> Progress: 6,138,790 rounds in 35.0s (175393.50 rounds/sec)
2025-11-20 14:37:39,352 - INFO -   >>> Progress: 5,044,930 rounds in 36.0s (140136.35 rounds/sec)
2025-11-20 14:37:39,655 - INFO -   >>> Progress: 6,314,670 rounds in 36.0s (175406.99 rounds/sec)
2025-11-20 14:37:40,407 - INFO -   >>> Progress: 5,184,153 rounds in 37.0s (140111.65 rounds/sec)
2025-11-20 14:37:40,655 - INFO -   >>> Progress: 6,490,091 rounds in 37.0s (175407.37 rounds/sec)
2025-11-20 14:37:41,341 - INFO -   >>> Progress: 5,323,624 rounds in 38.0s (140094.78 rounds/sec)
2025-11-20 14:37:41,655 - INFO -   >>> Progress: 6,665,382 rounds in 38.0s (175404.30 rounds/sec)
2025-11-20 14:37:42,341 - INFO -   >>> Progress: 5,462,603 rounds in 39.0s (140066.16 rounds/sec)
2025-11-20 14:37:42,655 - INFO -   >>> Progress: 6,838,277 rounds in 39.0s (175339.95 rounds/sec)
2025-11-20 14:37:43,342 - INFO -   >>> Progress: 5,600,308 rounds in 40.0s (140007.13 rounds/sec)
2025-11-20 14:37:43,655 - INFO -   >>> Progress: 7,014,083 rounds in 40.0s (175351.60 rounds/sec)
2025-11-20 14:37:44,341 - INFO -   >>> Progress: 5,742,130 rounds in 41.0s (140051.39 rounds/sec)
2025-11-20 14:37:44,655 - INFO -   >>> Progress: 7,189,597 rounds in 41.0s (175355.54 rounds/sec)
2025-11-20 14:37:45,341 - INFO -   >>> Progress: 5,875,433 rounds in 42.0s (139890.70 rounds/sec)
2025-11-20 14:37:45,655 - INFO -   >>> Progress: 7,361,965 rounds in 42.0s (175284.39 rounds/sec)
2025-11-20 14:37:46,341 - INFO -   >>> Progress: 6,015,101 rounds in 43.0s (139885.50 rounds/sec)
2025-11-20 14:37:46,654 - INFO -   >>> Progress: 7,538,080 rounds in 43.0s (175303.70 rounds/sec)
2025-11-20 14:37:47,342 - INFO -   >>> Progress: 6,151,032 rounds in 44.0s (139795.62 rounds/sec)
2025-11-20 14:37:47,655 - INFO -   >>> Progress: 7,713,800 rounds in 44.0s (175313.16 rounds/sec)
2025-11-20 14:37:48,341 - INFO -   >>> Progress: 6,290,798 rounds in 45.0s (139794.94 rounds/sec)
2025-11-20 14:37:48,656 - INFO -   >>> Progress: 7,889,461 rounds in 45.0s (175320.87 rounds/sec)
2025-11-20 14:37:49,342 - INFO -   >>> Progress: 6,432,947 rounds in 46.0s (139846.11 rounds/sec)
2025-11-20 14:37:49,655 - INFO -   >>> Progress: 8,065,581 rounds in 46.0s (175338.23 rounds/sec)
2025-11-20 14:37:50,341 - INFO -   >>> Progress: 6,572,348 rounds in 47.0s (139836.64 rounds/sec)
2025-11-20 14:37:50,655 - INFO -   >>> Progress: 8,240,513 rounds in 47.0s (175329.58 rounds/sec)
2025-11-20 14:37:51,341 - INFO -   >>> Progress: 6,711,937 rounds in 48.0s (139831.47 rounds/sec)
2025-11-20 14:37:51,655 - INFO -   >>> Progress: 8,415,864 rounds in 48.0s (175330.02 rounds/sec)
2025-11-20 14:37:52,341 - INFO -   >>> Progress: 6,852,503 rounds in 49.0s (139846.45 rounds/sec)
2025-11-20 14:37:52,655 - INFO -   >>> Progress: 8,590,696 rounds in 49.0s (175319.85 rounds/sec)
2025-11-20 14:37:53,341 - INFO -   >>> Progress: 6,990,393 rounds in 50.0s (139807.31 rounds/sec)
2025-11-20 14:37:53,655 - INFO -   >>> Progress: 8,765,662 rounds in 50.0s (175312.77 rounds/sec)
2025-11-20 14:37:54,441 - INFO -   >>> Progress: 7,131,317 rounds in 51.0s (139829.19 rounds/sec)
2025-11-20 14:37:54,654 - INFO -   >>> Progress: 8,941,057 rounds in 51.0s (175314.37 rounds/sec)
2025-11-20 14:37:55,341 - INFO -   >>> Progress: 7,269,339 rounds in 52.0s (139794.44 rounds/sec)
2025-11-20 14:37:55,670 - INFO -   >>> Progress: 9,116,705 rounds in 52.0s (175320.77 rounds/sec)
2025-11-20 14:37:56,341 - INFO -   >>> Progress: 7,410,314 rounds in 53.0s (139816.70 rounds/sec)
2025-11-20 14:37:56,655 - INFO -   >>> Progress: 9,292,479 rounds in 53.0s (175329.32 rounds/sec)
2025-11-20 14:37:57,411 - INFO -   >>> Progress: 7,551,386 rounds in 54.0s (139839.93 rounds/sec)
2025-11-20 14:37:57,655 - INFO -   >>> Progress: 9,467,777 rounds in 54.0s (175328.73 rounds/sec)
2025-11-20 14:37:58,341 - INFO -   >>> Progress: 7,692,121 rounds in 55.0s (139856.20 rounds/sec)
2025-11-20 14:37:58,654 - INFO -   >>> Progress: 9,643,605 rounds in 55.0s (175337.80 rounds/sec)
2025-11-20 14:37:59,341 - INFO -   >>> Progress: 7,832,225 rounds in 56.0s (139860.57 rounds/sec)
2025-11-20 14:37:59,655 - INFO -   >>> Progress: 9,819,139 rounds in 56.0s (175341.30 rounds/sec)
2025-11-20 14:38:00,341 - INFO -   >>> Progress: 7,972,666 rounds in 57.0s (139870.75 rounds/sec)
2025-11-20 14:38:00,655 - INFO -   >>> Progress: 9,989,949 rounds in 57.0s (175261.79 rounds/sec)
2025-11-20 14:38:01,341 - INFO -   >>> Progress: 8,112,371 rounds in 58.0s (139867.89 rounds/sec)
2025-11-20 14:38:01,655 - INFO -   >>> Progress: 10,164,858 rounds in 58.0s (175255.70 rounds/sec)
2025-11-20 14:38:02,341 - INFO -   >>> Progress: 8,250,721 rounds in 59.0s (139842.15 rounds/sec)
2025-11-20 14:38:02,655 - INFO -   >>> Progress: 10,340,105 rounds in 59.0s (175255.55 rounds/sec)
2025-11-20 14:38:03,341 - INFO -   >>> Progress: 8,388,460 rounds in 60.0s (139807.09 rounds/sec)
2025-11-20 14:38:03,657 - INFO -   >>> Progress: 10,515,888 rounds in 60.0s (175264.33 rounds/sec)
2025-11-20 14:38:04,341 - INFO -   >>> Progress: 8,528,738 rounds in 61.0s (139814.81 rounds/sec)
2025-11-20 14:38:04,654 - INFO -   >>> Progress: 10,691,594 rounds in 61.0s (175271.57 rounds/sec)
2025-11-20 14:38:05,341 - INFO -   >>> Progress: 8,669,034 rounds in 62.0s (139822.56 rounds/sec)
2025-11-20 14:38:05,654 - INFO -   >>> Progress: 10,866,072 rounds in 62.0s (175258.76 rounds/sec)
2025-11-20 14:38:06,341 - INFO -   >>> Progress: 8,809,149 rounds in 63.0s (139827.20 rounds/sec)
2025-11-20 14:38:06,661 - INFO -   >>> Progress: 11,041,018 rounds in 63.0s (175253.80 rounds/sec)
2025-11-20 14:38:07,341 - INFO -   >>> Progress: 8,948,039 rounds in 64.0s (139812.54 rounds/sec)
2025-11-20 14:38:07,654 - INFO -   >>> Progress: 11,216,616 rounds in 64.0s (175259.17 rounds/sec)
2025-11-20 14:38:08,343 - INFO -   >>> Progress: 9,088,492 rounds in 65.0s (139822.39 rounds/sec)
2025-11-20 14:38:08,654 - INFO -   >>> Progress: 11,391,769 rounds in 65.0s (175257.53 rounds/sec)
2025-11-20 14:38:09,341 - INFO -   >>> Progress: 9,229,566 rounds in 66.0s (139841.35 rounds/sec)
2025-11-20 14:38:09,654 - INFO -   >>> Progress: 11,567,326 rounds in 66.0s (175262.06 rounds/sec)
2025-11-20 14:38:10,341 - INFO -   >>> Progress: 9,370,970 rounds in 67.0s (139864.67 rounds/sec)
2025-11-20 14:38:10,654 - INFO -   >>> Progress: 11,742,382 rounds in 67.0s (175258.98 rounds/sec)
2025-11-20 14:38:11,439 - INFO -   >>> Progress: 9,512,344 rounds in 68.0s (139886.86 rounds/sec)
2025-11-20 14:38:11,655 - INFO -   >>> Progress: 11,917,551 rounds in 68.0s (175257.65 rounds/sec)
2025-11-20 14:38:12,341 - INFO -   >>> Progress: 9,651,423 rounds in 69.0s (139875.15 rounds/sec)
2025-11-20 14:38:12,654 - INFO -   >>> Progress: 12,093,189 rounds in 69.0s (175263.16 rounds/sec)
2025-11-20 14:38:13,341 - INFO -   >>> Progress: 9,782,213 rounds in 70.0s (139745.35 rounds/sec)
2025-11-20 14:38:13,655 - INFO -   >>> Progress: 12,268,334 rounds in 70.0s (175261.46 rounds/sec)
2025-11-20 14:38:14,342 - INFO -   >>> Progress: 9,923,012 rounds in 71.0s (139760.19 rounds/sec)
2025-11-20 14:38:14,655 - INFO -   >>> Progress: 12,444,017 rounds in 71.0s (175267.39 rounds/sec)
2025-11-20 14:38:15,341 - INFO -   >>> Progress: 10,061,502 rounds in 72.0s (139742.54 rounds/sec)
2025-11-20 14:38:15,654 - INFO -   >>> Progress: 12,619,092 rounds in 72.0s (175264.70 rounds/sec)
2025-11-20 14:38:16,341 - INFO -   >>> Progress: 10,202,099 rounds in 73.0s (139754.23 rounds/sec)
2025-11-20 14:38:16,669 - INFO -   >>> Progress: 12,794,938 rounds in 73.0s (175272.66 rounds/sec)
2025-11-20 14:38:17,342 - INFO -   >>> Progress: 10,336,576 rounds in 74.0s (139682.85 rounds/sec)
2025-11-20 14:38:17,706 - INFO -   >>> Progress: 12,970,587 rounds in 74.0s (175277.75 rounds/sec)
2025-11-20 14:38:18,341 - INFO -   >>> Progress: 10,471,685 rounds in 75.0s (139621.86 rounds/sec)
2025-11-20 14:38:18,751 - INFO -   >>> Progress: 13,145,765 rounds in 75.0s (175276.41 rounds/sec)
2025-11-20 14:38:19,344 - INFO -   >>> Progress: 10,606,779 rounds in 76.0s (139562.22 rounds/sec)
2025-11-20 14:38:19,736 - INFO -   >>> Progress: 13,321,283 rounds in 76.0s (175279.58 rounds/sec)
2025-11-20 14:38:20,366 - INFO -   >>> Progress: 10,738,444 rounds in 77.0s (139459.66 rounds/sec)
2025-11-20 14:38:20,783 - INFO -   >>> Progress: 13,496,164 rounds in 77.0s (175274.40 rounds/sec)
2025-11-20 14:38:21,341 - INFO -   >>> Progress: 10,874,604 rounds in 78.0s (139417.35 rounds/sec)
2025-11-20 14:38:21,654 - INFO -   >>> Progress: 13,671,930 rounds in 78.0s (175280.70 rounds/sec)
2025-11-20 14:38:22,358 - INFO -   >>> Progress: 11,016,027 rounds in 79.0s (139442.73 rounds/sec)
2025-11-20 14:38:22,655 - INFO -   >>> Progress: 13,847,630 rounds in 79.0s (175286.00 rounds/sec)
2025-11-20 14:38:23,422 - INFO -   >>> Progress: 11,156,976 rounds in 80.0s (139461.54 rounds/sec)
2025-11-20 14:38:23,655 - INFO -   >>> Progress: 14,023,059 rounds in 80.0s (175287.78 rounds/sec)
2025-11-20 14:38:24,546 - INFO -   >>> Progress: 11,298,692 rounds in 81.0s (139489.38 rounds/sec)
2025-11-20 14:38:24,655 - INFO -   >>> Progress: 14,197,935 rounds in 81.0s (175282.69 rounds/sec)
2025-11-20 14:38:25,365 - INFO -   >>> Progress: 11,439,195 rounds in 82.0s (139501.73 rounds/sec)
2025-11-20 14:38:25,655 - INFO -   >>> Progress: 14,373,408 rounds in 82.0s (175285.01 rounds/sec)
2025-11-20 14:38:26,390 - INFO -   >>> Progress: 11,578,860 rounds in 83.0s (139503.61 rounds/sec)
2025-11-20 14:38:26,655 - INFO -   >>> Progress: 14,548,900 rounds in 83.0s (175287.50 rounds/sec)
2025-11-20 14:38:27,413 - INFO -   >>> Progress: 11,717,637 rounds in 84.0s (139494.96 rounds/sec)
2025-11-20 14:38:27,655 - INFO -   >>> Progress: 14,724,228 rounds in 84.0s (175287.98 rounds/sec)
2025-11-20 14:38:28,438 - INFO -   >>> Progress: 11,855,765 rounds in 85.0s (139478.87 rounds/sec)
2025-11-20 14:38:28,655 - INFO -   >>> Progress: 14,898,683 rounds in 85.0s (175278.17 rounds/sec)
2025-11-20 14:38:29,342 - INFO -   >>> Progress: 11,989,480 rounds in 86.0s (139411.84 rounds/sec)
2025-11-20 14:38:29,697 - INFO -   >>> Progress: 15,073,853 rounds in 86.0s (175276.91 rounds/sec)
2025-11-20 14:38:30,343 - INFO -   >>> Progress: 12,130,274 rounds in 87.0s (139427.72 rounds/sec)
2025-11-20 14:38:30,793 - INFO -   >>> Progress: 15,248,967 rounds in 87.0s (175275.03 rounds/sec)
2025-11-20 14:38:31,408 - INFO -   >>> Progress: 12,269,947 rounds in 88.0s (139430.50 rounds/sec)
2025-11-20 14:38:31,655 - INFO -   >>> Progress: 15,423,949 rounds in 88.0s (175271.70 rounds/sec)
2025-11-20 14:38:32,432 - INFO -   >>> Progress: 12,408,224 rounds in 89.0s (139417.54 rounds/sec)
2025-11-20 14:38:32,739 - INFO -   >>> Progress: 15,599,350 rounds in 89.0s (175273.15 rounds/sec)
2025-11-20 14:38:33,456 - INFO -   >>> Progress: 12,548,605 rounds in 90.0s (139428.24 rounds/sec)
2025-11-20 14:38:33,654 - INFO -   >>> Progress: 15,774,893 rounds in 90.0s (175276.15 rounds/sec)
2025-11-20 14:38:34,480 - INFO -   >>> Progress: 12,687,827 rounds in 91.0s (139425.97 rounds/sec)
2025-11-20 14:38:34,655 - INFO -   >>> Progress: 15,950,363 rounds in 91.0s (175278.27 rounds/sec)
2025-11-20 14:38:35,503 - INFO -   >>> Progress: 12,825,836 rounds in 92.0s (139410.57 rounds/sec)
2025-11-20 14:38:35,654 - INFO -   >>> Progress: 16,125,551 rounds in 92.0s (175277.29 rounds/sec)
2025-11-20 14:38:36,527 - INFO -   >>> Progress: 12,966,451 rounds in 93.0s (139423.51 rounds/sec)
2025-11-20 14:38:36,655 - INFO -   >>> Progress: 16,301,047 rounds in 93.0s (175279.63 rounds/sec)
2025-11-20 14:38:37,449 - INFO -   >>> Progress: 13,106,982 rounds in 94.0s (139435.29 rounds/sec)
2025-11-20 14:38:37,655 - INFO -   >>> Progress: 16,476,249 rounds in 94.0s (175278.80 rounds/sec)
2025-11-20 14:38:38,371 - INFO -   >>> Progress: 13,247,886 rounds in 95.0s (139450.75 rounds/sec)
2025-11-20 14:38:38,655 - INFO -   >>> Progress: 16,651,134 rounds in 95.0s (175274.65 rounds/sec)
2025-11-20 14:38:39,395 - INFO -   >>> Progress: 13,389,195 rounds in 96.0s (139470.10 rounds/sec)
2025-11-20 14:38:39,662 - INFO -   >>> Progress: 16,827,094 rounds in 96.0s (175281.79 rounds/sec)
2025-11-20 14:38:40,419 - INFO -   >>> Progress: 13,529,046 rounds in 97.0s (139474.02 rounds/sec)
2025-11-20 14:38:40,711 - INFO -   >>> Progress: 17,001,889 rounds in 97.0s (175276.76 rounds/sec)
2025-11-20 14:38:41,443 - INFO -   >>> Progress: 13,668,074 rounds in 98.0s (139469.46 rounds/sec)
2025-11-20 14:38:41,655 - INFO -   >>> Progress: 17,177,365 rounds in 98.0s (175278.79 rounds/sec)
2025-11-20 14:38:42,364 - INFO -   >>> Progress: 13,807,648 rounds in 99.0s (139470.50 rounds/sec)
2025-11-20 14:38:42,672 - INFO -   >>> Progress: 17,351,050 rounds in 99.0s (175262.68 rounds/sec)
2025-11-20 14:38:43,389 - INFO -   >>> Progress: 13,948,580 rounds in 100.0s (139485.12 rounds/sec)
2025-11-20 14:38:43,655 - INFO -   >>> Progress: 17,526,660 rounds in 100.0s (175266.14 rounds/sec)
2025-11-20 14:38:44,412 - INFO -   >>> Progress: 14,090,226 rounds in 101.0s (139506.51 rounds/sec)
2025-11-20 14:38:44,654 - INFO -   >>> Progress: 17,702,804 rounds in 101.0s (175274.83 rounds/sec)
2025-11-20 14:38:45,436 - INFO -   >>> Progress: 14,226,830 rounds in 102.0s (139478.04 rounds/sec)
2025-11-20 14:38:45,743 - INFO -   >>> Progress: 17,875,587 rounds in 102.0s (175250.39 rounds/sec)
2025-11-20 14:38:46,358 - INFO -   >>> Progress: 14,367,521 rounds in 103.0s (139489.81 rounds/sec)
2025-11-20 14:38:46,665 - INFO -   >>> Progress: 18,051,090 rounds in 103.0s (175252.84 rounds/sec)
2025-11-20 14:38:47,341 - INFO -   >>> Progress: 14,502,195 rounds in 104.0s (139443.50 rounds/sec)
2025-11-20 14:38:47,689 - INFO -   >>> Progress: 18,226,802 rounds in 104.0s (175257.25 rounds/sec)
2025-11-20 14:38:48,341 - INFO -   >>> Progress: 14,643,042 rounds in 105.0s (139456.87 rounds/sec)
2025-11-20 14:38:48,654 - INFO -   >>> Progress: 18,402,255 rounds in 105.0s (175259.11 rounds/sec)
2025-11-20 14:38:49,342 - INFO -   >>> Progress: 14,783,511 rounds in 106.0s (139466.41 rounds/sec)
2025-11-20 14:38:49,655 - INFO -   >>> Progress: 18,577,949 rounds in 106.0s (175263.21 rounds/sec)
2025-11-20 14:38:50,341 - INFO -   >>> Progress: 14,924,264 rounds in 107.0s (139478.42 rounds/sec)
2025-11-20 14:38:50,762 - INFO -   >>> Progress: 18,753,113 rounds in 107.0s (175262.28 rounds/sec)
2025-11-20 14:38:51,342 - INFO -   >>> Progress: 15,065,167 rounds in 108.0s (139491.61 rounds/sec)
2025-11-20 14:38:51,723 - INFO -   >>> Progress: 18,928,390 rounds in 108.0s (175262.41 rounds/sec)
2025-11-20 14:38:52,341 - INFO -   >>> Progress: 15,204,999 rounds in 109.0s (139494.73 rounds/sec)
2025-11-20 14:38:52,810 - INFO -   >>> Progress: 19,103,482 rounds in 109.0s (175260.84 rounds/sec)
2025-11-20 14:38:53,341 - INFO -   >>> Progress: 15,344,579 rounds in 110.0s (139495.50 rounds/sec)
2025-11-20 14:38:53,655 - INFO -   >>> Progress: 19,278,276 rounds in 110.0s (175256.59 rounds/sec)
2025-11-20 14:38:54,448 - INFO -   >>> Progress: 15,484,774 rounds in 111.0s (139501.80 rounds/sec)
2025-11-20 14:38:54,657 - INFO -   >>> Progress: 19,454,092 rounds in 111.0s (175261.63 rounds/sec)
2025-11-20 14:38:55,472 - INFO -   >>> Progress: 15,625,535 rounds in 112.0s (139513.04 rounds/sec)
2025-11-20 14:38:55,667 - INFO -   >>> Progress: 19,629,891 rounds in 112.0s (175266.42 rounds/sec)
2025-11-20 14:38:56,496 - INFO -   >>> Progress: 15,766,670 rounds in 113.0s (139527.39 rounds/sec)
2025-11-20 14:38:56,654 - INFO -   >>> Progress: 19,805,804 rounds in 113.0s (175272.13 rounds/sec)
2025-11-20 14:38:57,520 - INFO -   >>> Progress: 15,906,306 rounds in 114.0s (139528.33 rounds/sec)
2025-11-20 14:38:57,654 - INFO -   >>> Progress: 19,980,986 rounds in 114.0s (175271.34 rounds/sec)
2025-11-20 14:38:58,458 - INFO -   >>> Progress: 16,047,898 rounds in 115.0s (139546.27 rounds/sec)
2025-11-20 14:38:58,660 - INFO -   >>> Progress: 20,156,593 rounds in 115.0s (175274.25 rounds/sec)
2025-11-20 14:38:59,343 - INFO -   >>> Progress: 16,189,866 rounds in 116.0s (139567.15 rounds/sec)
2025-11-20 14:38:59,656 - INFO -   >>> Progress: 20,332,163 rounds in 116.0s (175276.80 rounds/sec)
2025-11-20 14:39:00,387 - INFO -   >>> Progress: 16,329,098 rounds in 117.0s (139564.28 rounds/sec)
2025-11-20 14:39:00,664 - INFO -   >>> Progress: 20,502,066 rounds in 117.0s (175230.86 rounds/sec)
2025-11-20 14:39:01,411 - INFO -   >>> Progress: 16,470,907 rounds in 118.0s (139583.30 rounds/sec)
2025-11-20 14:39:01,681 - INFO -   >>> Progress: 20,676,106 rounds in 118.0s (175220.76 rounds/sec)
2025-11-20 14:39:02,341 - INFO -   >>> Progress: 16,606,445 rounds in 119.0s (139549.30 rounds/sec)
2025-11-20 14:39:02,654 - INFO -   >>> Progress: 20,850,937 rounds in 119.0s (175217.48 rounds/sec)
2025-11-20 14:39:03,356 - INFO -   >>> Progress: 16,747,594 rounds in 120.0s (139562.63 rounds/sec)
2025-11-20 14:39:03,664 - INFO -   >>> Progress: 21,026,060 rounds in 120.0s (175216.69 rounds/sec)
2025-11-20 14:39:04,384 - INFO -   >>> Progress: 16,886,876 rounds in 121.0s (139560.30 rounds/sec)
2025-11-20 14:39:04,654 - INFO -   >>> Progress: 21,201,171 rounds in 121.0s (175215.81 rounds/sec)
2025-11-20 14:39:05,341 - INFO -   >>> Progress: 17,022,571 rounds in 122.0s (139528.62 rounds/sec)
2025-11-20 14:39:05,654 - INFO -   >>> Progress: 21,375,231 rounds in 122.0s (175206.34 rounds/sec)
2025-11-20 14:39:06,429 - INFO -   >>> Progress: 17,159,408 rounds in 123.0s (139506.74 rounds/sec)
2025-11-20 14:39:06,654 - INFO -   >>> Progress: 21,548,940 rounds in 123.0s (175194.16 rounds/sec)
2025-11-20 14:39:07,341 - INFO -   >>> Progress: 17,300,173 rounds in 124.0s (139516.88 rounds/sec)
2025-11-20 14:39:07,654 - INFO -   >>> Progress: 21,723,395 rounds in 124.0s (175188.20 rounds/sec)
2025-11-20 14:39:08,373 - INFO -   >>> Progress: 17,438,639 rounds in 125.0s (139508.47 rounds/sec)
2025-11-20 14:39:08,654 - INFO -   >>> Progress: 21,897,553 rounds in 125.0s (175179.96 rounds/sec)
2025-11-20 14:39:09,397 - INFO -   >>> Progress: 17,578,356 rounds in 126.0s (139510.12 rounds/sec)
2025-11-20 14:39:09,655 - INFO -   >>> Progress: 22,071,948 rounds in 126.0s (175173.72 rounds/sec)
2025-11-20 14:39:10,346 - INFO -   >>> Progress: 17,717,430 rounds in 127.0s (139506.69 rounds/sec)
2025-11-20 14:39:10,654 - INFO -   >>> Progress: 22,245,739 rounds in 127.0s (175162.83 rounds/sec)
2025-11-20 14:39:11,356 - INFO -   >>> Progress: 17,851,233 rounds in 128.0s (139462.12 rounds/sec)
2025-11-20 14:39:11,657 - INFO -   >>> Progress: 22,419,850 rounds in 128.0s (175154.61 rounds/sec)
2025-11-20 14:39:12,368 - INFO -   >>> Progress: 17,983,179 rounds in 129.0s (139403.85 rounds/sec)
2025-11-20 14:39:12,654 - INFO -   >>> Progress: 22,593,710 rounds in 129.0s (175144.57 rounds/sec)
2025-11-20 14:39:13,341 - INFO -   >>> Progress: 18,115,420 rounds in 130.0s (139348.76 rounds/sec)
2025-11-20 14:39:13,699 - INFO -   >>> Progress: 22,768,282 rounds in 130.0s (175140.17 rounds/sec)
2025-11-20 14:39:14,415 - INFO -   >>> Progress: 18,251,565 rounds in 131.0s (139324.29 rounds/sec)
2025-11-20 14:39:14,654 - INFO -   >>> Progress: 22,943,017 rounds in 131.0s (175137.07 rounds/sec)
2025-11-20 14:39:15,439 - INFO -   >>> Progress: 18,387,006 rounds in 132.0s (139294.87 rounds/sec)
2025-11-20 14:39:15,654 - INFO -   >>> Progress: 23,117,104 rounds in 132.0s (175129.11 rounds/sec)
2025-11-20 14:39:16,363 - INFO -   >>> Progress: 18,527,078 rounds in 133.0s (139300.71 rounds/sec)
2025-11-20 14:39:16,669 - INFO -   >>> Progress: 23,291,942 rounds in 133.0s (175126.91 rounds/sec)
2025-11-20 14:39:17,387 - INFO -   >>> Progress: 18,665,904 rounds in 134.0s (139297.16 rounds/sec)
2025-11-20 14:39:17,692 - INFO -   >>> Progress: 23,466,715 rounds in 134.0s (175124.26 rounds/sec)
2025-11-20 14:39:18,410 - INFO -   >>> Progress: 18,805,081 rounds in 135.0s (139296.26 rounds/sec)
2025-11-20 14:39:18,717 - INFO -   >>> Progress: 23,641,353 rounds in 135.0s (175120.66 rounds/sec)
2025-11-20 14:39:19,341 - INFO -   >>> Progress: 18,944,042 rounds in 136.0s (139293.79 rounds/sec)
2025-11-20 14:39:19,654 - INFO -   >>> Progress: 23,816,741 rounds in 136.0s (175122.63 rounds/sec)
2025-11-20 14:39:20,341 - INFO -   >>> Progress: 19,074,863 rounds in 137.0s (139231.94 rounds/sec)
2025-11-20 14:39:20,661 - INFO -   >>> Progress: 23,991,489 rounds in 137.0s (175119.89 rounds/sec)
2025-11-20 14:39:21,379 - INFO -   >>> Progress: 19,211,900 rounds in 138.0s (139216.03 rounds/sec)
2025-11-20 14:39:21,686 - INFO -   >>> Progress: 24,166,968 rounds in 138.0s (175122.49 rounds/sec)
2025-11-20 14:39:22,402 - INFO -   >>> Progress: 19,350,575 rounds in 139.0s (139212.14 rounds/sec)
2025-11-20 14:39:22,709 - INFO -   >>> Progress: 24,341,878 rounds in 139.0s (175120.96 rounds/sec)
2025-11-20 14:39:23,341 - INFO -   >>> Progress: 19,489,956 rounds in 140.0s (139213.34 rounds/sec)
2025-11-20 14:39:23,734 - INFO -   >>> Progress: 24,516,899 rounds in 140.0s (175120.24 rounds/sec)
2025-11-20 14:39:24,450 - INFO -   >>> Progress: 19,630,953 rounds in 141.0s (139225.99 rounds/sec)
2025-11-20 14:39:24,654 - INFO -   >>> Progress: 24,692,094 rounds in 141.0s (175120.77 rounds/sec)
2025-11-20 14:39:25,372 - INFO -   >>> Progress: 19,768,290 rounds in 142.0s (139212.68 rounds/sec)
2025-11-20 14:39:25,679 - INFO -   >>> Progress: 24,866,369 rounds in 142.0s (175114.81 rounds/sec)
2025-11-20 14:39:26,396 - INFO -   >>> Progress: 19,906,814 rounds in 143.0s (139207.86 rounds/sec)
2025-11-20 14:39:26,704 - INFO -   >>> Progress: 25,041,074 rounds in 143.0s (175111.94 rounds/sec)
2025-11-20 14:39:27,342 - INFO -   >>> Progress: 20,047,376 rounds in 144.0s (139217.26 rounds/sec)
2025-11-20 14:39:27,655 - INFO -   >>> Progress: 25,215,703 rounds in 144.0s (175108.58 rounds/sec)
2025-11-20 14:39:28,343 - INFO -   >>> Progress: 20,188,538 rounds in 145.0s (139230.67 rounds/sec)
2025-11-20 14:39:28,752 - INFO -   >>> Progress: 25,389,529 rounds in 145.0s (175099.73 rounds/sec)
2025-11-20 14:39:29,367 - INFO -   >>> Progress: 20,329,955 rounds in 146.0s (139245.64 rounds/sec)
2025-11-20 14:39:29,654 - INFO -   >>> Progress: 25,563,390 rounds in 146.0s (175091.24 rounds/sec)
2025-11-20 14:39:30,390 - INFO -   >>> Progress: 20,467,238 rounds in 147.0s (139232.28 rounds/sec)
2025-11-20 14:39:30,699 - INFO -   >>> Progress: 25,735,370 rounds in 147.0s (175070.08 rounds/sec)
2025-11-20 14:39:31,342 - INFO -   >>> Progress: 20,608,579 rounds in 148.0s (139246.53 rounds/sec)
2025-11-20 14:39:31,722 - INFO -   >>> Progress: 25,909,067 rounds in 148.0s (175060.79 rounds/sec)
2025-11-20 14:39:32,439 - INFO -   >>> Progress: 20,748,308 rounds in 149.0s (139249.76 rounds/sec)
2025-11-20 14:39:32,655 - INFO -   >>> Progress: 26,082,998 rounds in 149.0s (175053.21 rounds/sec)
2025-11-20 14:39:33,342 - INFO -   >>> Progress: 20,887,053 rounds in 150.0s (139246.39 rounds/sec)
2025-11-20 14:39:33,691 - INFO -   >>> Progress: 26,257,124 rounds in 150.0s (175047.02 rounds/sec)
2025-11-20 14:39:34,342 - INFO -   >>> Progress: 21,025,630 rounds in 151.0s (139241.95 rounds/sec)
2025-11-20 14:39:34,721 - INFO -   >>> Progress: 26,432,227 rounds in 151.0s (175047.39 rounds/sec)
2025-11-20 14:39:35,341 - INFO -   >>> Progress: 21,161,887 rounds in 152.0s (139222.31 rounds/sec)
2025-11-20 14:39:35,655 - INFO -   >>> Progress: 26,606,876 rounds in 152.0s (175044.76 rounds/sec)
2025-11-20 14:39:36,341 - INFO -   >>> Progress: 21,298,482 rounds in 153.0s (139205.14 rounds/sec)
2025-11-20 14:39:36,654 - INFO -   >>> Progress: 26,781,291 rounds in 153.0s (175040.64 rounds/sec)
2025-11-20 14:39:37,354 - INFO -   >>> Progress: 21,436,146 rounds in 154.0s (139195.13 rounds/sec)
2025-11-20 14:39:37,654 - INFO -   >>> Progress: 26,955,713 rounds in 154.0s (175036.62 rounds/sec)
2025-11-20 14:39:38,399 - INFO -   >>> Progress: 21,574,621 rounds in 155.0s (139190.33 rounds/sec)
2025-11-20 14:39:38,654 - INFO -   >>> Progress: 27,130,364 rounds in 155.0s (175034.14 rounds/sec)
2025-11-20 14:39:39,341 - INFO -   >>> Progress: 21,714,355 rounds in 156.0s (139193.81 rounds/sec)
2025-11-20 14:39:39,655 - INFO -   >>> Progress: 27,305,535 rounds in 156.0s (175035.01 rounds/sec)
2025-11-20 14:39:40,343 - INFO -   >>> Progress: 21,850,896 rounds in 157.0s (139176.91 rounds/sec)
2025-11-20 14:39:40,707 - INFO -   >>> Progress: 27,480,161 rounds in 157.0s (175032.40 rounds/sec)
2025-11-20 14:39:41,341 - INFO -   >>> Progress: 21,990,442 rounds in 158.0s (139179.24 rounds/sec)
2025-11-20 14:39:41,733 - INFO -   >>> Progress: 27,655,730 rounds in 158.0s (175035.79 rounds/sec)
2025-11-20 14:39:42,351 - INFO -   >>> Progress: 22,127,636 rounds in 159.0s (139166.75 rounds/sec)
2025-11-20 14:39:42,654 - INFO -   >>> Progress: 27,829,075 rounds in 159.0s (175025.16 rounds/sec)
2025-11-20 14:39:43,341 - INFO -   >>> Progress: 22,268,233 rounds in 160.0s (139175.69 rounds/sec)
2025-11-20 14:39:43,654 - INFO -   >>> Progress: 28,004,462 rounds in 160.0s (175027.42 rounds/sec)
2025-11-20 14:39:44,353 - INFO -   >>> Progress: 22,409,583 rounds in 161.0s (139189.19 rounds/sec)
2025-11-20 14:39:44,685 - INFO -   >>> Progress: 28,180,012 rounds in 161.0s (175030.66 rounds/sec)
2025-11-20 14:39:45,403 - INFO -   >>> Progress: 22,540,155 rounds in 162.0s (139136.00 rounds/sec)
2025-11-20 14:39:45,729 - INFO -   >>> Progress: 28,352,666 rounds in 162.0s (175015.98 rounds/sec)
2025-11-20 14:39:46,341 - INFO -   >>> Progress: 22,679,522 rounds in 163.0s (139137.41 rounds/sec)
2025-11-20 14:39:46,662 - INFO -   >>> Progress: 28,528,586 rounds in 163.0s (175021.53 rounds/sec)
2025-11-20 14:39:47,341 - INFO -   >>> Progress: 22,819,463 rounds in 164.0s (139142.31 rounds/sec)
2025-11-20 14:39:47,655 - INFO -   >>> Progress: 28,704,173 rounds in 164.0s (175024.97 rounds/sec)
2025-11-20 14:39:48,352 - INFO -   >>> Progress: 22,958,595 rounds in 165.0s (139142.25 rounds/sec)
2025-11-20 14:39:48,656 - INFO -   >>> Progress: 28,879,119 rounds in 165.0s (175024.49 rounds/sec)
2025-11-20 14:39:49,399 - INFO -   >>> Progress: 23,099,020 rounds in 166.0s (139149.97 rounds/sec)
2025-11-20 14:39:49,661 - INFO -   >>> Progress: 29,054,481 rounds in 166.0s (175026.52 rounds/sec)
2025-11-20 14:39:50,342 - INFO -   >>> Progress: 23,237,892 rounds in 167.0s (139148.30 rounds/sec)
2025-11-20 14:39:50,653 - INFO -   >>> Progress: 29,229,838 rounds in 167.0s (175028.49 rounds/sec)
2025-11-20 14:39:51,341 - INFO -   >>> Progress: 23,376,456 rounds in 168.0s (139144.66 rounds/sec)
2025-11-20 14:39:51,692 - INFO -   >>> Progress: 29,405,565 rounds in 168.0s (175032.65 rounds/sec)
2025-11-20 14:39:52,350 - INFO -   >>> Progress: 23,507,924 rounds in 169.0s (139099.24 rounds/sec)
2025-11-20 14:39:52,741 - INFO -   >>> Progress: 29,580,991 rounds in 169.0s (175034.97 rounds/sec)
2025-11-20 14:39:53,341 - INFO -   >>> Progress: 23,645,260 rounds in 170.0s (139088.86 rounds/sec)
2025-11-20 14:39:53,654 - INFO -   >>> Progress: 29,756,245 rounds in 170.0s (175036.26 rounds/sec)
2025-11-20 14:39:54,345 - INFO -   >>> Progress: 23,786,208 rounds in 171.0s (139099.73 rounds/sec)
2025-11-20 14:39:54,654 - INFO -   >>> Progress: 29,931,336 rounds in 171.0s (175036.58 rounds/sec)
2025-11-20 14:39:55,370 - INFO -   >>> Progress: 23,926,184 rounds in 172.0s (139104.82 rounds/sec)
2025-11-20 14:39:55,698 - INFO -   >>> Progress: 30,106,002 rounds in 172.0s (175034.42 rounds/sec)
2025-11-20 14:39:56,423 - INFO -   >>> Progress: 24,068,242 rounds in 173.0s (139121.88 rounds/sec)
2025-11-20 14:39:56,655 - INFO -   >>> Progress: 30,281,474 rounds in 173.0s (175036.95 rounds/sec)
2025-11-20 14:39:57,342 - INFO -   >>> Progress: 24,207,290 rounds in 174.0s (139121.46 rounds/sec)
2025-11-20 14:39:57,654 - INFO -   >>> Progress: 30,456,323 rounds in 174.0s (175035.86 rounds/sec)
2025-11-20 14:39:58,342 - INFO -   >>> Progress: 24,348,211 rounds in 175.0s (139131.74 rounds/sec)
2025-11-20 14:39:58,654 - INFO -   >>> Progress: 30,631,333 rounds in 175.0s (175035.71 rounds/sec)
2025-11-20 14:39:59,369 - INFO -   >>> Progress: 24,488,906 rounds in 176.0s (139140.62 rounds/sec)
2025-11-20 14:39:59,654 - INFO -   >>> Progress: 30,806,418 rounds in 176.0s (175035.99 rounds/sec)
2025-11-20 14:40:00,419 - INFO -   >>> Progress: 24,628,593 rounds in 177.0s (139143.70 rounds/sec)
2025-11-20 14:40:00,653 - INFO -   >>> Progress: 30,972,877 rounds in 177.0s (174987.53 rounds/sec)
2025-11-20 14:40:01,341 - INFO -   >>> Progress: 24,765,480 rounds in 178.0s (139131.03 rounds/sec)
2025-11-20 14:40:01,664 - INFO -   >>> Progress: 31,144,684 rounds in 178.0s (174969.66 rounds/sec)
2025-11-20 14:40:02,341 - INFO -   >>> Progress: 24,900,995 rounds in 179.0s (139110.82 rounds/sec)
2025-11-20 14:40:02,711 - INFO -   >>> Progress: 31,318,784 rounds in 179.0s (174964.80 rounds/sec)
2025-11-20 14:40:03,342 - INFO -   >>> Progress: 25,042,530 rounds in 180.0s (139124.28 rounds/sec)
2025-11-20 14:40:03,655 - INFO -   >>> Progress: 31,493,675 rounds in 180.0s (174964.39 rounds/sec)
2025-11-20 14:40:04,342 - INFO -   >>> Progress: 25,181,799 rounds in 181.0s (139125.08 rounds/sec)
2025-11-20 14:40:04,654 - INFO -   >>> Progress: 31,669,182 rounds in 181.0s (174967.38 rounds/sec)
2025-11-20 14:40:05,341 - INFO -   >>> Progress: 25,309,225 rounds in 182.0s (139060.80 rounds/sec)
2025-11-20 14:40:05,663 - INFO -   >>> Progress: 31,843,661 rounds in 182.0s (174964.70 rounds/sec)
2025-11-20 14:40:06,383 - INFO -   >>> Progress: 25,446,066 rounds in 183.0s (139048.67 rounds/sec)
2025-11-20 14:40:06,711 - INFO -   >>> Progress: 32,019,176 rounds in 183.0s (174967.70 rounds/sec)
2025-11-20 14:40:07,342 - INFO -   >>> Progress: 25,584,792 rounds in 184.0s (139046.91 rounds/sec)
2025-11-20 14:40:07,654 - INFO -   >>> Progress: 32,194,554 rounds in 184.0s (174969.93 rounds/sec)
2025-11-20 14:40:08,342 - INFO -   >>> Progress: 25,721,605 rounds in 185.0s (139034.83 rounds/sec)
2025-11-20 14:40:08,654 - INFO -   >>> Progress: 32,368,138 rounds in 185.0s (174962.44 rounds/sec)
2025-11-20 14:40:09,341 - INFO -   >>> Progress: 25,862,987 rounds in 186.0s (139047.45 rounds/sec)
2025-11-20 14:40:09,654 - INFO -   >>> Progress: 32,543,265 rounds in 186.0s (174963.32 rounds/sec)
2025-11-20 14:40:10,381 - INFO -   >>> Progress: 26,003,796 rounds in 187.0s (139056.86 rounds/sec)
2025-11-20 14:40:10,653 - INFO -   >>> Progress: 32,717,892 rounds in 187.0s (174961.52 rounds/sec)
2025-11-20 14:40:11,427 - INFO -   >>> Progress: 26,142,940 rounds in 188.0s (139057.33 rounds/sec)
2025-11-20 14:40:11,654 - INFO -   >>> Progress: 32,893,277 rounds in 188.0s (174963.77 rounds/sec)
2025-11-20 14:40:12,389 - INFO -   >>> Progress: 26,278,342 rounds in 189.0s (139037.99 rounds/sec)
2025-11-20 14:40:12,654 - INFO -   >>> Progress: 33,068,166 rounds in 189.0s (174963.37 rounds/sec)
2025-11-20 14:40:13,341 - INFO -   >>> Progress: 26,418,032 rounds in 190.0s (139041.42 rounds/sec)
2025-11-20 14:40:13,654 - INFO -   >>> Progress: 33,243,151 rounds in 190.0s (174963.48 rounds/sec)
2025-11-20 14:40:14,342 - INFO -   >>> Progress: 26,555,692 rounds in 191.0s (139034.14 rounds/sec)
2025-11-20 14:40:14,654 - INFO -   >>> Progress: 33,417,881 rounds in 191.0s (174962.25 rounds/sec)
2025-11-20 14:40:15,341 - INFO -   >>> Progress: 26,682,658 rounds in 192.0s (138971.29 rounds/sec)
2025-11-20 14:40:15,654 - INFO -   >>> Progress: 33,592,430 rounds in 192.0s (174960.10 rounds/sec)
2025-11-20 14:40:16,342 - INFO -   >>> Progress: 26,820,853 rounds in 193.0s (138967.26 rounds/sec)
2025-11-20 14:40:16,671 - INFO -   >>> Progress: 33,767,758 rounds in 193.0s (174962.00 rounds/sec)
2025-11-20 14:40:17,341 - INFO -   >>> Progress: 26,959,597 rounds in 194.0s (138966.10 rounds/sec)
2025-11-20 14:40:17,725 - INFO -   >>> Progress: 33,942,622 rounds in 194.0s (174961.49 rounds/sec)
2025-11-20 14:40:18,343 - INFO -   >>> Progress: 27,100,666 rounds in 195.0s (138976.88 rounds/sec)
2025-11-20 14:40:18,695 - INFO -   >>> Progress: 34,116,499 rounds in 195.0s (174955.93 rounds/sec)
2025-11-20 14:40:19,343 - INFO -   >>> Progress: 27,239,868 rounds in 196.0s (138978.03 rounds/sec)
2025-11-20 14:40:19,655 - INFO -   >>> Progress: 34,291,589 rounds in 196.0s (174956.61 rounds/sec)
2025-11-20 14:40:20,341 - INFO -   >>> Progress: 27,376,007 rounds in 197.0s (138963.61 rounds/sec)
2025-11-20 14:40:20,653 - INFO -   >>> Progress: 34,466,161 rounds in 197.0s (174954.66 rounds/sec)
2025-11-20 14:40:21,341 - INFO -   >>> Progress: 27,515,151 rounds in 198.0s (138964.52 rounds/sec)
2025-11-20 14:40:21,655 - INFO -   >>> Progress: 34,641,319 rounds in 198.0s (174955.68 rounds/sec)
2025-11-20 14:40:22,341 - INFO -   >>> Progress: 27,652,207 rounds in 199.0s (138954.93 rounds/sec)
2025-11-20 14:40:22,654 - INFO -   >>> Progress: 34,815,400 rounds in 199.0s (174951.29 rounds/sec)
2025-11-20 14:40:23,342 - INFO -   >>> Progress: 27,791,495 rounds in 200.0s (138956.59 rounds/sec)
2025-11-20 14:40:23,654 - INFO -   >>> Progress: 34,989,007 rounds in 200.0s (174944.56 rounds/sec)
2025-11-20 14:40:24,341 - INFO -   >>> Progress: 27,931,508 rounds in 201.0s (138961.84 rounds/sec)
2025-11-20 14:40:24,654 - INFO -   >>> Progress: 35,163,943 rounds in 201.0s (174944.52 rounds/sec)
2025-11-20 14:40:25,341 - INFO -   >>> Progress: 28,066,760 rounds in 202.0s (138943.48 rounds/sec)
2025-11-20 14:40:25,654 - INFO -   >>> Progress: 35,337,324 rounds in 202.0s (174936.77 rounds/sec)
2025-11-20 14:40:26,341 - INFO -   >>> Progress: 28,206,139 rounds in 203.0s (138945.62 rounds/sec)
2025-11-20 14:40:26,654 - INFO -   >>> Progress: 35,512,351 rounds in 203.0s (174937.22 rounds/sec)
2025-11-20 14:40:27,341 - INFO -   >>> Progress: 28,346,731 rounds in 204.0s (138953.69 rounds/sec)
2025-11-20 14:40:27,654 - INFO -   >>> Progress: 35,687,474 rounds in 204.0s (174938.13 rounds/sec)
2025-11-20 14:40:28,341 - INFO -   >>> Progress: 28,487,577 rounds in 205.0s (138962.92 rounds/sec)
2025-11-20 14:40:28,765 - INFO -   >>> Progress: 35,861,364 rounds in 205.0s (174933.01 rounds/sec)
2025-11-20 14:40:29,372 - INFO -   >>> Progress: 28,628,509 rounds in 206.0s (138972.47 rounds/sec)
2025-11-20 14:40:29,654 - INFO -   >>> Progress: 36,035,919 rounds in 206.0s (174931.17 rounds/sec)
2025-11-20 14:40:30,396 - INFO -   >>> Progress: 28,762,139 rounds in 207.0s (138946.66 rounds/sec)
2025-11-20 14:40:30,703 - INFO -   >>> Progress: 36,210,268 rounds in 207.0s (174928.36 rounds/sec)
2025-11-20 14:40:31,420 - INFO -   >>> Progress: 28,902,204 rounds in 208.0s (138952.04 rounds/sec)
2025-11-20 14:40:31,727 - INFO -   >>> Progress: 36,384,386 rounds in 208.0s (174924.46 rounds/sec)
2025-11-20 14:40:32,444 - INFO -   >>> Progress: 29,039,860 rounds in 209.0s (138945.84 rounds/sec)
2025-11-20 14:40:32,685 - INFO -   >>> Progress: 36,558,610 rounds in 209.0s (174921.11 rounds/sec)
2025-11-20 14:40:33,341 - INFO -   >>> Progress: 29,177,455 rounds in 210.0s (138939.40 rounds/sec)
2025-11-20 14:40:33,654 - INFO -   >>> Progress: 36,732,782 rounds in 210.0s (174917.54 rounds/sec)
2025-11-20 14:40:34,390 - INFO -   >>> Progress: 29,313,446 rounds in 211.0s (138925.43 rounds/sec)
2025-11-20 14:40:34,654 - INFO -   >>> Progress: 36,907,264 rounds in 211.0s (174915.47 rounds/sec)
2025-11-20 14:40:35,414 - INFO -   >>> Progress: 29,446,870 rounds in 212.0s (138899.47 rounds/sec)
2025-11-20 14:40:35,654 - INFO -   >>> Progress: 37,080,755 rounds in 212.0s (174908.75 rounds/sec)
2025-11-20 14:40:36,437 - INFO -   >>> Progress: 29,587,000 rounds in 213.0s (138905.25 rounds/sec)
2025-11-20 14:40:36,654 - INFO -   >>> Progress: 37,255,692 rounds in 213.0s (174908.88 rounds/sec)
2025-11-20 14:40:37,342 - INFO -   >>> Progress: 29,724,172 rounds in 214.0s (138897.14 rounds/sec)
2025-11-20 14:40:37,667 - INFO -   >>> Progress: 37,430,864 rounds in 214.0s (174910.11 rounds/sec)
2025-11-20 14:40:38,384 - INFO -   >>> Progress: 29,865,084 rounds in 215.0s (138906.51 rounds/sec)
2025-11-20 14:40:38,691 - INFO -   >>> Progress: 37,605,072 rounds in 215.0s (174906.85 rounds/sec)
2025-11-20 14:40:39,407 - INFO -   >>> Progress: 30,004,806 rounds in 216.0s (138910.29 rounds/sec)
2025-11-20 14:40:39,654 - INFO -   >>> Progress: 37,779,925 rounds in 216.0s (174906.60 rounds/sec)
2025-11-20 14:40:40,432 - INFO -   >>> Progress: 30,130,784 rounds in 217.0s (138850.69 rounds/sec)
2025-11-20 14:40:40,744 - INFO -   >>> Progress: 37,953,641 rounds in 217.0s (174901.11 rounds/sec)
2025-11-20 14:40:41,353 - INFO -   >>> Progress: 30,265,283 rounds in 218.0s (138830.73 rounds/sec)
2025-11-20 14:40:41,654 - INFO -   >>> Progress: 38,128,230 rounds in 218.0s (174899.68 rounds/sec)
2025-11-20 14:40:42,362 - INFO -   >>> Progress: 30,400,451 rounds in 219.0s (138814.00 rounds/sec)
2025-11-20 14:40:42,685 - INFO -   >>> Progress: 38,300,605 rounds in 219.0s (174888.14 rounds/sec)
2025-11-20 14:40:43,341 - INFO -   >>> Progress: 30,537,869 rounds in 220.0s (138807.65 rounds/sec)
2025-11-20 14:40:43,654 - INFO -   >>> Progress: 38,475,248 rounds in 220.0s (174887.03 rounds/sec)
2025-11-20 14:40:44,341 - INFO -   >>> Progress: 30,668,715 rounds in 221.0s (138771.63 rounds/sec)
2025-11-20 14:40:44,654 - INFO -   >>> Progress: 38,650,159 rounds in 221.0s (174887.14 rounds/sec)
2025-11-20 14:40:45,341 - INFO -   >>> Progress: 30,797,679 rounds in 222.0s (138727.44 rounds/sec)
2025-11-20 14:40:45,755 - INFO -   >>> Progress: 38,821,669 rounds in 222.0s (174871.92 rounds/sec)
2025-11-20 14:40:46,341 - INFO -   >>> Progress: 30,932,260 rounds in 223.0s (138708.85 rounds/sec)
2025-11-20 14:40:46,654 - INFO -   >>> Progress: 38,996,398 rounds in 223.0s (174871.28 rounds/sec)
2025-11-20 14:40:47,341 - INFO -   >>> Progress: 31,068,813 rounds in 224.0s (138699.22 rounds/sec)
2025-11-20 14:40:47,654 - INFO -   >>> Progress: 39,171,484 rounds in 224.0s (174872.23 rounds/sec)
2025-11-20 14:40:48,341 - INFO -   >>> Progress: 31,207,478 rounds in 225.0s (138699.07 rounds/sec)
2025-11-20 14:40:48,654 - INFO -   >>> Progress: 39,345,970 rounds in 225.0s (174870.51 rounds/sec)
2025-11-20 14:40:49,443 - INFO -   >>> Progress: 31,346,262 rounds in 226.0s (138699.44 rounds/sec)
2025-11-20 14:40:49,654 - INFO -   >>> Progress: 39,521,253 rounds in 226.0s (174872.34 rounds/sec)
2025-11-20 14:40:50,341 - INFO -   >>> Progress: 31,478,397 rounds in 227.0s (138670.52 rounds/sec)
2025-11-20 14:40:50,827 - INFO -   >>> Progress: 39,696,252 rounds in 227.0s (174872.89 rounds/sec)
2025-11-20 14:40:51,352 - INFO -   >>> Progress: 31,606,561 rounds in 228.0s (138624.44 rounds/sec)
2025-11-20 14:40:51,654 - INFO -   >>> Progress: 39,871,202 rounds in 228.0s (174873.23 rounds/sec)
2025-11-20 14:40:52,341 - INFO -   >>> Progress: 31,744,022 rounds in 229.0s (138619.36 rounds/sec)
2025-11-20 14:40:52,654 - INFO -   >>> Progress: 40,045,446 rounds in 229.0s (174870.48 rounds/sec)
2025-11-20 14:40:53,436 - INFO -   >>> Progress: 31,880,517 rounds in 230.0s (138610.12 rounds/sec)
2025-11-20 14:40:53,743 - INFO -   >>> Progress: 40,219,594 rounds in 230.0s (174867.33 rounds/sec)
2025-11-20 14:40:54,460 - INFO -   >>> Progress: 32,018,291 rounds in 231.0s (138606.50 rounds/sec)
2025-11-20 14:40:54,654 - INFO -   >>> Progress: 40,395,155 rounds in 231.0s (174870.34 rounds/sec)
2025-11-20 14:40:55,382 - INFO -   >>> Progress: 32,151,410 rounds in 232.0s (138582.84 rounds/sec)
2025-11-20 14:40:55,688 - INFO -   >>> Progress: 40,569,369 rounds in 232.0s (174867.51 rounds/sec)
2025-11-20 14:40:56,341 - INFO -   >>> Progress: 32,289,863 rounds in 233.0s (138582.28 rounds/sec)
2025-11-20 14:40:56,654 - INFO -   >>> Progress: 40,744,932 rounds in 233.0s (174870.49 rounds/sec)
2025-11-20 14:40:57,430 - INFO -   >>> Progress: 32,428,661 rounds in 234.0s (138583.20 rounds/sec)
2025-11-20 14:40:57,654 - INFO -   >>> Progress: 40,920,167 rounds in 234.0s (174872.04 rounds/sec)
2025-11-20 14:40:58,351 - INFO -   >>> Progress: 32,567,507 rounds in 235.0s (138584.32 rounds/sec)
2025-11-20 14:40:58,655 - INFO -   >>> Progress: 41,095,812 rounds in 235.0s (174875.33 rounds/sec)
2025-11-20 14:40:59,376 - INFO -   >>> Progress: 32,707,455 rounds in 236.0s (138590.09 rounds/sec)
2025-11-20 14:40:59,681 - INFO -   >>> Progress: 41,271,402 rounds in 236.0s (174878.36 rounds/sec)
2025-11-20 14:41:00,342 - INFO -   >>> Progress: 32,842,051 rounds in 237.0s (138573.24 rounds/sec)
2025-11-20 14:41:00,809 - INFO -   >>> Progress: 41,441,979 rounds in 237.0s (174860.20 rounds/sec)
2025-11-20 14:41:01,341 - INFO -   >>> Progress: 32,979,202 rounds in 238.0s (138567.26 rounds/sec)
2025-11-20 14:41:01,834 - INFO -   >>> Progress: 41,617,045 rounds in 238.0s (174861.07 rounds/sec)
2025-11-20 14:41:02,448 - INFO -   >>> Progress: 33,112,878 rounds in 239.0s (138546.80 rounds/sec)
2025-11-20 14:41:02,867 - INFO -   >>> Progress: 41,792,055 rounds in 239.0s (174861.69 rounds/sec)
2025-11-20 14:41:03,350 - INFO -   >>> Progress: 33,251,480 rounds in 240.0s (138547.02 rounds/sec)
2025-11-20 14:41:03,654 - INFO -   >>> Progress: 41,967,457 rounds in 240.0s (174863.94 rounds/sec)
2025-11-20 14:41:04,399 - INFO -   >>> Progress: 33,389,428 rounds in 241.0s (138544.53 rounds/sec)
2025-11-20 14:41:04,654 - INFO -   >>> Progress: 42,143,317 rounds in 241.0s (174868.07 rounds/sec)
2025-11-20 14:41:05,341 - INFO -   >>> Progress: 33,524,225 rounds in 242.0s (138529.05 rounds/sec)
2025-11-20 14:41:05,724 - INFO -   >>> Progress: 42,318,151 rounds in 242.0s (174867.93 rounds/sec)
2025-11-20 14:41:06,509 - INFO -   >>> Progress: 33,662,780 rounds in 243.0s (138529.15 rounds/sec)
2025-11-20 14:41:06,654 - INFO -   >>> Progress: 42,493,330 rounds in 243.0s (174869.20 rounds/sec)
2025-11-20 14:41:07,363 - INFO -   >>> Progress: 33,800,692 rounds in 244.0s (138526.62 rounds/sec)
2025-11-20 14:41:07,654 - INFO -   >>> Progress: 42,669,002 rounds in 244.0s (174872.49 rounds/sec)
2025-11-20 14:41:08,387 - INFO -   >>> Progress: 33,934,610 rounds in 245.0s (138507.81 rounds/sec)
2025-11-20 14:41:08,654 - INFO -   >>> Progress: 42,844,052 rounds in 245.0s (174873.22 rounds/sec)
2025-11-20 14:41:09,411 - INFO -   >>> Progress: 34,072,577 rounds in 246.0s (138505.61 rounds/sec)
2025-11-20 14:41:09,653 - INFO -   >>> Progress: 43,019,780 rounds in 246.0s (174876.69 rounds/sec)
2025-11-20 14:41:10,341 - INFO -   >>> Progress: 34,202,881 rounds in 247.0s (138472.40 rounds/sec)
2025-11-20 14:41:10,741 - INFO -   >>> Progress: 43,194,866 rounds in 247.0s (174877.53 rounds/sec)
2025-11-20 14:41:11,357 - INFO -   >>> Progress: 34,338,139 rounds in 248.0s (138459.44 rounds/sec)
2025-11-20 14:41:11,766 - INFO -   >>> Progress: 43,370,062 rounds in 248.0s (174878.81 rounds/sec)
2025-11-20 14:41:12,380 - INFO -   >>> Progress: 34,473,256 rounds in 249.0s (138446.02 rounds/sec)
2025-11-20 14:41:12,687 - INFO -   >>> Progress: 43,545,076 rounds in 249.0s (174879.35 rounds/sec)
2025-11-20 14:41:13,342 - INFO -   >>> Progress: 34,607,948 rounds in 250.0s (138430.66 rounds/sec)
2025-11-20 14:41:13,712 - INFO -   >>> Progress: 43,719,850 rounds in 250.0s (174878.93 rounds/sec)
2025-11-20 14:41:14,428 - INFO -   >>> Progress: 34,743,487 rounds in 251.0s (138419.14 rounds/sec)
2025-11-20 14:41:14,654 - INFO -   >>> Progress: 43,895,164 rounds in 251.0s (174880.66 rounds/sec)
2025-11-20 14:41:15,450 - INFO -   >>> Progress: 34,869,148 rounds in 252.0s (138368.51 rounds/sec)
2025-11-20 14:41:15,653 - INFO -   >>> Progress: 44,069,796 rounds in 252.0s (174879.67 rounds/sec)
2025-11-20 14:41:16,374 - INFO -   >>> Progress: 35,006,033 rounds in 253.0s (138362.65 rounds/sec)
2025-11-20 14:41:16,676 - INFO -   >>> Progress: 44,245,513 rounds in 253.0s (174882.98 rounds/sec)
2025-11-20 14:41:17,398 - INFO -   >>> Progress: 35,139,057 rounds in 254.0s (138341.63 rounds/sec)
2025-11-20 14:41:17,654 - INFO -   >>> Progress: 44,420,894 rounds in 254.0s (174884.94 rounds/sec)
2025-11-20 14:41:18,341 - INFO -   >>> Progress: 35,267,312 rounds in 255.0s (138302.07 rounds/sec)
2025-11-20 14:41:18,654 - INFO -   >>> Progress: 44,595,686 rounds in 255.0s (174884.58 rounds/sec)
2025-11-20 14:41:19,344 - INFO -   >>> Progress: 35,405,258 rounds in 256.0s (138300.68 rounds/sec)
2025-11-20 14:41:19,662 - INFO -   >>> Progress: 44,770,741 rounds in 256.0s (174885.24 rounds/sec)
2025-11-20 14:41:20,367 - INFO -   >>> Progress: 35,537,679 rounds in 257.0s (138277.80 rounds/sec)
2025-11-20 14:41:20,657 - INFO -   >>> Progress: 44,945,301 rounds in 257.0s (174883.97 rounds/sec)
2025-11-20 14:41:21,367 - INFO -   >>> Progress: 35,677,068 rounds in 258.0s (138282.10 rounds/sec)
2025-11-20 14:41:21,830 - INFO -   >>> Progress: 45,120,306 rounds in 258.0s (174884.44 rounds/sec)
2025-11-20 14:41:22,342 - INFO -   >>> Progress: 35,817,483 rounds in 259.0s (138290.34 rounds/sec)
2025-11-20 14:41:22,825 - INFO -   >>> Progress: 45,294,242 rounds in 259.0s (174880.77 rounds/sec)
2025-11-20 14:41:23,342 - INFO -   >>> Progress: 35,955,278 rounds in 260.0s (138288.43 rounds/sec)
2025-11-20 14:41:23,849 - INFO -   >>> Progress: 45,468,412 rounds in 260.0s (174878.04 rounds/sec)
2025-11-20 14:41:24,361 - INFO -   >>> Progress: 36,096,511 rounds in 261.0s (138299.71 rounds/sec)
2025-11-20 14:41:24,654 - INFO -   >>> Progress: 45,643,044 rounds in 261.0s (174877.09 rounds/sec)
2025-11-20 14:41:25,384 - INFO -   >>> Progress: 36,233,951 rounds in 262.0s (138296.43 rounds/sec)
2025-11-20 14:41:25,692 - INFO -   >>> Progress: 45,817,906 rounds in 262.0s (174877.03 rounds/sec)
2025-11-20 14:41:26,512 - INFO -   >>> Progress: 36,373,868 rounds in 263.0s (138302.59 rounds/sec)
2025-11-20 14:41:26,654 - INFO -   >>> Progress: 45,992,601 rounds in 263.0s (174876.34 rounds/sec)
2025-11-20 14:41:27,535 - INFO -   >>> Progress: 36,509,109 rounds in 264.0s (138290.99 rounds/sec)
2025-11-20 14:41:27,654 - INFO -   >>> Progress: 46,167,466 rounds in 264.0s (174876.30 rounds/sec)
2025-11-20 14:41:28,355 - INFO -   >>> Progress: 36,647,320 rounds in 265.0s (138290.69 rounds/sec)
2025-11-20 14:41:28,764 - INFO -   >>> Progress: 46,342,058 rounds in 265.0s (174875.22 rounds/sec)
2025-11-20 14:41:29,378 - INFO -   >>> Progress: 36,787,209 rounds in 266.0s (138296.69 rounds/sec)
2025-11-20 14:41:29,654 - INFO -   >>> Progress: 46,516,544 rounds in 266.0s (174873.76 rounds/sec)
2025-11-20 14:41:30,403 - INFO -   >>> Progress: 36,919,516 rounds in 267.0s (138274.26 rounds/sec)
2025-11-20 14:41:30,653 - INFO -   >>> Progress: 46,690,577 rounds in 267.0s (174870.61 rounds/sec)
2025-11-20 14:41:31,427 - INFO -   >>> Progress: 37,050,700 rounds in 268.0s (138247.80 rounds/sec)
2025-11-20 14:41:31,688 - INFO -   >>> Progress: 46,865,390 rounds in 268.0s (174870.39 rounds/sec)
2025-11-20 14:41:32,450 - INFO -   >>> Progress: 37,176,647 rounds in 269.0s (138202.08 rounds/sec)
2025-11-20 14:41:32,728 - INFO -   >>> Progress: 47,040,140 rounds in 269.0s (174869.94 rounds/sec)
2025-11-20 14:41:33,341 - INFO -   >>> Progress: 37,315,616 rounds in 270.0s (138204.92 rounds/sec)
2025-11-20 14:41:33,680 - INFO -   >>> Progress: 47,214,374 rounds in 270.0s (174867.59 rounds/sec)
2025-11-20 14:41:34,342 - INFO -   >>> Progress: 37,453,222 rounds in 271.0s (138202.70 rounds/sec)
2025-11-20 14:41:34,654 - INFO -   >>> Progress: 47,389,123 rounds in 271.0s (174867.15 rounds/sec)
2025-11-20 14:41:35,420 - INFO -   >>> Progress: 37,591,202 rounds in 272.0s (138201.88 rounds/sec)
2025-11-20 14:41:35,653 - INFO -   >>> Progress: 47,563,702 rounds in 272.0s (174866.09 rounds/sec)
2025-11-20 14:41:36,341 - INFO -   >>> Progress: 37,731,286 rounds in 273.0s (138208.77 rounds/sec)
2025-11-20 14:41:36,751 - INFO -   >>> Progress: 47,739,088 rounds in 273.0s (174867.99 rounds/sec)
2025-11-20 14:41:37,366 - INFO -   >>> Progress: 37,871,912 rounds in 274.0s (138217.59 rounds/sec)
2025-11-20 14:41:37,673 - INFO -   >>> Progress: 47,914,377 rounds in 274.0s (174869.52 rounds/sec)
2025-11-20 14:41:38,390 - INFO -   >>> Progress: 38,010,135 rounds in 275.0s (138217.61 rounds/sec)
2025-11-20 14:41:38,697 - INFO -   >>> Progress: 48,088,942 rounds in 275.0s (174868.42 rounds/sec)
2025-11-20 14:41:39,341 - INFO -   >>> Progress: 38,149,009 rounds in 276.0s (138219.99 rounds/sec)
2025-11-20 14:41:39,654 - INFO -   >>> Progress: 48,264,716 rounds in 276.0s (174871.70 rounds/sec)
2025-11-20 14:41:40,342 - INFO -   >>> Progress: 38,288,582 rounds in 277.0s (138224.87 rounds/sec)
2025-11-20 14:41:40,744 - INFO -   >>> Progress: 48,439,912 rounds in 277.0s (174872.87 rounds/sec)
2025-11-20 14:41:41,342 - INFO -   >>> Progress: 38,428,687 rounds in 278.0s (138231.63 rounds/sec)
2025-11-20 14:41:41,667 - INFO -   >>> Progress: 48,615,469 rounds in 278.0s (174875.32 rounds/sec)
2025-11-20 14:41:42,387 - INFO -   >>> Progress: 38,567,366 rounds in 279.0s (138233.21 rounds/sec)
2025-11-20 14:41:42,691 - INFO -   >>> Progress: 48,788,629 rounds in 279.0s (174869.17 rounds/sec)
2025-11-20 14:41:43,407 - INFO -   >>> Progress: 38,708,189 rounds in 280.0s (138242.46 rounds/sec)
2025-11-20 14:41:43,715 - INFO -   >>> Progress: 48,964,295 rounds in 280.0s (174872.02 rounds/sec)
2025-11-20 14:41:44,341 - INFO -   >>> Progress: 38,848,579 rounds in 281.0s (138250.10 rounds/sec)
2025-11-20 14:41:44,653 - INFO -   >>> Progress: 49,139,629 rounds in 281.0s (174873.66 rounds/sec)
2025-11-20 14:41:45,341 - INFO -   >>> Progress: 38,984,837 rounds in 282.0s (138243.03 rounds/sec)
2025-11-20 14:41:45,762 - INFO -   >>> Progress: 49,312,143 rounds in 282.0s (174865.29 rounds/sec)
2025-11-20 14:41:46,342 - INFO -   >>> Progress: 39,124,085 rounds in 283.0s (138246.58 rounds/sec)
2025-11-20 14:41:46,687 - INFO -   >>> Progress: 49,487,697 rounds in 283.0s (174867.72 rounds/sec)
2025-11-20 14:41:47,341 - INFO -   >>> Progress: 39,256,330 rounds in 284.0s (138225.45 rounds/sec)
2025-11-20 14:41:47,708 - INFO -   >>> Progress: 49,662,478 rounds in 284.0s (174867.42 rounds/sec)
2025-11-20 14:41:48,426 - INFO -   >>> Progress: 39,397,013 rounds in 285.0s (138234.07 rounds/sec)
2025-11-20 14:41:48,653 - INFO -   >>> Progress: 49,837,301 rounds in 285.0s (174867.26 rounds/sec)
2025-11-20 14:41:49,341 - INFO -   >>> Progress: 39,536,573 rounds in 286.0s (138238.71 rounds/sec)
2025-11-20 14:41:49,652 - INFO -   >>> Progress: 50,012,329 rounds in 286.0s (174867.82 rounds/sec)
2025-11-20 14:41:50,342 - INFO -   >>> Progress: 39,669,770 rounds in 287.0s (138221.14 rounds/sec)
2025-11-20 14:41:50,653 - INFO -   >>> Progress: 50,187,289 rounds in 287.0s (174868.14 rounds/sec)
2025-11-20 14:41:51,341 - INFO -   >>> Progress: 39,807,639 rounds in 288.0s (138219.91 rounds/sec)
2025-11-20 14:41:51,653 - INFO -   >>> Progress: 50,362,465 rounds in 288.0s (174869.21 rounds/sec)
2025-11-20 14:41:52,344 - INFO -   >>> Progress: 39,944,972 rounds in 289.0s (138216.84 rounds/sec)
2025-11-20 14:41:52,653 - INFO -   >>> Progress: 50,537,421 rounds in 289.0s (174869.50 rounds/sec)
2025-11-20 14:41:53,342 - INFO -   >>> Progress: 40,082,621 rounds in 290.0s (138214.88 rounds/sec)
2025-11-20 14:41:53,654 - INFO -   >>> Progress: 50,712,091 rounds in 290.0s (174868.81 rounds/sec)
2025-11-20 14:41:54,342 - INFO -   >>> Progress: 40,222,352 rounds in 291.0s (138220.09 rounds/sec)
2025-11-20 14:41:54,671 - INFO -   >>> Progress: 50,887,264 rounds in 291.0s (174869.86 rounds/sec)
2025-11-20 14:41:55,377 - INFO -   >>> Progress: 40,359,693 rounds in 292.0s (138217.08 rounds/sec)
2025-11-20 14:41:55,653 - INFO -   >>> Progress: 51,062,517 rounds in 292.0s (174871.17 rounds/sec)
2025-11-20 14:41:56,412 - INFO -   >>> Progress: 40,498,770 rounds in 293.0s (138220.01 rounds/sec)
2025-11-20 14:41:56,719 - INFO -   >>> Progress: 51,237,883 rounds in 293.0s (174872.86 rounds/sec)
2025-11-20 14:41:57,399 - INFO -   >>> Progress: 40,635,083 rounds in 294.0s (138213.52 rounds/sec)
2025-11-20 14:41:57,653 - INFO -   >>> Progress: 51,413,074 rounds in 294.0s (174873.94 rounds/sec)
2025-11-20 14:41:58,341 - INFO -   >>> Progress: 40,772,471 rounds in 295.0s (138210.72 rounds/sec)
2025-11-20 14:41:58,665 - INFO -   >>> Progress: 51,576,781 rounds in 295.0s (174836.08 rounds/sec)
2025-11-20 14:41:59,342 - INFO -   >>> Progress: 40,912,144 rounds in 296.0s (138215.66 rounds/sec)
2025-11-20 14:41:59,653 - INFO -   >>> Progress: 51,749,209 rounds in 296.0s (174827.95 rounds/sec)
2025-11-20 14:42:00,408 - INFO -   >>> Progress: 41,038,902 rounds in 297.0s (138177.08 rounds/sec)
2025-11-20 14:42:00,653 - INFO -   >>> Progress: 51,919,575 rounds in 297.0s (174812.92 rounds/sec)
2025-11-20 14:42:01,402 - INFO -   >>> Progress: 41,171,158 rounds in 298.0s (138157.21 rounds/sec)
2025-11-20 14:42:01,653 - INFO -   >>> Progress: 52,094,538 rounds in 298.0s (174813.43 rounds/sec)
2025-11-20 14:42:02,346 - INFO -   >>> Progress: 41,302,478 rounds in 299.0s (138134.34 rounds/sec)
2025-11-20 14:42:02,652 - INFO -   >>> Progress: 52,269,400 rounds in 299.0s (174813.59 rounds/sec)
2025-11-20 14:42:03,412 - INFO - [6/12] ✓ Benchmark completed: t3.2xlarge / bft
2025-11-20 14:42:03,413 - INFO - [6/12]   Work units: 41441193
2025-11-20 14:42:03,413 - INFO - [6/12]   Throughput: 138137.31 work/sec
2025-11-20 14:42:03,413 - INFO - [6/12]   Energy: 0.00 Joules
2025-11-20 14:42:03,413 - INFO - [6/12]   Efficiency: 0.0000 Joules/work
2025-11-20 14:42:03,413 - INFO - --- [4/6] Running zk on t3.2xlarge ---
2025-11-20 14:42:03,413 - INFO - [7/12] Starting benchmark: t3.2xlarge / zk
2025-11-20 14:42:03,414 - INFO - [7/12] Deploying workload zk to 44.222.171.117...
2025-11-20 14:42:03,559 - INFO - Connected (version 2.0, client OpenSSH_8.7)
2025-11-20 14:42:03,727 - INFO - [7/12] ✓ Benchmark completed: t4g.2xlarge / bft
2025-11-20 14:42:03,727 - INFO - [7/12]   Work units: 52444791
2025-11-20 14:42:03,727 - INFO - [7/12]   Throughput: 174815.97 work/sec
2025-11-20 14:42:03,727 - INFO - [7/12]   Energy: 0.00 Joules
2025-11-20 14:42:03,727 - INFO - [7/12]   Efficiency: 0.0000 Joules/work
2025-11-20 14:42:03,727 - INFO - --- [4/6] Running zk on t4g.2xlarge ---
2025-11-20 14:42:03,727 - INFO - [8/12] Starting benchmark: t4g.2xlarge / zk
2025-11-20 14:42:03,728 - INFO - [8/12] Deploying workload zk to 34.224.26.127...
2025-11-20 14:42:03,906 - INFO - Authentication (publickey) successful!
2025-11-20 14:42:03,929 - INFO - Connected (version 2.0, client OpenSSH_8.7)
2025-11-20 14:42:04,226 - INFO - Authentication (publickey) successful!
2025-11-20 14:42:04,274 - INFO - [chan 1] Opened sftp connection (server version 3)
2025-11-20 14:42:04,465 - INFO - [chan 1] sftp session closed.
2025-11-20 14:42:04,466 - INFO - [7/12] Starting metric collection...
2025-11-20 14:42:04,466 - INFO - [7/12] Running workload zk for 300 seconds (warmup: 30s)...
2025-11-20 14:42:04,466 - INFO - [7/12] Workload will output progress every second during measurement period
2025-11-20 14:42:04,616 - INFO - [chan 1] Opened sftp connection (server version 3)
2025-11-20 14:42:04,661 - INFO - Connected (version 2.0, client OpenSSH_8.7)
2025-11-20 14:42:04,828 - INFO - [chan 1] sftp session closed.
2025-11-20 14:42:04,829 - INFO - [8/12] Starting metric collection...
2025-11-20 14:42:04,829 - INFO - [8/12] Running workload zk for 300 seconds (warmup: 30s)...
2025-11-20 14:42:04,829 - INFO - [8/12] Workload will output progress every second during measurement period
2025-11-20 14:42:05,015 - INFO - Authentication (publickey) successful!
2025-11-20 14:42:05,025 - INFO - Connected (version 2.0, client OpenSSH_8.7)
2025-11-20 14:42:05,190 - INFO -   >>> Executing command on instance: cd /tmp/benchmark && python3 zk.py 30 300 100 32
2025-11-20 14:42:05,191 - INFO -   >>> Waiting for output from 44.222.171.117...
2025-11-20 14:42:05,287 - INFO - Authentication (publickey) successful!
2025-11-20 14:42:05,447 - INFO -   >>> Executing command on instance: cd /tmp/benchmark && python3 zk.py 30 300 100 32
2025-11-20 14:42:05,447 - INFO -   >>> Waiting for output from 34.224.26.127...
2025-11-20 14:42:36,452 - INFO -   >>> Progress: 6,084 proofs in 1.0s (6083.80 proofs/sec)
2025-11-20 14:42:36,483 - INFO -   >>> Progress: 5,327 proofs in 1.0s (5326.98 proofs/sec)
2025-11-20 14:42:37,269 - INFO -   >>> Progress: 12,240 proofs in 2.0s (6119.90 proofs/sec)
2025-11-20 14:42:37,483 - INFO -   >>> Progress: 10,630 proofs in 2.0s (5314.98 proofs/sec)
2025-11-20 14:42:38,282 - INFO -   >>> Progress: 18,385 proofs in 3.0s (6128.05 proofs/sec)
2025-11-20 14:42:38,483 - INFO -   >>> Progress: 15,920 proofs in 3.0s (5306.52 proofs/sec)
2025-11-20 14:42:39,330 - INFO -   >>> Progress: 24,434 proofs in 4.0s (6108.13 proofs/sec)
2025-11-20 14:42:39,483 - INFO -   >>> Progress: 21,249 proofs in 4.0s (5312.09 proofs/sec)
2025-11-20 14:42:40,444 - INFO -   >>> Progress: 30,332 proofs in 5.0s (6066.09 proofs/sec)
2025-11-20 14:42:40,483 - INFO -   >>> Progress: 26,547 proofs in 5.0s (5309.23 proofs/sec)
2025-11-20 14:42:41,264 - INFO -   >>> Progress: 36,329 proofs in 6.0s (6054.42 proofs/sec)
2025-11-20 14:42:41,491 - INFO -   >>> Progress: 31,886 proofs in 6.0s (5314.06 proofs/sec)
2025-11-20 14:42:42,287 - INFO -   >>> Progress: 42,120 proofs in 7.0s (6016.66 proofs/sec)
2025-11-20 14:42:42,483 - INFO -   >>> Progress: 37,105 proofs in 7.0s (5300.41 proofs/sec)
2025-11-20 14:42:43,244 - INFO -   >>> Progress: 48,200 proofs in 8.0s (6024.53 proofs/sec)
2025-11-20 14:42:43,523 - INFO -   >>> Progress: 42,417 proofs in 8.0s (5301.83 proofs/sec)
2025-11-20 14:42:44,335 - INFO -   >>> Progress: 54,293 proofs in 9.0s (6032.11 proofs/sec)
2025-11-20 14:42:44,573 - INFO -   >>> Progress: 47,728 proofs in 9.0s (5302.84 proofs/sec)
2025-11-20 14:42:45,243 - INFO -   >>> Progress: 60,272 proofs in 10.0s (6026.70 proofs/sec)
2025-11-20 14:42:45,667 - INFO -   >>> Progress: 52,920 proofs in 10.0s (5291.75 proofs/sec)
2025-11-20 14:42:46,244 - INFO -   >>> Progress: 66,408 proofs in 11.0s (6036.59 proofs/sec)
2025-11-20 14:42:46,669 - INFO -   >>> Progress: 58,240 proofs in 11.0s (5294.23 proofs/sec)
2025-11-20 14:42:47,309 - INFO -   >>> Progress: 72,465 proofs in 12.0s (6038.24 proofs/sec)
2025-11-20 14:42:47,486 - INFO -   >>> Progress: 63,574 proofs in 12.0s (5297.52 proofs/sec)
2025-11-20 14:42:48,244 - INFO -   >>> Progress: 78,478 proofs in 13.0s (6036.24 proofs/sec)
2025-11-20 14:42:48,534 - INFO -   >>> Progress: 68,870 proofs in 13.0s (5297.33 proofs/sec)
2025-11-20 14:42:49,457 - INFO -   >>> Progress: 84,629 proofs in 14.0s (6044.38 proofs/sec)
2025-11-20 14:42:49,501 - INFO -   >>> Progress: 74,159 proofs in 14.0s (5296.71 proofs/sec)
2025-11-20 14:42:50,243 - INFO -   >>> Progress: 90,662 proofs in 15.0s (6043.61 proofs/sec)
2025-11-20 14:42:50,582 - INFO -   >>> Progress: 79,430 proofs in 15.0s (5294.95 proofs/sec)
2025-11-20 14:42:51,250 - INFO -   >>> Progress: 96,695 proofs in 16.0s (6042.92 proofs/sec)
2025-11-20 14:42:51,484 - INFO -   >>> Progress: 84,743 proofs in 16.0s (5296.04 proofs/sec)
2025-11-20 14:42:52,244 - INFO -   >>> Progress: 102,687 proofs in 17.0s (6039.87 proofs/sec)
2025-11-20 14:42:52,484 - INFO -   >>> Progress: 90,064 proofs in 17.0s (5297.46 proofs/sec)
2025-11-20 14:42:53,252 - INFO -   >>> Progress: 108,697 proofs in 18.0s (6038.17 proofs/sec)
2025-11-20 14:42:53,484 - INFO -   >>> Progress: 95,359 proofs in 18.0s (5297.30 proofs/sec)
2025-11-20 14:42:54,244 - INFO -   >>> Progress: 114,791 proofs in 19.0s (6041.11 proofs/sec)
2025-11-20 14:42:54,485 - INFO -   >>> Progress: 100,673 proofs in 19.0s (5298.15 proofs/sec)
2025-11-20 14:42:55,244 - INFO -   >>> Progress: 120,863 proofs in 20.0s (6042.64 proofs/sec)
2025-11-20 14:42:55,484 - INFO -   >>> Progress: 105,971 proofs in 20.0s (5298.10 proofs/sec)
2025-11-20 14:42:56,317 - INFO -   >>> Progress: 126,942 proofs in 21.0s (6044.36 proofs/sec)
2025-11-20 14:42:56,485 - INFO -   >>> Progress: 111,276 proofs in 21.0s (5298.40 proofs/sec)
2025-11-20 14:42:57,245 - INFO -   >>> Progress: 132,877 proofs in 22.0s (6039.34 proofs/sec)
2025-11-20 14:42:57,545 - INFO -   >>> Progress: 116,569 proofs in 22.0s (5298.15 proofs/sec)
2025-11-20 14:42:58,267 - INFO -   >>> Progress: 138,966 proofs in 23.0s (6041.46 proofs/sec)
2025-11-20 14:42:58,569 - INFO -   >>> Progress: 121,862 proofs in 23.0s (5297.89 proofs/sec)
2025-11-20 14:42:59,248 - INFO -   >>> Progress: 144,976 proofs in 24.0s (6040.12 proofs/sec)
2025-11-20 14:42:59,593 - INFO -   >>> Progress: 127,151 proofs in 24.0s (5297.50 proofs/sec)
2025-11-20 14:43:00,310 - INFO -   >>> Progress: 150,981 proofs in 25.0s (6038.68 proofs/sec)
2025-11-20 14:43:00,486 - INFO -   >>> Progress: 132,235 proofs in 25.0s (5288.94 proofs/sec)
2025-11-20 14:43:01,245 - INFO -   >>> Progress: 157,017 proofs in 26.0s (6038.58 proofs/sec)
2025-11-20 14:43:01,539 - INFO -   >>> Progress: 137,506 proofs in 26.0s (5288.24 proofs/sec)
2025-11-20 14:43:02,256 - INFO -   >>> Progress: 163,050 proofs in 27.0s (6038.35 proofs/sec)
2025-11-20 14:43:02,562 - INFO -   >>> Progress: 142,781 proofs in 27.0s (5287.73 proofs/sec)
2025-11-20 14:43:03,279 - INFO -   >>> Progress: 169,055 proofs in 28.0s (6037.13 proofs/sec)
2025-11-20 14:43:03,586 - INFO -   >>> Progress: 148,088 proofs in 28.0s (5288.41 proofs/sec)
2025-11-20 14:43:04,245 - INFO -   >>> Progress: 175,041 proofs in 29.0s (6035.36 proofs/sec)
2025-11-20 14:43:04,490 - INFO -   >>> Progress: 153,412 proofs in 29.0s (5289.63 proofs/sec)
2025-11-20 14:43:05,221 - INFO - Connected (version 2.0, client OpenSSH_8.7)
2025-11-20 14:43:05,244 - INFO -   >>> Progress: 180,962 proofs in 30.0s (6031.52 proofs/sec)
2025-11-20 14:43:05,508 - INFO -   >>> Progress: 158,707 proofs in 30.0s (5289.80 proofs/sec)
2025-11-20 14:43:05,591 - INFO - Authentication (publickey) successful!
2025-11-20 14:43:05,591 - INFO - Connected (version 2.0, client OpenSSH_8.7)
2025-11-20 14:43:05,849 - INFO - Authentication (publickey) successful!
2025-11-20 14:43:06,249 - INFO -   >>> Progress: 186,672 proofs in 31.0s (6021.12 proofs/sec)
2025-11-20 14:43:06,556 - INFO -   >>> Progress: 163,989 proofs in 31.0s (5289.54 proofs/sec)
2025-11-20 14:43:07,245 - INFO -   >>> Progress: 192,793 proofs in 32.0s (6024.22 proofs/sec)
2025-11-20 14:43:07,484 - INFO -   >>> Progress: 169,285 proofs in 32.0s (5289.74 proofs/sec)
2025-11-20 14:43:08,247 - INFO -   >>> Progress: 198,929 proofs in 33.0s (6027.61 proofs/sec)
2025-11-20 14:43:08,486 - INFO -   >>> Progress: 174,568 proofs in 33.0s (5289.52 proofs/sec)
2025-11-20 14:43:09,245 - INFO -   >>> Progress: 205,016 proofs in 34.0s (6029.35 proofs/sec)
2025-11-20 14:43:09,493 - INFO -   >>> Progress: 179,852 proofs in 34.0s (5289.36 proofs/sec)
2025-11-20 14:43:10,245 - INFO -   >>> Progress: 210,975 proofs in 35.0s (6027.32 proofs/sec)
2025-11-20 14:43:10,487 - INFO -   >>> Progress: 185,126 proofs in 35.0s (5288.89 proofs/sec)
2025-11-20 14:43:11,246 - INFO -   >>> Progress: 217,027 proofs in 36.0s (6028.00 proofs/sec)
2025-11-20 14:43:11,486 - INFO -   >>> Progress: 190,389 proofs in 36.0s (5288.17 proofs/sec)
2025-11-20 14:43:12,260 - INFO -   >>> Progress: 222,917 proofs in 37.0s (6024.25 proofs/sec)
2025-11-20 14:43:12,492 - INFO -   >>> Progress: 195,684 proofs in 37.0s (5288.35 proofs/sec)
2025-11-20 14:43:13,247 - INFO -   >>> Progress: 228,650 proofs in 38.0s (6016.58 proofs/sec)
2025-11-20 14:43:13,486 - INFO -   >>> Progress: 200,972 proofs in 38.0s (5288.33 proofs/sec)
2025-11-20 14:43:14,246 - INFO -   >>> Progress: 234,552 proofs in 39.0s (6013.63 proofs/sec)
2025-11-20 14:43:14,544 - INFO -   >>> Progress: 206,231 proofs in 39.0s (5287.57 proofs/sec)
2025-11-20 14:43:15,246 - INFO -   >>> Progress: 240,101 proofs in 40.0s (6002.01 proofs/sec)
2025-11-20 14:43:15,491 - INFO -   >>> Progress: 211,475 proofs in 40.0s (5286.48 proofs/sec)
2025-11-20 14:43:16,246 - INFO -   >>> Progress: 245,964 proofs in 41.0s (5998.60 proofs/sec)
2025-11-20 14:43:16,591 - INFO -   >>> Progress: 216,759 proofs in 41.0s (5286.41 proofs/sec)
2025-11-20 14:43:17,311 - INFO -   >>> Progress: 251,660 proofs in 42.0s (5991.39 proofs/sec)
2025-11-20 14:43:17,492 - INFO -   >>> Progress: 222,060 proofs in 42.0s (5286.74 proofs/sec)
2025-11-20 14:43:18,249 - INFO -   >>> Progress: 257,677 proofs in 43.0s (5991.97 proofs/sec)
2025-11-20 14:43:18,485 - INFO -   >>> Progress: 227,333 proofs in 43.0s (5286.42 proofs/sec)
2025-11-20 14:43:19,250 - INFO -   >>> Progress: 263,754 proofs in 44.0s (5993.89 proofs/sec)
2025-11-20 14:43:19,486 - INFO -   >>> Progress: 232,651 proofs in 44.0s (5287.13 proofs/sec)
2025-11-20 14:43:20,246 - INFO -   >>> Progress: 269,717 proofs in 45.0s (5993.20 proofs/sec)
2025-11-20 14:43:20,487 - INFO -   >>> Progress: 237,933 proofs in 45.0s (5287.00 proofs/sec)
2025-11-20 14:43:21,255 - INFO -   >>> Progress: 275,529 proofs in 46.0s (5989.24 proofs/sec)
2025-11-20 14:43:21,486 - INFO -   >>> Progress: 243,243 proofs in 46.0s (5287.49 proofs/sec)
2025-11-20 14:43:22,246 - INFO -   >>> Progress: 281,551 proofs in 47.0s (5989.92 proofs/sec)
2025-11-20 14:43:22,529 - INFO -   >>> Progress: 248,535 proofs in 47.0s (5287.57 proofs/sec)
2025-11-20 14:43:23,247 - INFO -   >>> Progress: 287,428 proofs in 48.0s (5987.56 proofs/sec)
2025-11-20 14:43:23,486 - INFO -   >>> Progress: 253,815 proofs in 48.0s (5287.40 proofs/sec)
2025-11-20 14:43:24,246 - INFO -   >>> Progress: 293,098 proofs in 49.0s (5981.07 proofs/sec)
2025-11-20 14:43:24,488 - INFO -   >>> Progress: 259,101 proofs in 49.0s (5287.36 proofs/sec)
2025-11-20 14:43:25,247 - INFO -   >>> Progress: 299,140 proofs in 50.0s (5982.28 proofs/sec)
2025-11-20 14:43:25,488 - INFO -   >>> Progress: 264,401 proofs in 50.0s (5287.61 proofs/sec)
2025-11-20 14:43:26,246 - INFO -   >>> Progress: 305,097 proofs in 51.0s (5981.78 proofs/sec)
2025-11-20 14:43:26,526 - INFO -   >>> Progress: 269,700 proofs in 51.0s (5287.83 proofs/sec)
2025-11-20 14:43:27,246 - INFO -   >>> Progress: 311,105 proofs in 52.0s (5982.27 proofs/sec)
2025-11-20 14:43:27,486 - INFO -   >>> Progress: 275,023 proofs in 52.0s (5288.49 proofs/sec)
2025-11-20 14:43:28,248 - INFO -   >>> Progress: 317,239 proofs in 53.0s (5985.13 proofs/sec)
2025-11-20 14:43:28,488 - INFO -   >>> Progress: 280,335 proofs in 53.0s (5288.93 proofs/sec)
2025-11-20 14:43:29,249 - INFO -   >>> Progress: 323,292 proofs in 54.0s (5986.38 proofs/sec)
2025-11-20 14:43:29,492 - INFO -   >>> Progress: 285,604 proofs in 54.0s (5288.56 proofs/sec)
2025-11-20 14:43:30,247 - INFO -   >>> Progress: 329,232 proofs in 55.0s (5985.53 proofs/sec)
2025-11-20 14:43:30,541 - INFO -   >>> Progress: 290,894 proofs in 55.0s (5288.57 proofs/sec)
2025-11-20 14:43:31,341 - INFO -   >>> Progress: 335,294 proofs in 56.0s (5986.89 proofs/sec)
2025-11-20 14:43:31,487 - INFO -   >>> Progress: 296,190 proofs in 56.0s (5288.70 proofs/sec)
2025-11-20 14:43:32,361 - INFO -   >>> Progress: 341,371 proofs in 57.0s (5988.47 proofs/sec)
2025-11-20 14:43:32,487 - INFO -   >>> Progress: 301,508 proofs in 57.0s (5289.21 proofs/sec)
2025-11-20 14:43:33,247 - INFO -   >>> Progress: 347,483 proofs in 58.0s (5990.60 proofs/sec)
2025-11-20 14:43:33,589 - INFO -   >>> Progress: 306,809 proofs in 58.0s (5289.40 proofs/sec)
2025-11-20 14:43:34,307 - INFO -   >>> Progress: 353,590 proofs in 59.0s (5992.56 proofs/sec)
2025-11-20 14:43:34,488 - INFO -   >>> Progress: 312,112 proofs in 59.0s (5289.62 proofs/sec)
2025-11-20 14:43:35,262 - INFO -   >>> Progress: 359,684 proofs in 60.0s (5994.23 proofs/sec)
2025-11-20 14:43:35,538 - INFO -   >>> Progress: 317,404 proofs in 60.0s (5289.66 proofs/sec)
2025-11-20 14:43:36,358 - INFO -   >>> Progress: 365,791 proofs in 61.0s (5996.07 proofs/sec)
2025-11-20 14:43:36,487 - INFO -   >>> Progress: 322,706 proofs in 61.0s (5289.85 proofs/sec)
2025-11-20 14:43:37,247 - INFO -   >>> Progress: 371,858 proofs in 62.0s (5997.20 proofs/sec)
2025-11-20 14:43:37,496 - INFO -   >>> Progress: 328,005 proofs in 62.0s (5289.99 proofs/sec)
2025-11-20 14:43:38,248 - INFO -   >>> Progress: 377,981 proofs in 63.0s (5999.18 proofs/sec)
2025-11-20 14:43:38,488 - INFO -   >>> Progress: 333,303 proofs in 63.0s (5290.12 proofs/sec)
2025-11-20 14:43:39,250 - INFO -   >>> Progress: 384,094 proofs in 64.0s (6000.96 proofs/sec)
2025-11-20 14:43:39,488 - INFO -   >>> Progress: 338,612 proofs in 64.0s (5290.41 proofs/sec)
2025-11-20 14:43:40,248 - INFO -   >>> Progress: 390,073 proofs in 65.0s (6000.62 proofs/sec)
2025-11-20 14:43:40,524 - INFO -   >>> Progress: 343,912 proofs in 65.0s (5290.54 proofs/sec)
2025-11-20 14:43:41,248 - INFO -   >>> Progress: 396,170 proofs in 66.0s (6002.05 proofs/sec)
2025-11-20 14:43:41,584 - INFO -   >>> Progress: 349,204 proofs in 66.0s (5290.57 proofs/sec)
2025-11-20 14:43:42,282 - INFO -   >>> Progress: 401,982 proofs in 67.0s (5999.20 proofs/sec)
2025-11-20 14:43:42,498 - INFO -   >>> Progress: 354,415 proofs in 67.0s (5289.36 proofs/sec)
2025-11-20 14:43:43,356 - INFO -   >>> Progress: 408,037 proofs in 68.0s (6000.01 proofs/sec)
2025-11-20 14:43:43,488 - INFO -   >>> Progress: 359,698 proofs in 68.0s (5289.27 proofs/sec)
2025-11-20 14:43:44,250 - INFO -   >>> Progress: 413,947 proofs in 69.0s (5998.70 proofs/sec)
2025-11-20 14:43:44,489 - INFO -   >>> Progress: 364,981 proofs in 69.0s (5289.17 proofs/sec)
2025-11-20 14:43:45,248 - INFO -   >>> Progress: 419,772 proofs in 70.0s (5996.21 proofs/sec)
2025-11-20 14:43:45,488 - INFO -   >>> Progress: 370,165 proofs in 70.0s (5287.67 proofs/sec)
2025-11-20 14:43:46,287 - INFO -   >>> Progress: 425,817 proofs in 71.0s (5996.89 proofs/sec)
2025-11-20 14:43:46,488 - INFO -   >>> Progress: 375,457 proofs in 71.0s (5287.72 proofs/sec)
2025-11-20 14:43:47,335 - INFO -   >>> Progress: 431,665 proofs in 72.0s (5994.82 proofs/sec)
2025-11-20 14:43:47,526 - INFO -   >>> Progress: 380,743 proofs in 72.0s (5287.68 proofs/sec)
2025-11-20 14:43:48,249 - INFO -   >>> Progress: 437,673 proofs in 73.0s (5994.99 proofs/sec)
2025-11-20 14:43:48,488 - INFO -   >>> Progress: 386,010 proofs in 73.0s (5287.40 proofs/sec)
2025-11-20 14:43:49,257 - INFO -   >>> Progress: 443,757 proofs in 74.0s (5996.18 proofs/sec)
2025-11-20 14:43:49,488 - INFO -   >>> Progress: 391,285 proofs in 74.0s (5287.22 proofs/sec)
2025-11-20 14:43:50,248 - INFO -   >>> Progress: 449,854 proofs in 75.0s (5997.51 proofs/sec)
2025-11-20 14:43:50,489 - INFO -   >>> Progress: 396,559 proofs in 75.0s (5287.04 proofs/sec)
2025-11-20 14:43:51,305 - INFO -   >>> Progress: 455,943 proofs in 76.0s (5998.70 proofs/sec)
2025-11-20 14:43:51,524 - INFO -   >>> Progress: 401,820 proofs in 76.0s (5286.68 proofs/sec)
2025-11-20 14:43:52,249 - INFO -   >>> Progress: 461,977 proofs in 77.0s (5999.16 proofs/sec)
2025-11-20 14:43:52,573 - INFO -   >>> Progress: 407,099 proofs in 77.0s (5286.58 proofs/sec)
2025-11-20 14:43:53,299 - INFO -   >>> Progress: 468,080 proofs in 78.0s (6000.48 proofs/sec)
2025-11-20 14:43:53,488 - INFO -   >>> Progress: 412,343 proofs in 78.0s (5286.03 proofs/sec)
2025-11-20 14:43:54,249 - INFO -   >>> Progress: 474,193 proofs in 79.0s (6001.90 proofs/sec)
2025-11-20 14:43:54,706 - INFO -   >>> Progress: 417,611 proofs in 79.0s (5285.79 proofs/sec)
2025-11-20 14:43:55,250 - INFO -   >>> Progress: 480,269 proofs in 80.0s (6002.83 proofs/sec)
2025-11-20 14:43:55,489 - INFO -   >>> Progress: 422,861 proofs in 80.0s (5285.34 proofs/sec)
2025-11-20 14:43:56,322 - INFO -   >>> Progress: 486,374 proofs in 81.0s (6004.08 proofs/sec)
2025-11-20 14:43:56,489 - INFO -   >>> Progress: 428,067 proofs in 81.0s (5284.35 proofs/sec)
2025-11-20 14:43:57,249 - INFO -   >>> Progress: 492,400 proofs in 82.0s (6004.35 proofs/sec)
2025-11-20 14:43:57,489 - INFO -   >>> Progress: 433,277 proofs in 82.0s (5283.43 proofs/sec)
2025-11-20 14:43:58,268 - INFO -   >>> Progress: 498,483 proofs in 83.0s (6005.29 proofs/sec)
2025-11-20 14:43:58,521 - INFO -   >>> Progress: 438,540 proofs in 83.0s (5283.18 proofs/sec)
2025-11-20 14:43:59,297 - INFO -   >>> Progress: 504,579 proofs in 84.0s (6006.36 proofs/sec)
2025-11-20 14:43:59,569 - INFO -   >>> Progress: 443,828 proofs in 84.0s (5283.23 proofs/sec)
2025-11-20 14:44:00,316 - INFO -   >>> Progress: 510,631 proofs in 85.0s (6006.89 proofs/sec)
2025-11-20 14:44:00,490 - INFO -   >>> Progress: 448,844 proofs in 85.0s (5280.08 proofs/sec)
2025-11-20 14:44:01,259 - INFO -   >>> Progress: 516,653 proofs in 86.0s (6007.06 proofs/sec)
2025-11-20 14:44:01,497 - INFO -   >>> Progress: 454,051 proofs in 86.0s (5279.23 proofs/sec)
2025-11-20 14:44:02,249 - INFO -   >>> Progress: 522,563 proofs in 87.0s (6005.94 proofs/sec)
2025-11-20 14:44:02,494 - INFO -   >>> Progress: 459,296 proofs in 87.0s (5278.82 proofs/sec)
2025-11-20 14:44:03,250 - INFO -   >>> Progress: 528,516 proofs in 88.0s (6005.34 proofs/sec)
2025-11-20 14:44:03,490 - INFO -   >>> Progress: 464,571 proofs in 88.0s (5278.77 proofs/sec)
2025-11-20 14:44:04,289 - INFO -   >>> Progress: 534,411 proofs in 89.0s (6004.09 proofs/sec)
2025-11-20 14:44:04,490 - INFO -   >>> Progress: 469,865 proofs in 89.0s (5278.93 proofs/sec)
2025-11-20 14:44:05,435 - INFO -   >>> Progress: 540,230 proofs in 90.0s (6002.03 proofs/sec)
2025-11-20 14:44:05,490 - INFO -   >>> Progress: 475,129 proofs in 90.0s (5278.76 proofs/sec)
2025-11-20 14:44:06,250 - INFO -   >>> Progress: 546,123 proofs in 91.0s (6000.82 proofs/sec)
2025-11-20 14:44:06,490 - INFO -   >>> Progress: 480,381 proofs in 91.0s (5278.46 proofs/sec)
2025-11-20 14:44:07,249 - INFO -   >>> Progress: 551,941 proofs in 92.0s (5998.82 proofs/sec)
2025-11-20 14:44:07,490 - INFO -   >>> Progress: 485,713 proofs in 92.0s (5279.04 proofs/sec)
2025-11-20 14:44:08,250 - INFO -   >>> Progress: 557,908 proofs in 93.0s (5998.47 proofs/sec)
2025-11-20 14:44:08,508 - INFO -   >>> Progress: 490,993 proofs in 93.0s (5279.05 proofs/sec)
2025-11-20 14:44:09,251 - INFO -   >>> Progress: 563,979 proofs in 94.0s (5999.24 proofs/sec)
2025-11-20 14:44:09,533 - INFO -   >>> Progress: 496,309 proofs in 94.0s (5279.43 proofs/sec)
2025-11-20 14:44:10,351 - INFO -   >>> Progress: 570,041 proofs in 95.0s (5999.90 proofs/sec)
2025-11-20 14:44:10,490 - INFO -   >>> Progress: 501,595 proofs in 95.0s (5279.50 proofs/sec)
2025-11-20 14:44:11,278 - INFO -   >>> Progress: 576,073 proofs in 96.0s (6000.23 proofs/sec)
2025-11-20 14:44:11,580 - INFO -   >>> Progress: 506,888 proofs in 96.0s (5279.63 proofs/sec)
2025-11-20 14:44:12,250 - INFO -   >>> Progress: 581,822 proofs in 97.0s (5997.63 proofs/sec)
2025-11-20 14:44:12,494 - INFO -   >>> Progress: 512,199 proofs in 97.0s (5279.95 proofs/sec)
2025-11-20 14:44:13,251 - INFO -   >>> Progress: 587,914 proofs in 98.0s (5998.59 proofs/sec)
2025-11-20 14:44:13,490 - INFO -   >>> Progress: 517,503 proofs in 98.0s (5280.19 proofs/sec)
2025-11-20 14:44:14,251 - INFO -   >>> Progress: 594,047 proofs in 99.0s (5999.94 proofs/sec)
2025-11-20 14:44:14,550 - INFO -   >>> Progress: 522,801 proofs in 99.0s (5280.37 proofs/sec)
2025-11-20 14:44:15,267 - INFO -   >>> Progress: 599,893 proofs in 100.0s (5998.40 proofs/sec)
2025-11-20 14:44:15,491 - INFO -   >>> Progress: 528,083 proofs in 100.0s (5280.38 proofs/sec)
2025-11-20 14:44:16,291 - INFO -   >>> Progress: 605,941 proofs in 101.0s (5998.89 proofs/sec)
2025-11-20 14:44:16,491 - INFO -   >>> Progress: 533,365 proofs in 101.0s (5280.40 proofs/sec)
2025-11-20 14:44:17,314 - INFO -   >>> Progress: 612,074 proofs in 102.0s (6000.20 proofs/sec)
2025-11-20 14:44:17,493 - INFO -   >>> Progress: 538,691 proofs in 102.0s (5280.83 proofs/sec)
2025-11-20 14:44:18,338 - INFO -   >>> Progress: 618,111 proofs in 103.0s (6000.56 proofs/sec)
2025-11-20 14:44:18,491 - INFO -   >>> Progress: 543,929 proofs in 103.0s (5280.41 proofs/sec)
2025-11-20 14:44:19,251 - INFO -   >>> Progress: 624,223 proofs in 104.0s (6001.62 proofs/sec)
2025-11-20 14:44:19,492 - INFO -   >>> Progress: 549,202 proofs in 104.0s (5280.34 proofs/sec)
2025-11-20 14:44:20,250 - INFO -   >>> Progress: 630,294 proofs in 105.0s (6002.27 proofs/sec)
2025-11-20 14:44:20,493 - INFO -   >>> Progress: 554,483 proofs in 105.0s (5280.35 proofs/sec)
2025-11-20 14:44:21,251 - INFO -   >>> Progress: 636,386 proofs in 106.0s (6003.12 proofs/sec)
2025-11-20 14:44:21,491 - INFO -   >>> Progress: 559,774 proofs in 106.0s (5280.45 proofs/sec)
2025-11-20 14:44:22,251 - INFO -   >>> Progress: 642,502 proofs in 107.0s (6004.16 proofs/sec)
2025-11-20 14:44:22,536 - INFO -   >>> Progress: 565,044 proofs in 107.0s (5280.34 proofs/sec)
2025-11-20 14:44:23,358 - INFO -   >>> Progress: 648,622 proofs in 108.0s (6005.23 proofs/sec)
2025-11-20 14:44:23,492 - INFO -   >>> Progress: 570,324 proofs in 108.0s (5280.33 proofs/sec)
2025-11-20 14:44:24,278 - INFO -   >>> Progress: 654,733 proofs in 109.0s (6006.19 proofs/sec)
2025-11-20 14:44:24,585 - INFO -   >>> Progress: 575,627 proofs in 109.0s (5280.54 proofs/sec)
2025-11-20 14:44:25,252 - INFO -   >>> Progress: 660,782 proofs in 110.0s (6006.58 proofs/sec)
2025-11-20 14:44:25,507 - INFO -   >>> Progress: 580,925 proofs in 110.0s (5280.70 proofs/sec)
2025-11-20 14:44:26,326 - INFO -   >>> Progress: 666,812 proofs in 111.0s (6006.79 proofs/sec)
2025-11-20 14:44:26,499 - INFO -   >>> Progress: 586,228 proofs in 111.0s (5280.89 proofs/sec)
2025-11-20 14:44:27,251 - INFO -   >>> Progress: 672,876 proofs in 112.0s (6007.29 proofs/sec)
2025-11-20 14:44:27,554 - INFO -   >>> Progress: 591,550 proofs in 112.0s (5281.26 proofs/sec)
2025-11-20 14:44:28,273 - INFO -   >>> Progress: 678,886 proofs in 113.0s (6007.31 proofs/sec)
2025-11-20 14:44:28,579 - INFO -   >>> Progress: 596,853 proofs in 113.0s (5281.44 proofs/sec)
2025-11-20 14:44:29,296 - INFO -   >>> Progress: 685,007 proofs in 114.0s (6008.30 proofs/sec)
2025-11-20 14:44:29,492 - INFO -   >>> Progress: 602,128 proofs in 114.0s (5281.38 proofs/sec)
2025-11-20 14:44:30,252 - INFO -   >>> Progress: 690,991 proofs in 115.0s (6008.09 proofs/sec)
2025-11-20 14:44:30,525 - INFO -   >>> Progress: 607,382 proofs in 115.0s (5281.14 proofs/sec)
2025-11-20 14:44:31,344 - INFO -   >>> Progress: 697,048 proofs in 116.0s (6008.51 proofs/sec)
2025-11-20 14:44:31,492 - INFO -   >>> Progress: 612,635 proofs in 116.0s (5280.90 proofs/sec)
2025-11-20 14:44:32,266 - INFO -   >>> Progress: 703,053 proofs in 117.0s (6008.47 proofs/sec)
2025-11-20 14:44:32,575 - INFO -   >>> Progress: 617,897 proofs in 117.0s (5280.73 proofs/sec)
2025-11-20 14:44:33,288 - INFO -   >>> Progress: 709,122 proofs in 118.0s (6008.99 proofs/sec)
2025-11-20 14:44:33,492 - INFO -   >>> Progress: 623,179 proofs in 118.0s (5280.74 proofs/sec)
2025-11-20 14:44:34,253 - INFO -   >>> Progress: 715,124 proofs in 119.0s (6008.92 proofs/sec)
2025-11-20 14:44:34,517 - INFO -   >>> Progress: 628,462 proofs in 119.0s (5280.75 proofs/sec)
2025-11-20 14:44:35,253 - INFO -   >>> Progress: 721,218 proofs in 120.0s (6009.63 proofs/sec)
2025-11-20 14:44:35,492 - INFO -   >>> Progress: 633,701 proofs in 120.0s (5280.39 proofs/sec)
2025-11-20 14:44:36,365 - INFO -   >>> Progress: 727,313 proofs in 121.0s (6010.33 proofs/sec)
2025-11-20 14:44:36,497 - INFO -   >>> Progress: 638,968 proofs in 121.0s (5280.28 proofs/sec)
2025-11-20 14:44:37,284 - INFO -   >>> Progress: 733,451 proofs in 122.0s (6011.37 proofs/sec)
2025-11-20 14:44:37,584 - INFO -   >>> Progress: 644,246 proofs in 122.0s (5280.25 proofs/sec)
2025-11-20 14:44:38,310 - INFO -   >>> Progress: 739,509 proofs in 123.0s (6011.75 proofs/sec)
2025-11-20 14:44:38,492 - INFO -   >>> Progress: 649,461 proofs in 123.0s (5279.72 proofs/sec)
2025-11-20 14:44:39,330 - INFO -   >>> Progress: 745,600 proofs in 124.0s (6012.38 proofs/sec)
2025-11-20 14:44:39,639 - INFO -   >>> Progress: 654,739 proofs in 124.0s (5279.70 proofs/sec)
2025-11-20 14:44:40,395 - INFO -   >>> Progress: 751,685 proofs in 125.0s (6012.96 proofs/sec)
2025-11-20 14:44:40,493 - INFO -   >>> Progress: 659,740 proofs in 125.0s (5277.47 proofs/sec)
2025-11-20 14:44:41,252 - INFO -   >>> Progress: 757,751 proofs in 126.0s (6013.37 proofs/sec)
2025-11-20 14:44:41,572 - INFO -   >>> Progress: 665,013 proofs in 126.0s (5277.43 proofs/sec)
2025-11-20 14:44:42,263 - INFO -   >>> Progress: 763,545 proofs in 127.0s (6011.64 proofs/sec)
2025-11-20 14:44:42,493 - INFO -   >>> Progress: 670,211 proofs in 127.0s (5276.80 proofs/sec)
2025-11-20 14:44:43,253 - INFO -   >>> Progress: 769,650 proofs in 128.0s (6012.36 proofs/sec)
2025-11-20 14:44:43,493 - INFO -   >>> Progress: 675,458 proofs in 128.0s (5276.57 proofs/sec)
2025-11-20 14:44:44,253 - INFO -   >>> Progress: 775,718 proofs in 129.0s (6012.79 proofs/sec)
2025-11-20 14:44:44,527 - INFO -   >>> Progress: 680,737 proofs in 129.0s (5276.58 proofs/sec)
2025-11-20 14:44:45,254 - INFO -   >>> Progress: 781,475 proofs in 130.0s (6010.82 proofs/sec)
2025-11-20 14:44:45,575 - INFO -   >>> Progress: 685,876 proofs in 130.0s (5275.52 proofs/sec)
2025-11-20 14:44:46,295 - INFO -   >>> Progress: 787,384 proofs in 131.0s (6010.04 proofs/sec)
2025-11-20 14:44:46,493 - INFO -   >>> Progress: 691,194 proofs in 131.0s (5275.85 proofs/sec)
2025-11-20 14:44:47,253 - INFO -   >>> Progress: 793,276 proofs in 132.0s (6009.14 proofs/sec)
2025-11-20 14:44:47,493 - INFO -   >>> Progress: 696,427 proofs in 132.0s (5275.52 proofs/sec)
2025-11-20 14:44:48,270 - INFO -   >>> Progress: 798,993 proofs in 133.0s (6006.94 proofs/sec)
2025-11-20 14:44:48,493 - INFO -   >>> Progress: 701,612 proofs in 133.0s (5274.83 proofs/sec)
2025-11-20 14:44:49,265 - INFO -   >>> Progress: 805,042 proofs in 134.0s (6007.25 proofs/sec)
2025-11-20 14:44:49,493 - INFO -   >>> Progress: 706,869 proofs in 134.0s (5274.70 proofs/sec)
2025-11-20 14:44:50,295 - INFO -   >>> Progress: 811,080 proofs in 135.0s (6007.47 proofs/sec)
2025-11-20 14:44:50,494 - INFO -   >>> Progress: 712,128 proofs in 135.0s (5274.58 proofs/sec)
2025-11-20 14:44:51,414 - INFO -   >>> Progress: 817,006 proofs in 136.0s (6006.86 proofs/sec)
2025-11-20 14:44:51,539 - INFO -   >>> Progress: 717,336 proofs in 136.0s (5274.09 proofs/sec)
2025-11-20 14:44:52,254 - INFO -   >>> Progress: 822,829 proofs in 137.0s (6005.52 proofs/sec)
2025-11-20 14:44:52,587 - INFO -   >>> Progress: 722,593 proofs in 137.0s (5273.96 proofs/sec)
2025-11-20 14:44:53,462 - INFO -   >>> Progress: 828,874 proofs in 138.0s (6005.79 proofs/sec)
2025-11-20 14:44:53,500 - INFO -   >>> Progress: 727,861 proofs in 138.0s (5273.91 proofs/sec)
2025-11-20 14:44:54,282 - INFO -   >>> Progress: 834,920 proofs in 139.0s (6006.08 proofs/sec)
2025-11-20 14:44:54,511 - INFO -   >>> Progress: 733,158 proofs in 139.0s (5274.08 proofs/sec)
2025-11-20 14:44:55,254 - INFO -   >>> Progress: 840,905 proofs in 140.0s (6005.92 proofs/sec)
2025-11-20 14:44:55,537 - INFO -   >>> Progress: 738,432 proofs in 140.0s (5274.07 proofs/sec)
2025-11-20 14:44:56,254 - INFO -   >>> Progress: 847,003 proofs in 141.0s (6006.57 proofs/sec)
2025-11-20 14:44:56,494 - INFO -   >>> Progress: 743,701 proofs in 141.0s (5274.03 proofs/sec)
2025-11-20 14:44:57,256 - INFO -   >>> Progress: 852,970 proofs in 142.0s (6006.29 proofs/sec)
2025-11-20 14:44:57,659 - INFO -   >>> Progress: 748,996 proofs in 142.0s (5274.18 proofs/sec)
2025-11-20 14:44:58,255 - INFO -   >>> Progress: 859,081 proofs in 143.0s (6007.02 proofs/sec)
2025-11-20 14:44:58,494 - INFO -   >>> Progress: 754,259 proofs in 143.0s (5274.10 proofs/sec)
2025-11-20 14:44:59,298 - INFO -   >>> Progress: 865,214 proofs in 144.0s (6007.90 proofs/sec)
2025-11-20 14:44:59,494 - INFO -   >>> Progress: 759,554 proofs in 144.0s (5274.24 proofs/sec)
2025-11-20 14:45:00,322 - INFO -   >>> Progress: 871,207 proofs in 145.0s (6007.79 proofs/sec)
2025-11-20 14:45:00,494 - INFO -   >>> Progress: 764,550 proofs in 145.0s (5272.31 proofs/sec)
2025-11-20 14:45:01,346 - INFO -   >>> Progress: 877,298 proofs in 146.0s (6008.36 proofs/sec)
2025-11-20 14:45:01,496 - INFO -   >>> Progress: 769,529 proofs in 146.0s (5270.30 proofs/sec)
2025-11-20 14:45:02,254 - INFO -   >>> Progress: 883,280 proofs in 147.0s (6008.18 proofs/sec)
2025-11-20 14:45:02,576 - INFO -   >>> Progress: 774,711 proofs in 147.0s (5269.70 proofs/sec)
2025-11-20 14:45:03,254 - INFO -   >>> Progress: 889,417 proofs in 148.0s (6009.05 proofs/sec)
2025-11-20 14:45:03,498 - INFO -   >>> Progress: 779,911 proofs in 148.0s (5269.23 proofs/sec)
2025-11-20 14:45:04,318 - INFO -   >>> Progress: 895,527 proofs in 149.0s (6009.72 proofs/sec)
2025-11-20 14:45:04,498 - INFO -   >>> Progress: 785,159 proofs in 149.0s (5269.08 proofs/sec)
2025-11-20 14:45:05,340 - INFO -   >>> Progress: 901,499 proofs in 150.0s (6009.47 proofs/sec)
2025-11-20 14:45:05,500 - INFO -   >>> Progress: 790,417 proofs in 150.0s (5269.01 proofs/sec)
2025-11-20 14:45:06,260 - INFO -   >>> Progress: 907,620 proofs in 151.0s (6010.20 proofs/sec)
2025-11-20 14:45:06,549 - INFO -   >>> Progress: 795,722 proofs in 151.0s (5269.24 proofs/sec)
2025-11-20 14:45:07,255 - INFO -   >>> Progress: 913,635 proofs in 152.0s (6010.22 proofs/sec)
2025-11-20 14:45:07,696 - INFO -   >>> Progress: 801,012 proofs in 152.0s (5269.38 proofs/sec)
2025-11-20 14:45:08,254 - INFO -   >>> Progress: 919,723 proofs in 153.0s (6010.73 proofs/sec)
2025-11-20 14:45:08,495 - INFO -   >>> Progress: 806,310 proofs in 153.0s (5269.56 proofs/sec)
2025-11-20 14:45:09,255 - INFO -   >>> Progress: 925,571 proofs in 154.0s (6009.67 proofs/sec)
2025-11-20 14:45:09,538 - INFO -   >>> Progress: 811,627 proofs in 154.0s (5269.86 proofs/sec)
2025-11-20 14:45:10,358 - INFO -   >>> Progress: 931,549 proofs in 155.0s (6009.46 proofs/sec)
2025-11-20 14:45:10,495 - INFO -   >>> Progress: 816,916 proofs in 155.0s (5269.98 proofs/sec)
2025-11-20 14:45:11,279 - INFO -   >>> Progress: 937,611 proofs in 156.0s (6009.80 proofs/sec)
2025-11-20 14:45:11,688 - INFO -   >>> Progress: 822,198 proofs in 156.0s (5270.06 proofs/sec)
2025-11-20 14:45:12,319 - INFO -   >>> Progress: 943,667 proofs in 157.0s (6010.09 proofs/sec)
2025-11-20 14:45:12,495 - INFO -   >>> Progress: 827,493 proofs in 157.0s (5270.22 proofs/sec)
2025-11-20 14:45:13,260 - INFO -   >>> Progress: 949,724 proofs in 158.0s (6010.38 proofs/sec)
2025-11-20 14:45:13,495 - INFO -   >>> Progress: 832,783 proofs in 158.0s (5270.34 proofs/sec)
2025-11-20 14:45:14,255 - INFO -   >>> Progress: 955,758 proofs in 159.0s (6010.53 proofs/sec)
2025-11-20 14:45:14,495 - INFO -   >>> Progress: 838,064 proofs in 159.0s (5270.40 proofs/sec)
2025-11-20 14:45:15,273 - INFO -   >>> Progress: 961,740 proofs in 160.0s (6010.34 proofs/sec)
2025-11-20 14:45:15,549 - INFO -   >>> Progress: 843,329 proofs in 160.0s (5270.37 proofs/sec)
2025-11-20 14:45:16,297 - INFO -   >>> Progress: 967,836 proofs in 161.0s (6010.87 proofs/sec)
2025-11-20 14:45:16,495 - INFO -   >>> Progress: 848,628 proofs in 161.0s (5270.54 proofs/sec)
2025-11-20 14:45:17,323 - INFO -   >>> Progress: 973,923 proofs in 162.0s (6011.34 proofs/sec)
2025-11-20 14:45:17,495 - INFO -   >>> Progress: 853,946 proofs in 162.0s (5270.83 proofs/sec)
2025-11-20 14:45:18,256 - INFO -   >>> Progress: 980,003 proofs in 163.0s (6011.75 proofs/sec)
2025-11-20 14:45:18,552 - INFO -   >>> Progress: 859,222 proofs in 163.0s (5270.86 proofs/sec)
2025-11-20 14:45:19,256 - INFO -   >>> Progress: 986,082 proofs in 164.0s (6012.16 proofs/sec)
2025-11-20 14:45:19,494 - INFO -   >>> Progress: 864,523 proofs in 164.0s (5271.04 proofs/sec)
2025-11-20 14:45:20,255 - INFO -   >>> Progress: 992,131 proofs in 165.0s (6012.38 proofs/sec)
2025-11-20 14:45:20,512 - INFO -   >>> Progress: 869,776 proofs in 165.0s (5270.93 proofs/sec)
2025-11-20 14:45:21,257 - INFO -   >>> Progress: 998,199 proofs in 166.0s (6012.72 proofs/sec)
2025-11-20 14:45:21,621 - INFO -   >>> Progress: 875,039 proofs in 166.0s (5270.88 proofs/sec)
2025-11-20 14:45:22,272 - INFO -   >>> Progress: 1,004,126 proofs in 167.0s (6012.20 proofs/sec)
2025-11-20 14:45:22,495 - INFO -   >>> Progress: 880,328 proofs in 167.0s (5270.99 proofs/sec)
2025-11-20 14:45:23,255 - INFO -   >>> Progress: 1,010,128 proofs in 168.0s (6012.14 proofs/sec)
2025-11-20 14:45:23,655 - INFO -   >>> Progress: 885,606 proofs in 168.0s (5271.03 proofs/sec)
2025-11-20 14:45:24,256 - INFO -   >>> Progress: 1,016,197 proofs in 169.0s (6012.47 proofs/sec)
2025-11-20 14:45:24,544 - INFO -   >>> Progress: 890,890 proofs in 169.0s (5271.10 proofs/sec)
2025-11-20 14:45:25,256 - INFO -   >>> Progress: 1,022,110 proofs in 170.0s (6011.88 proofs/sec)
2025-11-20 14:45:25,496 - INFO -   >>> Progress: 896,139 proofs in 170.0s (5270.97 proofs/sec)
2025-11-20 14:45:26,257 - INFO -   >>> Progress: 1,028,117 proofs in 171.0s (6011.85 proofs/sec)
2025-11-20 14:45:26,539 - INFO -   >>> Progress: 901,437 proofs in 171.0s (5271.12 proofs/sec)
2025-11-20 14:45:27,257 - INFO -   >>> Progress: 1,034,058 proofs in 172.0s (6011.44 proofs/sec)
2025-11-20 14:45:27,496 - INFO -   >>> Progress: 906,717 proofs in 172.0s (5271.18 proofs/sec)
2025-11-20 14:45:28,280 - INFO -   >>> Progress: 1,040,144 proofs in 173.0s (6011.86 proofs/sec)
2025-11-20 14:45:28,586 - INFO -   >>> Progress: 911,932 proofs in 173.0s (5270.85 proofs/sec)
2025-11-20 14:45:29,301 - INFO -   >>> Progress: 1,046,247 proofs in 174.0s (6012.39 proofs/sec)
2025-11-20 14:45:29,496 - INFO -   >>> Progress: 917,183 proofs in 174.0s (5270.73 proofs/sec)
2025-11-20 14:45:30,256 - INFO -   >>> Progress: 1,052,274 proofs in 175.0s (6012.47 proofs/sec)
2025-11-20 14:45:30,530 - INFO -   >>> Progress: 922,419 proofs in 175.0s (5270.53 proofs/sec)
2025-11-20 14:45:31,350 - INFO -   >>> Progress: 1,058,362 proofs in 176.0s (6012.89 proofs/sec)
2025-11-20 14:45:31,496 - INFO -   >>> Progress: 927,721 proofs in 176.0s (5270.70 proofs/sec)
2025-11-20 14:45:32,257 - INFO -   >>> Progress: 1,064,368 proofs in 177.0s (6012.85 proofs/sec)
2025-11-20 14:45:32,578 - INFO -   >>> Progress: 933,022 proofs in 177.0s (5270.87 proofs/sec)
2025-11-20 14:45:33,295 - INFO -   >>> Progress: 1,070,441 proofs in 178.0s (6013.19 proofs/sec)
2025-11-20 14:45:33,498 - INFO -   >>> Progress: 938,320 proofs in 178.0s (5271.02 proofs/sec)
2025-11-20 14:45:34,319 - INFO -   >>> Progress: 1,076,232 proofs in 179.0s (6011.95 proofs/sec)
2025-11-20 14:45:34,497 - INFO -   >>> Progress: 943,632 proofs in 179.0s (5271.24 proofs/sec)
2025-11-20 14:45:35,258 - INFO -   >>> Progress: 1,082,197 proofs in 180.0s (6011.68 proofs/sec)
2025-11-20 14:45:35,548 - INFO -   >>> Progress: 948,877 proofs in 180.0s (5271.09 proofs/sec)
2025-11-20 14:45:36,265 - INFO -   >>> Progress: 1,088,283 proofs in 181.0s (6012.09 proofs/sec)
2025-11-20 14:45:36,572 - INFO -   >>> Progress: 954,132 proofs in 181.0s (5271.00 proofs/sec)
2025-11-20 14:45:37,289 - INFO -   >>> Progress: 1,094,351 proofs in 182.0s (6012.39 proofs/sec)
2025-11-20 14:45:37,595 - INFO -   >>> Progress: 959,426 proofs in 182.0s (5271.12 proofs/sec)
2025-11-20 14:45:38,313 - INFO -   >>> Progress: 1,100,305 proofs in 183.0s (6012.07 proofs/sec)
2025-11-20 14:45:38,499 - INFO -   >>> Progress: 964,702 proofs in 183.0s (5271.15 proofs/sec)
2025-11-20 14:45:39,336 - INFO -   >>> Progress: 1,106,236 proofs in 184.0s (6011.63 proofs/sec)
2025-11-20 14:45:39,497 - INFO -   >>> Progress: 970,034 proofs in 184.0s (5271.48 proofs/sec)
2025-11-20 14:45:40,361 - INFO -   >>> Progress: 1,112,266 proofs in 185.0s (6011.72 proofs/sec)
2025-11-20 14:45:40,498 - INFO -   >>> Progress: 975,264 proofs in 185.0s (5271.25 proofs/sec)
2025-11-20 14:45:41,257 - INFO -   >>> Progress: 1,118,148 proofs in 186.0s (6011.02 proofs/sec)
2025-11-20 14:45:41,498 - INFO -   >>> Progress: 980,557 proofs in 186.0s (5271.36 proofs/sec)
2025-11-20 14:45:42,260 - INFO -   >>> Progress: 1,124,133 proofs in 187.0s (6010.88 proofs/sec)
2025-11-20 14:45:42,511 - INFO -   >>> Progress: 985,730 proofs in 187.0s (5270.84 proofs/sec)
2025-11-20 14:45:43,258 - INFO -   >>> Progress: 1,130,214 proofs in 188.0s (6011.25 proofs/sec)
2025-11-20 14:45:43,536 - INFO -   >>> Progress: 991,026 proofs in 188.0s (5270.97 proofs/sec)
2025-11-20 14:45:44,354 - INFO -   >>> Progress: 1,136,258 proofs in 189.0s (6011.42 proofs/sec)
2025-11-20 14:45:44,497 - INFO -   >>> Progress: 996,359 proofs in 189.0s (5271.29 proofs/sec)
2025-11-20 14:45:45,259 - INFO -   >>> Progress: 1,142,123 proofs in 190.0s (6010.64 proofs/sec)
2025-11-20 14:45:45,583 - INFO -   >>> Progress: 1,001,545 proofs in 190.0s (5270.84 proofs/sec)
2025-11-20 14:45:46,300 - INFO -   >>> Progress: 1,148,146 proofs in 191.0s (6010.71 proofs/sec)
2025-11-20 14:45:46,499 - INFO -   >>> Progress: 1,006,798 proofs in 191.0s (5270.74 proofs/sec)
2025-11-20 14:45:47,258 - INFO -   >>> Progress: 1,153,974 proofs in 192.0s (6009.75 proofs/sec)
2025-11-20 14:45:47,529 - INFO -   >>> Progress: 1,012,036 proofs in 192.0s (5270.57 proofs/sec)
2025-11-20 14:45:48,349 - INFO -   >>> Progress: 1,159,823 proofs in 193.0s (6008.92 proofs/sec)
2025-11-20 14:45:48,498 - INFO -   >>> Progress: 1,017,276 proofs in 193.0s (5270.41 proofs/sec)
2025-11-20 14:45:49,269 - INFO -   >>> Progress: 1,165,768 proofs in 194.0s (6008.58 proofs/sec)
2025-11-20 14:45:49,548 - INFO -   >>> Progress: 1,022,482 proofs in 194.0s (5270.07 proofs/sec)
2025-11-20 14:45:50,259 - INFO -   >>> Progress: 1,171,750 proofs in 195.0s (6008.45 proofs/sec)
2025-11-20 14:45:50,601 - INFO -   >>> Progress: 1,027,727 proofs in 195.0s (5269.94 proofs/sec)
2025-11-20 14:45:51,258 - INFO -   >>> Progress: 1,177,736 proofs in 196.0s (6008.33 proofs/sec)
2025-11-20 14:45:51,498 - INFO -   >>> Progress: 1,032,991 proofs in 196.0s (5269.91 proofs/sec)
2025-11-20 14:45:52,258 - INFO -   >>> Progress: 1,183,464 proofs in 197.0s (6006.91 proofs/sec)
2025-11-20 14:45:52,498 - INFO -   >>> Progress: 1,038,239 proofs in 197.0s (5269.80 proofs/sec)
2025-11-20 14:45:53,258 - INFO -   >>> Progress: 1,189,168 proofs in 198.0s (6005.38 proofs/sec)
2025-11-20 14:45:53,570 - INFO -   >>> Progress: 1,043,469 proofs in 198.0s (5269.59 proofs/sec)
2025-11-20 14:45:54,289 - INFO -   >>> Progress: 1,195,074 proofs in 199.0s (6004.87 proofs/sec)
2025-11-20 14:45:54,545 - INFO -   >>> Progress: 1,048,720 proofs in 199.0s (5269.50 proofs/sec)
2025-11-20 14:45:55,258 - INFO -   >>> Progress: 1,200,898 proofs in 200.0s (6003.97 proofs/sec)
2025-11-20 14:45:55,498 - INFO -   >>> Progress: 1,053,978 proofs in 200.0s (5269.44 proofs/sec)
2025-11-20 14:45:56,258 - INFO -   >>> Progress: 1,206,940 proofs in 201.0s (6004.15 proofs/sec)
2025-11-20 14:45:56,539 - INFO -   >>> Progress: 1,059,206 proofs in 201.0s (5269.23 proofs/sec)
2025-11-20 14:45:57,258 - INFO -   >>> Progress: 1,212,806 proofs in 202.0s (6003.47 proofs/sec)
2025-11-20 14:45:57,563 - INFO -   >>> Progress: 1,064,451 proofs in 202.0s (5269.11 proofs/sec)
2025-11-20 14:45:58,280 - INFO -   >>> Progress: 1,218,727 proofs in 203.0s (6003.06 proofs/sec)
2025-11-20 14:45:58,610 - INFO -   >>> Progress: 1,069,614 proofs in 203.0s (5268.58 proofs/sec)
2025-11-20 14:45:59,407 - INFO -   >>> Progress: 1,224,736 proofs in 204.0s (6003.09 proofs/sec)
2025-11-20 14:45:59,499 - INFO -   >>> Progress: 1,074,871 proofs in 204.0s (5268.52 proofs/sec)
2025-11-20 14:46:00,328 - INFO -   >>> Progress: 1,230,683 proofs in 205.0s (6002.81 proofs/sec)
2025-11-20 14:46:00,499 - INFO -   >>> Progress: 1,079,915 proofs in 205.0s (5267.42 proofs/sec)
2025-11-20 14:46:01,258 - INFO -   >>> Progress: 1,236,696 proofs in 206.0s (6002.86 proofs/sec)
2025-11-20 14:46:01,547 - INFO -   >>> Progress: 1,085,142 proofs in 206.0s (5267.22 proofs/sec)
2025-11-20 14:46:02,268 - INFO -   >>> Progress: 1,242,518 proofs in 207.0s (6001.98 proofs/sec)
2025-11-20 14:46:02,499 - INFO -   >>> Progress: 1,090,314 proofs in 207.0s (5266.76 proofs/sec)
2025-11-20 14:46:03,317 - INFO -   >>> Progress: 1,248,461 proofs in 208.0s (6001.70 proofs/sec)
2025-11-20 14:46:03,499 - INFO -   >>> Progress: 1,095,462 proofs in 208.0s (5266.19 proofs/sec)
2025-11-20 14:46:04,322 - INFO -   >>> Progress: 1,254,410 proofs in 209.0s (6001.44 proofs/sec)
2025-11-20 14:46:04,499 - INFO -   >>> Progress: 1,100,678 proofs in 209.0s (5265.94 proofs/sec)
2025-11-20 14:46:05,259 - INFO -   >>> Progress: 1,260,353 proofs in 210.0s (6001.16 proofs/sec)
2025-11-20 14:46:05,551 - INFO -   >>> Progress: 1,105,883 proofs in 210.0s (5265.65 proofs/sec)
2025-11-20 14:46:06,271 - INFO -   >>> Progress: 1,266,456 proofs in 211.0s (6001.64 proofs/sec)
2025-11-20 14:46:06,575 - INFO -   >>> Progress: 1,111,100 proofs in 211.0s (5265.42 proofs/sec)
2025-11-20 14:46:07,395 - INFO -   >>> Progress: 1,272,569 proofs in 212.0s (6002.16 proofs/sec)
2025-11-20 14:46:07,500 - INFO -   >>> Progress: 1,116,359 proofs in 212.0s (5265.39 proofs/sec)
2025-11-20 14:46:08,260 - INFO -   >>> Progress: 1,278,708 proofs in 213.0s (6002.80 proofs/sec)
2025-11-20 14:46:08,500 - INFO -   >>> Progress: 1,121,618 proofs in 213.0s (5265.36 proofs/sec)
2025-11-20 14:46:09,442 - INFO -   >>> Progress: 1,284,837 proofs in 214.0s (6003.39 proofs/sec)
2025-11-20 14:46:09,500 - INFO -   >>> Progress: 1,126,864 proofs in 214.0s (5265.26 proofs/sec)
2025-11-20 14:46:10,260 - INFO -   >>> Progress: 1,290,959 proofs in 215.0s (6003.94 proofs/sec)
2025-11-20 14:46:10,500 - INFO -   >>> Progress: 1,132,083 proofs in 215.0s (5265.04 proofs/sec)
2025-11-20 14:46:11,270 - INFO -   >>> Progress: 1,297,095 proofs in 216.0s (6004.54 proofs/sec)
2025-11-20 14:46:11,511 - INFO -   >>> Progress: 1,137,278 proofs in 216.0s (5264.71 proofs/sec)
2025-11-20 14:46:12,261 - INFO -   >>> Progress: 1,303,237 proofs in 217.0s (6005.17 proofs/sec)
2025-11-20 14:46:12,634 - INFO -   >>> Progress: 1,142,502 proofs in 217.0s (5264.52 proofs/sec)
2025-11-20 14:46:13,334 - INFO -   >>> Progress: 1,309,351 proofs in 218.0s (6005.67 proofs/sec)
2025-11-20 14:46:13,500 - INFO -   >>> Progress: 1,147,731 proofs in 218.0s (5264.36 proofs/sec)
2025-11-20 14:46:14,361 - INFO -   >>> Progress: 1,315,487 proofs in 219.0s (6006.27 proofs/sec)
2025-11-20 14:46:14,502 - INFO -   >>> Progress: 1,152,977 proofs in 219.0s (5264.27 proofs/sec)
2025-11-20 14:46:15,282 - INFO -   >>> Progress: 1,321,595 proofs in 220.0s (6006.73 proofs/sec)
2025-11-20 14:46:15,592 - INFO -   >>> Progress: 1,158,196 proofs in 220.0s (5264.06 proofs/sec)
2025-11-20 14:46:16,308 - INFO -   >>> Progress: 1,327,678 proofs in 221.0s (6007.07 proofs/sec)
2025-11-20 14:46:16,502 - INFO -   >>> Progress: 1,163,453 proofs in 221.0s (5264.03 proofs/sec)
2025-11-20 14:46:17,279 - INFO -   >>> Progress: 1,333,597 proofs in 222.0s (6006.67 proofs/sec)
2025-11-20 14:46:17,533 - INFO -   >>> Progress: 1,168,714 proofs in 222.0s (5264.01 proofs/sec)
2025-11-20 14:46:18,357 - INFO -   >>> Progress: 1,339,677 proofs in 223.0s (6006.99 proofs/sec)
2025-11-20 14:46:18,501 - INFO -   >>> Progress: 1,173,933 proofs in 223.0s (5263.81 proofs/sec)
2025-11-20 14:46:19,281 - INFO -   >>> Progress: 1,345,801 proofs in 224.0s (6007.52 proofs/sec)
2025-11-20 14:46:19,563 - INFO -   >>> Progress: 1,179,175 proofs in 224.0s (5263.71 proofs/sec)
2025-11-20 14:46:20,260 - INFO -   >>> Progress: 1,351,925 proofs in 225.0s (6008.03 proofs/sec)
2025-11-20 14:46:20,530 - INFO -   >>> Progress: 1,184,384 proofs in 225.0s (5263.47 proofs/sec)
2025-11-20 14:46:21,321 - INFO -   >>> Progress: 1,358,052 proofs in 226.0s (6008.56 proofs/sec)
2025-11-20 14:46:21,501 - INFO -   >>> Progress: 1,189,643 proofs in 226.0s (5263.45 proofs/sec)
2025-11-20 14:46:22,349 - INFO -   >>> Progress: 1,364,173 proofs in 227.0s (6009.05 proofs/sec)
2025-11-20 14:46:22,525 - INFO -   >>> Progress: 1,194,891 proofs in 227.0s (5263.37 proofs/sec)
2025-11-20 14:46:23,261 - INFO -   >>> Progress: 1,370,060 proofs in 228.0s (6008.51 proofs/sec)
2025-11-20 14:46:23,571 - INFO -   >>> Progress: 1,200,139 proofs in 228.0s (5263.30 proofs/sec)
2025-11-20 14:46:24,260 - INFO -   >>> Progress: 1,376,054 proofs in 229.0s (6008.45 proofs/sec)
2025-11-20 14:46:24,620 - INFO -   >>> Progress: 1,205,381 proofs in 229.0s (5263.21 proofs/sec)
2025-11-20 14:46:25,314 - INFO -   >>> Progress: 1,382,073 proofs in 230.0s (6008.49 proofs/sec)
2025-11-20 14:46:25,501 - INFO -   >>> Progress: 1,210,606 proofs in 230.0s (5263.04 proofs/sec)
2025-11-20 14:46:26,260 - INFO -   >>> Progress: 1,388,106 proofs in 231.0s (6008.60 proofs/sec)
2025-11-20 14:46:26,543 - INFO -   >>> Progress: 1,215,847 proofs in 231.0s (5262.94 proofs/sec)
2025-11-20 14:46:27,362 - INFO -   >>> Progress: 1,394,105 proofs in 232.0s (6008.56 proofs/sec)
2025-11-20 14:46:27,502 - INFO -   >>> Progress: 1,221,102 proofs in 232.0s (5262.90 proofs/sec)
2025-11-20 14:46:28,386 - INFO -   >>> Progress: 1,400,193 proofs in 233.0s (6008.90 proofs/sec)
2025-11-20 14:46:28,501 - INFO -   >>> Progress: 1,226,348 proofs in 233.0s (5262.83 proofs/sec)
2025-11-20 14:46:29,347 - INFO -   >>> Progress: 1,406,266 proofs in 234.0s (6009.17 proofs/sec)
2025-11-20 14:46:29,502 - INFO -   >>> Progress: 1,231,595 proofs in 234.0s (5262.76 proofs/sec)
2025-11-20 14:46:30,434 - INFO -   >>> Progress: 1,412,138 proofs in 235.0s (6008.58 proofs/sec)
2025-11-20 14:46:30,502 - INFO -   >>> Progress: 1,236,832 proofs in 235.0s (5262.65 proofs/sec)
2025-11-20 14:46:31,459 - INFO -   >>> Progress: 1,418,059 proofs in 236.0s (6008.21 proofs/sec)
2025-11-20 14:46:31,502 - INFO -   >>> Progress: 1,242,085 proofs in 236.0s (5262.61 proofs/sec)
2025-11-20 14:46:32,277 - INFO -   >>> Progress: 1,423,692 proofs in 237.0s (6006.62 proofs/sec)
2025-11-20 14:46:32,506 - INFO -   >>> Progress: 1,247,329 proofs in 237.0s (5262.52 proofs/sec)
2025-11-20 14:46:33,261 - INFO -   >>> Progress: 1,429,472 proofs in 238.0s (6005.67 proofs/sec)
2025-11-20 14:46:33,539 - INFO -   >>> Progress: 1,252,587 proofs in 238.0s (5262.50 proofs/sec)
2025-11-20 14:46:34,330 - INFO -   >>> Progress: 1,435,436 proofs in 239.0s (6005.49 proofs/sec)
2025-11-20 14:46:34,581 - INFO -   >>> Progress: 1,257,841 proofs in 239.0s (5262.46 proofs/sec)
2025-11-20 14:46:35,261 - INFO -   >>> Progress: 1,441,357 proofs in 240.0s (6005.14 proofs/sec)
2025-11-20 14:46:35,502 - INFO -   >>> Progress: 1,263,054 proofs in 240.0s (5262.25 proofs/sec)
2025-11-20 14:46:36,261 - INFO -   >>> Progress: 1,447,265 proofs in 241.0s (6004.74 proofs/sec)
2025-11-20 14:46:36,581 - INFO -   >>> Progress: 1,268,297 proofs in 241.0s (5262.17 proofs/sec)
2025-11-20 14:46:37,301 - INFO -   >>> Progress: 1,453,349 proofs in 242.0s (6005.06 proofs/sec)
2025-11-20 14:46:37,503 - INFO -   >>> Progress: 1,273,549 proofs in 242.0s (5262.13 proofs/sec)
2025-11-20 14:46:38,262 - INFO -   >>> Progress: 1,459,433 proofs in 243.0s (6005.38 proofs/sec)
2025-11-20 14:46:38,529 - INFO -   >>> Progress: 1,278,778 proofs in 243.0s (5261.99 proofs/sec)
2025-11-20 14:46:39,344 - INFO -   >>> Progress: 1,465,500 proofs in 244.0s (6005.63 proofs/sec)
2025-11-20 14:46:39,503 - INFO -   >>> Progress: 1,284,031 proofs in 244.0s (5261.95 proofs/sec)
2025-11-20 14:46:40,358 - INFO -   >>> Progress: 1,471,306 proofs in 245.0s (6004.81 proofs/sec)
2025-11-20 14:46:40,503 - INFO -   >>> Progress: 1,289,218 proofs in 245.0s (5261.64 proofs/sec)
2025-11-20 14:46:41,291 - INFO -   >>> Progress: 1,477,238 proofs in 246.0s (6004.51 proofs/sec)
2025-11-20 14:46:41,503 - INFO -   >>> Progress: 1,294,444 proofs in 246.0s (5261.50 proofs/sec)
2025-11-20 14:46:42,262 - INFO -   >>> Progress: 1,483,259 proofs in 247.0s (6004.58 proofs/sec)
2025-11-20 14:46:42,619 - INFO -   >>> Progress: 1,299,554 proofs in 247.0s (5260.88 proofs/sec)
2025-11-20 14:46:43,337 - INFO -   >>> Progress: 1,489,343 proofs in 248.0s (6004.90 proofs/sec)
2025-11-20 14:46:43,503 - INFO -   >>> Progress: 1,304,690 proofs in 248.0s (5260.37 proofs/sec)
2025-11-20 14:46:44,261 - INFO -   >>> Progress: 1,495,373 proofs in 249.0s (6004.99 proofs/sec)
2025-11-20 14:46:44,503 - INFO -   >>> Progress: 1,309,885 proofs in 249.0s (5260.11 proofs/sec)
2025-11-20 14:46:45,282 - INFO -   >>> Progress: 1,501,273 proofs in 250.0s (6004.57 proofs/sec)
2025-11-20 14:46:45,589 - INFO -   >>> Progress: 1,314,937 proofs in 250.0s (5259.28 proofs/sec)
2025-11-20 14:46:46,262 - INFO -   >>> Progress: 1,507,318 proofs in 251.0s (6004.73 proofs/sec)
2025-11-20 14:46:46,503 - INFO -   >>> Progress: 1,320,134 proofs in 251.0s (5259.03 proofs/sec)
2025-11-20 14:46:47,262 - INFO -   >>> Progress: 1,513,289 proofs in 252.0s (6004.60 proofs/sec)
2025-11-20 14:46:47,535 - INFO -   >>> Progress: 1,325,333 proofs in 252.0s (5258.79 proofs/sec)
2025-11-20 14:46:48,356 - INFO -   >>> Progress: 1,519,403 proofs in 253.0s (6005.03 proofs/sec)
2025-11-20 14:46:48,503 - INFO -   >>> Progress: 1,330,576 proofs in 253.0s (5258.73 proofs/sec)
2025-11-20 14:46:49,263 - INFO -   >>> Progress: 1,525,518 proofs in 254.0s (6005.45 proofs/sec)
2025-11-20 14:46:49,546 - INFO -   >>> Progress: 1,335,798 proofs in 254.0s (5258.58 proofs/sec)
2025-11-20 14:46:50,262 - INFO -   >>> Progress: 1,531,475 proofs in 255.0s (6005.26 proofs/sec)
2025-11-20 14:46:50,508 - INFO -   >>> Progress: 1,340,991 proofs in 255.0s (5258.32 proofs/sec)
2025-11-20 14:46:51,272 - INFO -   >>> Progress: 1,537,546 proofs in 256.0s (6005.52 proofs/sec)
2025-11-20 14:46:51,508 - INFO -   >>> Progress: 1,346,239 proofs in 256.0s (5258.28 proofs/sec)
2025-11-20 14:46:52,263 - INFO -   >>> Progress: 1,543,593 proofs in 257.0s (6005.68 proofs/sec)
2025-11-20 14:46:52,526 - INFO -   >>> Progress: 1,351,404 proofs in 257.0s (5257.91 proofs/sec)
2025-11-20 14:46:53,270 - INFO -   >>> Progress: 1,549,717 proofs in 258.0s (6006.14 proofs/sec)
2025-11-20 14:46:53,578 - INFO -   >>> Progress: 1,356,593 proofs in 258.0s (5257.64 proofs/sec)
2025-11-20 14:46:54,294 - INFO -   >>> Progress: 1,555,736 proofs in 259.0s (6006.19 proofs/sec)
2025-11-20 14:46:54,554 - INFO -   >>> Progress: 1,361,851 proofs in 259.0s (5257.64 proofs/sec)
2025-11-20 14:46:55,321 - INFO -   >>> Progress: 1,561,799 proofs in 260.0s (6006.40 proofs/sec)
2025-11-20 14:46:55,505 - INFO -   >>> Progress: 1,367,085 proofs in 260.0s (5257.55 proofs/sec)
2025-11-20 14:46:56,377 - INFO -   >>> Progress: 1,567,795 proofs in 261.0s (6006.36 proofs/sec)
2025-11-20 14:46:56,512 - INFO -   >>> Progress: 1,372,331 proofs in 261.0s (5257.51 proofs/sec)
2025-11-20 14:46:57,379 - INFO -   >>> Progress: 1,573,734 proofs in 262.0s (6006.10 proofs/sec)
2025-11-20 14:46:57,519 - INFO -   >>> Progress: 1,377,581 proofs in 262.0s (5257.48 proofs/sec)
2025-11-20 14:46:58,263 - INFO -   >>> Progress: 1,579,808 proofs in 263.0s (6006.35 proofs/sec)
2025-11-20 14:46:58,594 - INFO -   >>> Progress: 1,382,824 proofs in 263.0s (5257.42 proofs/sec)
2025-11-20 14:46:59,270 - INFO -   >>> Progress: 1,585,877 proofs in 264.0s (6006.59 proofs/sec)
2025-11-20 14:46:59,504 - INFO -   >>> Progress: 1,388,043 proofs in 264.0s (5257.27 proofs/sec)
2025-11-20 14:47:00,336 - INFO -   >>> Progress: 1,591,878 proofs in 265.0s (6006.57 proofs/sec)
2025-11-20 14:47:00,506 - INFO -   >>> Progress: 1,393,032 proofs in 265.0s (5256.26 proofs/sec)
2025-11-20 14:47:01,264 - INFO -   >>> Progress: 1,597,863 proofs in 266.0s (6006.47 proofs/sec)
2025-11-20 14:47:01,565 - INFO -   >>> Progress: 1,398,271 proofs in 266.0s (5256.19 proofs/sec)
2025-11-20 14:47:02,264 - INFO -   >>> Progress: 1,603,842 proofs in 267.0s (6006.37 proofs/sec)
2025-11-20 14:47:02,590 - INFO -   >>> Progress: 1,403,506 proofs in 267.0s (5256.11 proofs/sec)
2025-11-20 14:47:03,304 - INFO -   >>> Progress: 1,609,964 proofs in 268.0s (6006.80 proofs/sec)
2025-11-20 14:47:03,629 - INFO -   >>> Progress: 1,408,749 proofs in 268.0s (5256.06 proofs/sec)
2025-11-20 14:47:04,332 - INFO -   >>> Progress: 1,615,977 proofs in 269.0s (6006.82 proofs/sec)
2025-11-20 14:47:04,506 - INFO -   >>> Progress: 1,414,020 proofs in 269.0s (5256.11 proofs/sec)
2025-11-20 14:47:05,375 - INFO -   >>> Progress: 1,622,015 proofs in 270.0s (6006.93 proofs/sec)
2025-11-20 14:47:05,514 - INFO -   >>> Progress: 1,419,257 proofs in 270.0s (5256.04 proofs/sec)
2025-11-20 14:47:06,264 - INFO -   >>> Progress: 1,628,091 proofs in 271.0s (6007.19 proofs/sec)
2025-11-20 14:47:06,582 - INFO -   >>> Progress: 1,424,506 proofs in 271.0s (5256.01 proofs/sec)
2025-11-20 14:47:07,267 - INFO -   >>> Progress: 1,634,045 proofs in 272.0s (6006.99 proofs/sec)
2025-11-20 14:47:07,613 - INFO -   >>> Progress: 1,429,753 proofs in 272.0s (5255.97 proofs/sec)
2025-11-20 14:47:08,323 - INFO -   >>> Progress: 1,640,053 proofs in 273.0s (6006.99 proofs/sec)
2025-11-20 14:47:08,505 - INFO -   >>> Progress: 1,434,996 proofs in 273.0s (5255.92 proofs/sec)
2025-11-20 14:47:09,264 - INFO -   >>> Progress: 1,646,106 proofs in 274.0s (6007.16 proofs/sec)
2025-11-20 14:47:09,545 - INFO -   >>> Progress: 1,440,247 proofs in 274.0s (5255.90 proofs/sec)
2025-11-20 14:47:10,370 - INFO -   >>> Progress: 1,652,088 proofs in 275.0s (6007.07 proofs/sec)
2025-11-20 14:47:10,505 - INFO -   >>> Progress: 1,445,471 proofs in 275.0s (5255.79 proofs/sec)
2025-11-20 14:47:11,292 - INFO -   >>> Progress: 1,658,121 proofs in 276.0s (6007.16 proofs/sec)
2025-11-20 14:47:11,600 - INFO -   >>> Progress: 1,450,741 proofs in 276.0s (5255.83 proofs/sec)
2025-11-20 14:47:12,318 - INFO -   >>> Progress: 1,664,038 proofs in 277.0s (6006.83 proofs/sec)
2025-11-20 14:47:12,565 - INFO -   >>> Progress: 1,455,987 proofs in 277.0s (5255.80 proofs/sec)
2025-11-20 14:47:13,649 - INFO -   >>> Progress: 1,669,953 proofs in 278.0s (6006.50 proofs/sec)
2025-11-20 14:47:13,649 - INFO -   >>> Progress: 1,461,255 proofs in 278.0s (5255.84 proofs/sec)
2025-11-20 14:47:14,555 - INFO -   >>> Progress: 1,675,922 proofs in 279.0s (6006.36 proofs/sec)
2025-11-20 14:47:14,555 - INFO -   >>> Progress: 1,466,515 proofs in 279.0s (5255.85 proofs/sec)
2025-11-20 14:47:15,492 - INFO -   >>> Progress: 1,681,846 proofs in 280.0s (6006.07 proofs/sec)
2025-11-20 14:47:15,529 - INFO -   >>> Progress: 1,471,752 proofs in 280.0s (5255.78 proofs/sec)
2025-11-20 14:47:17,146 - INFO -   >>> Progress: 1,687,861 proofs in 281.0s (6006.10 proofs/sec)
2025-11-20 14:47:17,147 - INFO -   >>> Progress: 1,476,999 proofs in 281.0s (5255.75 proofs/sec)
2025-11-20 14:47:17,281 - INFO -   >>> Progress: 1,693,861 proofs in 282.0s (6006.07 proofs/sec)
2025-11-20 14:47:17,586 - INFO -   >>> Progress: 1,482,267 proofs in 282.0s (5255.79 proofs/sec)
2025-11-20 14:47:18,273 - INFO -   >>> Progress: 1,699,920 proofs in 283.0s (6006.26 proofs/sec)
2025-11-20 14:47:18,634 - INFO -   >>> Progress: 1,487,499 proofs in 283.0s (5255.71 proofs/sec)
2025-11-20 14:47:19,265 - INFO -   >>> Progress: 1,705,932 proofs in 284.0s (6006.28 proofs/sec)
2025-11-20 14:47:19,682 - INFO -   >>> Progress: 1,492,743 proofs in 284.0s (5255.66 proofs/sec)
2025-11-20 14:47:20,264 - INFO -   >>> Progress: 1,711,934 proofs in 285.0s (6006.26 proofs/sec)
2025-11-20 14:47:20,730 - INFO -   >>> Progress: 1,498,008 proofs in 285.0s (5255.69 proofs/sec)
2025-11-20 14:47:21,264 - INFO -   >>> Progress: 1,717,865 proofs in 286.0s (6006.00 proofs/sec)
2025-11-20 14:47:21,506 - INFO -   >>> Progress: 1,503,309 proofs in 286.0s (5255.85 proofs/sec)
2025-11-20 14:47:22,306 - INFO -   >>> Progress: 1,723,963 proofs in 287.0s (6006.32 proofs/sec)
2025-11-20 14:47:22,509 - INFO -   >>> Progress: 1,508,541 proofs in 287.0s (5255.77 proofs/sec)
2025-11-20 14:47:23,609 - INFO -   >>> Progress: 1,730,083 proofs in 288.0s (6006.71 proofs/sec)
2025-11-20 14:47:23,609 - INFO -   >>> Progress: 1,513,759 proofs in 288.0s (5255.63 proofs/sec)
2025-11-20 14:47:24,265 - INFO -   >>> Progress: 1,736,193 proofs in 289.0s (6007.07 proofs/sec)
2025-11-20 14:47:24,571 - INFO -   >>> Progress: 1,518,995 proofs in 289.0s (5255.57 proofs/sec)
2025-11-20 14:47:25,629 - INFO -   >>> Progress: 1,742,278 proofs in 290.0s (6007.33 proofs/sec)
2025-11-20 14:47:25,629 - INFO -   >>> Progress: 1,524,244 proofs in 290.0s (5255.54 proofs/sec)
2025-11-20 14:47:26,370 - INFO -   >>> Progress: 1,748,393 proofs in 291.0s (6007.70 proofs/sec)
2025-11-20 14:47:26,506 - INFO -   >>> Progress: 1,529,510 proofs in 291.0s (5255.58 proofs/sec)
2025-11-20 14:47:27,272 - INFO -   >>> Progress: 1,754,465 proofs in 292.0s (6007.92 proofs/sec)
2025-11-20 14:47:27,507 - INFO -   >>> Progress: 1,534,783 proofs in 292.0s (5255.63 proofs/sec)
2025-11-20 14:47:28,266 - INFO -   >>> Progress: 1,760,568 proofs in 293.0s (6008.24 proofs/sec)
2025-11-20 14:47:28,515 - INFO -   >>> Progress: 1,540,033 proofs in 293.0s (5255.61 proofs/sec)
2025-11-20 14:47:29,279 - INFO -   >>> Progress: 1,766,688 proofs in 294.0s (6008.62 proofs/sec)
2025-11-20 14:47:29,507 - INFO -   >>> Progress: 1,545,273 proofs in 294.0s (5255.56 proofs/sec)
2025-11-20 14:47:30,326 - INFO -   >>> Progress: 1,772,542 proofs in 295.0s (6008.09 proofs/sec)
2025-11-20 14:47:30,507 - INFO -   >>> Progress: 1,550,527 proofs in 295.0s (5255.55 proofs/sec)
2025-11-20 14:47:31,464 - INFO -   >>> Progress: 1,778,624 proofs in 296.0s (6008.34 proofs/sec)
2025-11-20 14:47:31,506 - INFO -   >>> Progress: 1,555,779 proofs in 296.0s (5255.54 proofs/sec)
2025-11-20 14:47:32,266 - INFO -   >>> Progress: 1,784,351 proofs in 297.0s (6007.39 proofs/sec)
2025-11-20 14:47:32,507 - INFO -   >>> Progress: 1,560,981 proofs in 297.0s (5255.36 proofs/sec)
2025-11-20 14:47:33,266 - INFO -   >>> Progress: 1,790,368 proofs in 298.0s (6007.43 proofs/sec)
2025-11-20 14:47:33,507 - INFO -   >>> Progress: 1,566,235 proofs in 298.0s (5255.35 proofs/sec)
2025-11-20 14:47:34,266 - INFO -   >>> Progress: 1,796,462 proofs in 299.0s (6007.71 proofs/sec)
2025-11-20 14:47:34,521 - INFO -   >>> Progress: 1,571,506 proofs in 299.0s (5255.40 proofs/sec)
2025-11-20 14:47:35,284 - INFO - [8/12] ✓ Benchmark completed: t3.2xlarge / zk
2025-11-20 14:47:35,284 - INFO - [8/12]   Work units: 1802360
2025-11-20 14:47:35,284 - INFO - [8/12]   Throughput: 6007.87 work/sec
2025-11-20 14:47:35,284 - INFO - [8/12]   Energy: 0.00 Joules
2025-11-20 14:47:35,284 - INFO - [8/12]   Efficiency: 0.0000 Joules/work
2025-11-20 14:47:35,284 - INFO - --- [5/6] Running zk_cloudzk on t3.2xlarge ---
2025-11-20 14:47:35,284 - INFO - [9/12] Starting benchmark: t3.2xlarge / zk_cloudzk
2025-11-20 14:47:35,284 - INFO - [9/12] Deploying workload zk_cloudzk to 44.222.171.117...
2025-11-20 14:47:35,441 - INFO - Connected (version 2.0, client OpenSSH_8.7)
2025-11-20 14:47:35,611 - INFO - [9/12] ✓ Benchmark completed: t4g.2xlarge / zk
2025-11-20 14:47:35,611 - INFO - [9/12]   Work units: 1576602
2025-11-20 14:47:35,612 - INFO - [9/12]   Throughput: 5255.34 work/sec
2025-11-20 14:47:35,612 - INFO - [9/12]   Energy: 0.00 Joules
2025-11-20 14:47:35,612 - INFO - [9/12]   Efficiency: 0.0000 Joules/work
2025-11-20 14:47:35,612 - INFO - --- [5/6] Running zk_cloudzk on t4g.2xlarge ---
2025-11-20 14:47:35,612 - INFO - [10/12] Starting benchmark: t4g.2xlarge / zk_cloudzk
2025-11-20 14:47:35,612 - INFO - [10/12] Deploying workload zk_cloudzk to 34.224.26.127...
2025-11-20 14:47:35,765 - INFO - Connected (version 2.0, client OpenSSH_8.7)
2025-11-20 14:47:35,882 - INFO - Authentication (publickey) successful!
2025-11-20 14:47:36,097 - INFO - Authentication (publickey) successful!
2025-11-20 14:47:36,369 - INFO - [chan 1] Opened sftp connection (server version 3)
2025-11-20 14:47:36,449 - INFO - [chan 1] Opened sftp connection (server version 3)
2025-11-20 14:47:36,620 - INFO - [chan 1] sftp session closed.
2025-11-20 14:47:36,622 - INFO - [9/12] Starting metric collection...
2025-11-20 14:47:36,622 - INFO - [9/12] Running workload zk_cloudzk for 300 seconds (warmup: 30s)...
2025-11-20 14:47:36,622 - INFO - [9/12] Workload will output progress every second during measurement period
2025-11-20 14:47:36,752 - INFO - [chan 1] sftp session closed.
2025-11-20 14:47:36,753 - INFO - [10/12] Starting metric collection...
2025-11-20 14:47:36,753 - INFO - [10/12] Running workload zk_cloudzk for 300 seconds (warmup: 30s)...
2025-11-20 14:47:36,753 - INFO - [10/12] Workload will output progress every second during measurement period
2025-11-20 14:47:36,817 - INFO - Connected (version 2.0, client OpenSSH_8.7)
2025-11-20 14:47:36,897 - INFO - Connected (version 2.0, client OpenSSH_8.7)
2025-11-20 14:47:37,145 - INFO - Authentication (publickey) successful!
2025-11-20 14:47:37,249 - INFO - Authentication (publickey) successful!
2025-11-20 14:47:37,258 - INFO -   >>> Executing command on instance: cd /tmp/benchmark && python3 zk_cloudzk.py 30 300 100 32
2025-11-20 14:47:37,259 - INFO -   >>> Waiting for output from 44.222.171.117...
2025-11-20 14:47:37,386 - INFO -   >>> Executing command on instance: cd /tmp/benchmark && python3 zk_cloudzk.py 30 300 100 32
2025-11-20 14:47:37,386 - INFO -   >>> Waiting for output from 34.224.26.127...
2025-11-20 14:48:08,329 - INFO -   >>> Progress: 2,977 proofs in 1.0s (2976.88 proofs/sec)
2025-11-20 14:48:08,441 - INFO -   >>> Progress: 2,800 proofs in 1.0s (2799.65 proofs/sec)
2025-11-20 14:48:09,415 - INFO -   >>> Progress: 5,889 proofs in 2.0s (2944.29 proofs/sec)
2025-11-20 14:48:09,502 - INFO -   >>> Progress: 5,610 proofs in 2.0s (2804.44 proofs/sec)
2025-11-20 14:48:10,376 - INFO -   >>> Progress: 8,878 proofs in 3.0s (2959.03 proofs/sec)
2025-11-20 14:48:10,503 - INFO -   >>> Progress: 8,416 proofs in 3.0s (2804.90 proofs/sec)
2025-11-20 14:48:11,380 - INFO -   >>> Progress: 11,757 proofs in 4.0s (2938.79 proofs/sec)
2025-11-20 14:48:11,503 - INFO -   >>> Progress: 11,233 proofs in 4.0s (2807.83 proofs/sec)
2025-11-20 14:48:12,376 - INFO -   >>> Progress: 14,544 proofs in 5.0s (2908.39 proofs/sec)
2025-11-20 14:48:12,503 - INFO -   >>> Progress: 14,038 proofs in 5.0s (2807.10 proofs/sec)
2025-11-20 14:48:13,377 - INFO -   >>> Progress: 17,366 proofs in 6.0s (2893.87 proofs/sec)
2025-11-20 14:48:13,503 - INFO -   >>> Progress: 16,841 proofs in 6.0s (2806.40 proofs/sec)
2025-11-20 14:48:14,433 - INFO -   >>> Progress: 20,230 proofs in 7.0s (2889.53 proofs/sec)
2025-11-20 14:48:14,503 - INFO -   >>> Progress: 19,638 proofs in 7.0s (2804.97 proofs/sec)
2025-11-20 14:48:15,457 - INFO -   >>> Progress: 23,090 proofs in 8.0s (2885.76 proofs/sec)
2025-11-20 14:48:15,503 - INFO -   >>> Progress: 22,430 proofs in 8.0s (2803.27 proofs/sec)
2025-11-20 14:48:16,481 - INFO -   >>> Progress: 25,946 proofs in 9.0s (2882.41 proofs/sec)
2025-11-20 14:48:16,505 - INFO -   >>> Progress: 25,232 proofs in 9.0s (2803.08 proofs/sec)
2025-11-20 14:48:17,403 - INFO -   >>> Progress: 28,816 proofs in 10.0s (2881.14 proofs/sec)
2025-11-20 14:48:17,504 - INFO -   >>> Progress: 28,031 proofs in 10.0s (2802.67 proofs/sec)
2025-11-20 14:48:18,427 - INFO -   >>> Progress: 31,598 proofs in 11.0s (2872.08 proofs/sec)
2025-11-20 14:48:18,504 - INFO -   >>> Progress: 30,826 proofs in 11.0s (2801.96 proofs/sec)
2025-11-20 14:48:19,450 - INFO -   >>> Progress: 34,377 proofs in 12.0s (2864.31 proofs/sec)
2025-11-20 14:48:19,504 - INFO -   >>> Progress: 33,619 proofs in 12.0s (2801.19 proofs/sec)
2025-11-20 14:48:20,377 - INFO -   >>> Progress: 37,105 proofs in 13.0s (2853.82 proofs/sec)
2025-11-20 14:48:20,504 - INFO -   >>> Progress: 36,418 proofs in 13.0s (2801.01 proofs/sec)
2025-11-20 14:48:21,400 - INFO -   >>> Progress: 40,016 proofs in 14.0s (2857.84 proofs/sec)
2025-11-20 14:48:21,504 - INFO -   >>> Progress: 39,231 proofs in 14.0s (2801.85 proofs/sec)
2025-11-20 14:48:22,428 - INFO -   >>> Progress: 42,900 proofs in 15.0s (2859.58 proofs/sec)
2025-11-20 14:48:22,506 - INFO -   >>> Progress: 42,027 proofs in 15.0s (2801.41 proofs/sec)
2025-11-20 14:48:23,431 - INFO -   >>> Progress: 45,832 proofs in 16.0s (2864.05 proofs/sec)
2025-11-20 14:48:23,504 - INFO -   >>> Progress: 44,841 proofs in 16.0s (2802.16 proofs/sec)
2025-11-20 14:48:24,470 - INFO -   >>> Progress: 48,694 proofs in 17.0s (2863.91 proofs/sec)
2025-11-20 14:48:24,504 - INFO -   >>> Progress: 47,642 proofs in 17.0s (2802.07 proofs/sec)
2025-11-20 14:48:25,496 - INFO -   >>> Progress: 51,617 proofs in 18.0s (2867.16 proofs/sec)
2025-11-20 14:48:25,504 - INFO -   >>> Progress: 50,418 proofs in 18.0s (2800.60 proofs/sec)
2025-11-20 14:48:26,379 - INFO -   >>> Progress: 54,551 proofs in 19.0s (2870.64 proofs/sec)
2025-11-20 14:48:26,510 - INFO -   >>> Progress: 53,230 proofs in 19.0s (2801.17 proofs/sec)
2025-11-20 14:48:27,384 - INFO -   >>> Progress: 57,431 proofs in 20.0s (2871.07 proofs/sec)
2025-11-20 14:48:27,560 - INFO -   >>> Progress: 56,033 proofs in 20.0s (2801.23 proofs/sec)
2025-11-20 14:48:28,461 - INFO -   >>> Progress: 60,363 proofs in 21.0s (2873.95 proofs/sec)
2025-11-20 14:48:28,505 - INFO -   >>> Progress: 58,836 proofs in 21.0s (2801.31 proofs/sec)
2025-11-20 14:48:29,485 - INFO -   >>> Progress: 63,269 proofs in 22.0s (2875.40 proofs/sec)
2025-11-20 14:48:29,505 - INFO -   >>> Progress: 61,632 proofs in 22.0s (2801.04 proofs/sec)
2025-11-20 14:48:30,380 - INFO -   >>> Progress: 66,054 proofs in 23.0s (2871.35 proofs/sec)
2025-11-20 14:48:30,515 - INFO -   >>> Progress: 64,423 proofs in 23.0s (2800.56 proofs/sec)
2025-11-20 14:48:31,386 - INFO -   >>> Progress: 68,933 proofs in 24.0s (2871.67 proofs/sec)
2025-11-20 14:48:31,506 - INFO -   >>> Progress: 67,212 proofs in 24.0s (2800.07 proofs/sec)
2025-11-20 14:48:32,456 - INFO -   >>> Progress: 71,813 proofs in 25.0s (2871.99 proofs/sec)
2025-11-20 14:48:32,506 - INFO -   >>> Progress: 70,019 proofs in 25.0s (2800.31 proofs/sec)
2025-11-20 14:48:33,381 - INFO -   >>> Progress: 74,710 proofs in 26.0s (2872.92 proofs/sec)
2025-11-20 14:48:33,507 - INFO -   >>> Progress: 72,823 proofs in 26.0s (2800.45 proofs/sec)
2025-11-20 14:48:34,401 - INFO -   >>> Progress: 77,670 proofs in 27.0s (2876.14 proofs/sec)
2025-11-20 14:48:34,507 - INFO -   >>> Progress: 75,622 proofs in 27.0s (2800.39 proofs/sec)
2025-11-20 14:48:35,432 - INFO -   >>> Progress: 80,579 proofs in 28.0s (2877.30 proofs/sec)
2025-11-20 14:48:35,507 - INFO -   >>> Progress: 78,405 proofs in 28.0s (2799.74 proofs/sec)
2025-11-20 14:48:36,552 - INFO -   >>> Progress: 81,211 proofs in 29.0s (2799.94 proofs/sec)
2025-11-20 14:48:36,553 - INFO -   >>> Progress: 83,511 proofs in 29.0s (2879.16 proofs/sec)
2025-11-20 14:48:37,380 - INFO -   >>> Progress: 86,458 proofs in 30.0s (2881.41 proofs/sec)
2025-11-20 14:48:37,427 - INFO - Connected (version 2.0, client OpenSSH_8.7)
2025-11-20 14:48:37,542 - INFO -   >>> Progress: 84,023 proofs in 30.0s (2800.32 proofs/sec)
2025-11-20 14:48:37,630 - INFO - Connected (version 2.0, client OpenSSH_8.7)
2025-11-20 14:48:37,860 - INFO - Authentication (publickey) successful!
2025-11-20 14:48:38,054 - INFO - Authentication (publickey) successful!
2025-11-20 14:48:38,387 - INFO -   >>> Progress: 89,406 proofs in 31.0s (2883.55 proofs/sec)
2025-11-20 14:48:38,581 - INFO -   >>> Progress: 86,810 proofs in 31.0s (2799.87 proofs/sec)
2025-11-20 14:48:39,523 - INFO -   >>> Progress: 89,613 proofs in 32.0s (2799.95 proofs/sec)
2025-11-20 14:48:39,523 - INFO -   >>> Progress: 92,295 proofs in 32.0s (2883.69 proofs/sec)
2025-11-20 14:48:40,546 - INFO -   >>> Progress: 95,046 proofs in 33.0s (2879.65 proofs/sec)
2025-11-20 14:48:40,546 - INFO -   >>> Progress: 92,399 proofs in 33.0s (2799.52 proofs/sec)
2025-11-20 14:48:41,427 - INFO -   >>> Progress: 97,867 proofs in 34.0s (2877.91 proofs/sec)
2025-11-20 14:48:41,533 - INFO -   >>> Progress: 95,218 proofs in 34.0s (2800.09 proofs/sec)
2025-11-20 14:48:42,395 - INFO -   >>> Progress: 100,619 proofs in 35.0s (2874.29 proofs/sec)
2025-11-20 14:48:42,589 - INFO -   >>> Progress: 97,997 proofs in 35.0s (2799.48 proofs/sec)
2025-11-20 14:48:43,412 - INFO -   >>> Progress: 103,539 proofs in 36.0s (2875.54 proofs/sec)
2025-11-20 14:48:43,519 - INFO -   >>> Progress: 100,782 proofs in 36.0s (2799.07 proofs/sec)
2025-11-20 14:48:44,447 - INFO -   >>> Progress: 106,539 proofs in 37.0s (2878.89 proofs/sec)
2025-11-20 14:48:44,508 - INFO -   >>> Progress: 103,590 proofs in 37.0s (2799.28 proofs/sec)
2025-11-20 14:48:45,464 - INFO -   >>> Progress: 109,343 proofs in 38.0s (2876.92 proofs/sec)
2025-11-20 14:48:45,508 - INFO -   >>> Progress: 106,336 proofs in 38.0s (2797.88 proofs/sec)
2025-11-20 14:48:46,485 - INFO -   >>> Progress: 112,297 proofs in 39.0s (2878.89 proofs/sec)
2025-11-20 14:48:46,509 - INFO -   >>> Progress: 109,104 proofs in 39.0s (2797.10 proofs/sec)
2025-11-20 14:48:47,407 - INFO -   >>> Progress: 115,285 proofs in 40.0s (2881.60 proofs/sec)
2025-11-20 14:48:47,509 - INFO -   >>> Progress: 111,888 proofs in 40.0s (2796.75 proofs/sec)
2025-11-20 14:48:48,384 - INFO -   >>> Progress: 118,182 proofs in 41.0s (2881.97 proofs/sec)
2025-11-20 14:48:48,509 - INFO -   >>> Progress: 114,675 proofs in 41.0s (2796.51 proofs/sec)
2025-11-20 14:48:49,453 - INFO -   >>> Progress: 121,142 proofs in 42.0s (2883.81 proofs/sec)
2025-11-20 14:48:49,510 - INFO -   >>> Progress: 117,464 proofs in 42.0s (2796.31 proofs/sec)
2025-11-20 14:48:50,478 - INFO -   >>> Progress: 124,052 proofs in 43.0s (2884.41 proofs/sec)
2025-11-20 14:48:50,509 - INFO -   >>> Progress: 120,247 proofs in 43.0s (2796.00 proofs/sec)
2025-11-20 14:48:51,384 - INFO -   >>> Progress: 127,033 proofs in 44.0s (2886.59 proofs/sec)
2025-11-20 14:48:51,509 - INFO -   >>> Progress: 123,049 proofs in 44.0s (2796.12 proofs/sec)
2025-11-20 14:48:52,384 - INFO -   >>> Progress: 130,040 proofs in 45.0s (2889.26 proofs/sec)
2025-11-20 14:48:52,545 - INFO -   >>> Progress: 125,817 proofs in 45.0s (2795.49 proofs/sec)
2025-11-20 14:48:53,385 - INFO -   >>> Progress: 133,015 proofs in 46.0s (2891.11 proofs/sec)
2025-11-20 14:48:53,592 - INFO -   >>> Progress: 128,585 proofs in 46.0s (2794.89 proofs/sec)
2025-11-20 14:48:54,471 - INFO -   >>> Progress: 136,004 proofs in 47.0s (2893.17 proofs/sec)
2025-11-20 14:48:54,509 - INFO -   >>> Progress: 131,374 proofs in 47.0s (2794.76 proofs/sec)
2025-11-20 14:48:55,385 - INFO -   >>> Progress: 138,970 proofs in 48.0s (2894.68 proofs/sec)
2025-11-20 14:48:55,510 - INFO -   >>> Progress: 134,166 proofs in 48.0s (2794.68 proofs/sec)
2025-11-20 14:48:56,385 - INFO -   >>> Progress: 141,957 proofs in 49.0s (2896.56 proofs/sec)
2025-11-20 14:48:56,523 - INFO -   >>> Progress: 136,973 proofs in 49.0s (2794.93 proofs/sec)
2025-11-20 14:48:57,385 - INFO -   >>> Progress: 144,949 proofs in 50.0s (2898.46 proofs/sec)
2025-11-20 14:48:57,510 - INFO -   >>> Progress: 139,759 proofs in 50.0s (2794.73 proofs/sec)
2025-11-20 14:48:58,476 - INFO -   >>> Progress: 147,940 proofs in 51.0s (2900.28 proofs/sec)
2025-11-20 14:48:58,511 - INFO -   >>> Progress: 142,551 proofs in 51.0s (2794.66 proofs/sec)
2025-11-20 14:48:59,489 - INFO -   >>> Progress: 150,901 proofs in 52.0s (2901.44 proofs/sec)
2025-11-20 14:48:59,510 - INFO -   >>> Progress: 145,346 proofs in 52.0s (2794.67 proofs/sec)
2025-11-20 14:49:00,413 - INFO -   >>> Progress: 153,895 proofs in 53.0s (2903.18 proofs/sec)
2025-11-20 14:49:00,512 - INFO -   >>> Progress: 148,044 proofs in 53.0s (2792.83 proofs/sec)
2025-11-20 14:49:01,461 - INFO -   >>> Progress: 156,918 proofs in 54.0s (2905.38 proofs/sec)
2025-11-20 14:49:01,511 - INFO -   >>> Progress: 150,822 proofs in 54.0s (2792.55 proofs/sec)
2025-11-20 14:49:02,385 - INFO -   >>> Progress: 159,914 proofs in 55.0s (2907.03 proofs/sec)
2025-11-20 14:49:02,511 - INFO -   >>> Progress: 153,605 proofs in 55.0s (2792.37 proofs/sec)
2025-11-20 14:49:03,385 - INFO -   >>> Progress: 162,924 proofs in 56.0s (2908.86 proofs/sec)
2025-11-20 14:49:03,553 - INFO -   >>> Progress: 156,395 proofs in 56.0s (2792.31 proofs/sec)
2025-11-20 14:49:04,413 - INFO -   >>> Progress: 165,917 proofs in 57.0s (2910.33 proofs/sec)
2025-11-20 14:49:04,603 - INFO -   >>> Progress: 159,187 proofs in 57.0s (2792.30 proofs/sec)
2025-11-20 14:49:05,430 - INFO -   >>> Progress: 168,860 proofs in 58.0s (2910.89 proofs/sec)
2025-11-20 14:49:05,535 - INFO -   >>> Progress: 161,978 proofs in 58.0s (2792.27 proofs/sec)
2025-11-20 14:49:06,453 - INFO -   >>> Progress: 171,831 proofs in 59.0s (2911.90 proofs/sec)
2025-11-20 14:49:06,512 - INFO -   >>> Progress: 164,758 proofs in 59.0s (2792.05 proofs/sec)
2025-11-20 14:49:07,387 - INFO -   >>> Progress: 174,826 proofs in 60.0s (2913.27 proofs/sec)
2025-11-20 14:49:07,515 - INFO -   >>> Progress: 167,565 proofs in 60.0s (2792.29 proofs/sec)
2025-11-20 14:49:08,386 - INFO -   >>> Progress: 177,819 proofs in 61.0s (2914.58 proofs/sec)
2025-11-20 14:49:08,513 - INFO -   >>> Progress: 170,347 proofs in 61.0s (2792.11 proofs/sec)
2025-11-20 14:49:09,425 - INFO -   >>> Progress: 180,810 proofs in 62.0s (2915.81 proofs/sec)
2025-11-20 14:49:09,514 - INFO -   >>> Progress: 173,148 proofs in 62.0s (2792.24 proofs/sec)
2025-11-20 14:49:10,389 - INFO -   >>> Progress: 183,822 proofs in 63.0s (2917.33 proofs/sec)
2025-11-20 14:49:10,513 - INFO -   >>> Progress: 175,937 proofs in 63.0s (2792.18 proofs/sec)
2025-11-20 14:49:11,488 - INFO -   >>> Progress: 186,803 proofs in 64.0s (2918.31 proofs/sec)
2025-11-20 14:49:11,529 - INFO -   >>> Progress: 178,735 proofs in 64.0s (2792.27 proofs/sec)
2025-11-20 14:49:12,500 - INFO -   >>> Progress: 189,800 proofs in 65.0s (2919.51 proofs/sec)
2025-11-20 14:49:12,513 - INFO -   >>> Progress: 181,545 proofs in 65.0s (2792.53 proofs/sec)
2025-11-20 14:49:13,416 - INFO -   >>> Progress: 192,787 proofs in 66.0s (2920.53 proofs/sec)
2025-11-20 14:49:13,523 - INFO -   >>> Progress: 184,329 proofs in 66.0s (2792.39 proofs/sec)
2025-11-20 14:49:14,441 - INFO -   >>> Progress: 195,775 proofs in 67.0s (2921.52 proofs/sec)
2025-11-20 14:49:14,513 - INFO -   >>> Progress: 187,125 proofs in 67.0s (2792.44 proofs/sec)
2025-11-20 14:49:15,387 - INFO -   >>> Progress: 198,728 proofs in 68.0s (2921.98 proofs/sec)
2025-11-20 14:49:15,514 - INFO -   >>> Progress: 189,914 proofs in 68.0s (2792.38 proofs/sec)
2025-11-20 14:49:16,387 - INFO -   >>> Progress: 201,557 proofs in 69.0s (2920.62 proofs/sec)
2025-11-20 14:49:16,515 - INFO -   >>> Progress: 192,707 proofs in 69.0s (2792.38 proofs/sec)
2025-11-20 14:49:17,388 - INFO -   >>> Progress: 204,536 proofs in 70.0s (2921.45 proofs/sec)
2025-11-20 14:49:17,515 - INFO -   >>> Progress: 195,515 proofs in 70.0s (2792.59 proofs/sec)
2025-11-20 14:49:18,435 - INFO -   >>> Progress: 207,529 proofs in 71.0s (2922.46 proofs/sec)
2025-11-20 14:49:18,517 - INFO -   >>> Progress: 198,310 proofs in 71.0s (2792.61 proofs/sec)
2025-11-20 14:49:19,388 - INFO -   >>> Progress: 210,531 proofs in 72.0s (2923.55 proofs/sec)
2025-11-20 14:49:19,515 - INFO -   >>> Progress: 201,107 proofs in 72.0s (2792.67 proofs/sec)
2025-11-20 14:49:20,389 - INFO -   >>> Progress: 213,540 proofs in 73.0s (2924.71 proofs/sec)
2025-11-20 14:49:20,515 - INFO -   >>> Progress: 203,912 proofs in 73.0s (2792.83 proofs/sec)
2025-11-20 14:49:21,403 - INFO -   >>> Progress: 216,533 proofs in 74.0s (2925.62 proofs/sec)
2025-11-20 14:49:21,516 - INFO -   >>> Progress: 206,722 proofs in 74.0s (2793.05 proofs/sec)
2025-11-20 14:49:22,427 - INFO -   >>> Progress: 219,494 proofs in 75.0s (2926.09 proofs/sec)
2025-11-20 14:49:22,523 - INFO -   >>> Progress: 209,510 proofs in 75.0s (2792.99 proofs/sec)
2025-11-20 14:49:23,389 - INFO -   >>> Progress: 222,409 proofs in 76.0s (2925.93 proofs/sec)
2025-11-20 14:49:23,528 - INFO -   >>> Progress: 212,292 proofs in 76.0s (2792.84 proofs/sec)
2025-11-20 14:49:24,389 - INFO -   >>> Progress: 225,398 proofs in 77.0s (2926.75 proofs/sec)
2025-11-20 14:49:24,515 - INFO -   >>> Progress: 215,089 proofs in 77.0s (2792.89 proofs/sec)
2025-11-20 14:49:25,390 - INFO -   >>> Progress: 228,360 proofs in 78.0s (2927.19 proofs/sec)
2025-11-20 14:49:25,516 - INFO -   >>> Progress: 217,899 proofs in 78.0s (2793.10 proofs/sec)
2025-11-20 14:49:26,390 - INFO -   >>> Progress: 231,333 proofs in 79.0s (2927.76 proofs/sec)
2025-11-20 14:49:26,516 - INFO -   >>> Progress: 220,702 proofs in 79.0s (2793.22 proofs/sec)
2025-11-20 14:49:27,445 - INFO -   >>> Progress: 234,268 proofs in 80.0s (2927.84 proofs/sec)
2025-11-20 14:49:27,517 - INFO -   >>> Progress: 223,507 proofs in 80.0s (2793.36 proofs/sec)
2025-11-20 14:49:28,396 - INFO -   >>> Progress: 237,152 proofs in 81.0s (2927.29 proofs/sec)
2025-11-20 14:49:28,517 - INFO -   >>> Progress: 226,306 proofs in 81.0s (2793.42 proofs/sec)
2025-11-20 14:49:29,507 - INFO -   >>> Progress: 240,094 proofs in 82.0s (2927.47 proofs/sec)
2025-11-20 14:49:29,518 - INFO -   >>> Progress: 229,090 proofs in 82.0s (2793.30 proofs/sec)
2025-11-20 14:49:30,427 - INFO -   >>> Progress: 242,993 proofs in 83.0s (2927.12 proofs/sec)
2025-11-20 14:49:30,528 - INFO -   >>> Progress: 231,860 proofs in 83.0s (2793.01 proofs/sec)
2025-11-20 14:49:31,395 - INFO -   >>> Progress: 245,941 proofs in 84.0s (2927.37 proofs/sec)
2025-11-20 14:49:31,517 - INFO -   >>> Progress: 234,609 proofs in 84.0s (2792.49 proofs/sec)
2025-11-20 14:49:32,463 - INFO -   >>> Progress: 248,845 proofs in 85.0s (2927.09 proofs/sec)
2025-11-20 14:49:32,518 - INFO -   >>> Progress: 237,386 proofs in 85.0s (2792.29 proofs/sec)
2025-11-20 14:49:33,490 - INFO -   >>> Progress: 251,821 proofs in 86.0s (2927.65 proofs/sec)
2025-11-20 14:49:33,517 - INFO -   >>> Progress: 240,172 proofs in 86.0s (2792.21 proofs/sec)
2025-11-20 14:49:34,391 - INFO -   >>> Progress: 254,733 proofs in 87.0s (2927.46 proofs/sec)
2025-11-20 14:49:34,517 - INFO -   >>> Progress: 242,958 proofs in 87.0s (2792.14 proofs/sec)
2025-11-20 14:49:35,434 - INFO -   >>> Progress: 257,593 proofs in 88.0s (2926.69 proofs/sec)
2025-11-20 14:49:35,528 - INFO -   >>> Progress: 245,739 proofs in 88.0s (2792.01 proofs/sec)
2025-11-20 14:49:36,459 - INFO -   >>> Progress: 260,481 proofs in 89.0s (2926.26 proofs/sec)
2025-11-20 14:49:36,518 - INFO -   >>> Progress: 248,523 proofs in 89.0s (2791.92 proofs/sec)
2025-11-20 14:49:37,495 - INFO -   >>> Progress: 263,319 proofs in 90.0s (2925.28 proofs/sec)
2025-11-20 14:49:37,522 - INFO -   >>> Progress: 251,310 proofs in 90.0s (2791.85 proofs/sec)
2025-11-20 14:49:38,393 - INFO -   >>> Progress: 266,259 proofs in 91.0s (2925.44 proofs/sec)
2025-11-20 14:49:38,527 - INFO -   >>> Progress: 254,086 proofs in 91.0s (2791.67 proofs/sec)
2025-11-20 14:49:39,427 - INFO -   >>> Progress: 269,253 proofs in 92.0s (2926.18 proofs/sec)
2025-11-20 14:49:39,520 - INFO -   >>> Progress: 256,872 proofs in 92.0s (2791.60 proofs/sec)
2025-11-20 14:49:40,451 - INFO -   >>> Progress: 272,164 proofs in 93.0s (2926.01 proofs/sec)
2025-11-20 14:49:40,521 - INFO -   >>> Progress: 259,650 proofs in 93.0s (2791.45 proofs/sec)
2025-11-20 14:49:41,392 - INFO -   >>> Progress: 275,097 proofs in 94.0s (2926.07 proofs/sec)
2025-11-20 14:49:41,522 - INFO -   >>> Progress: 262,437 proofs in 94.0s (2791.40 proofs/sec)
2025-11-20 14:49:42,499 - INFO -   >>> Progress: 277,884 proofs in 95.0s (2924.61 proofs/sec)
2025-11-20 14:49:42,519 - INFO -   >>> Progress: 265,198 proofs in 95.0s (2791.07 proofs/sec)
2025-11-20 14:49:43,421 - INFO -   >>> Progress: 280,771 proofs in 96.0s (2924.21 proofs/sec)
2025-11-20 14:49:43,520 - INFO -   >>> Progress: 268,008 proofs in 96.0s (2791.26 proofs/sec)
2025-11-20 14:49:44,445 - INFO -   >>> Progress: 283,766 proofs in 97.0s (2924.93 proofs/sec)
2025-11-20 14:49:44,520 - INFO -   >>> Progress: 270,801 proofs in 97.0s (2791.27 proofs/sec)
2025-11-20 14:49:45,393 - INFO -   >>> Progress: 286,611 proofs in 98.0s (2924.12 proofs/sec)
2025-11-20 14:49:45,520 - INFO -   >>> Progress: 273,530 proofs in 98.0s (2790.63 proofs/sec)
2025-11-20 14:49:46,409 - INFO -   >>> Progress: 289,548 proofs in 99.0s (2924.24 proofs/sec)
2025-11-20 14:49:46,521 - INFO -   >>> Progress: 276,328 proofs in 99.0s (2790.70 proofs/sec)
2025-11-20 14:49:47,455 - INFO -   >>> Progress: 292,506 proofs in 100.0s (2924.57 proofs/sec)
2025-11-20 14:49:47,521 - INFO -   >>> Progress: 279,132 proofs in 100.0s (2790.83 proofs/sec)
2025-11-20 14:49:48,442 - INFO -   >>> Progress: 295,405 proofs in 101.0s (2924.31 proofs/sec)
2025-11-20 14:49:48,521 - INFO -   >>> Progress: 281,911 proofs in 101.0s (2790.71 proofs/sec)
2025-11-20 14:49:49,393 - INFO -   >>> Progress: 298,382 proofs in 102.0s (2924.82 proofs/sec)
2025-11-20 14:49:49,520 - INFO -   >>> Progress: 284,709 proofs in 102.0s (2790.78 proofs/sec)
2025-11-20 14:49:50,411 - INFO -   >>> Progress: 301,285 proofs in 103.0s (2924.60 proofs/sec)
2025-11-20 14:49:50,520 - INFO -   >>> Progress: 287,503 proofs in 103.0s (2790.81 proofs/sec)
2025-11-20 14:49:51,464 - INFO -   >>> Progress: 304,106 proofs in 104.0s (2923.44 proofs/sec)
2025-11-20 14:49:51,522 - INFO -   >>> Progress: 290,316 proofs in 104.0s (2791.02 proofs/sec)
2025-11-20 14:49:52,400 - INFO -   >>> Progress: 306,728 proofs in 105.0s (2920.57 proofs/sec)
2025-11-20 14:49:52,521 - INFO -   >>> Progress: 293,129 proofs in 105.0s (2791.22 proofs/sec)
2025-11-20 14:49:53,456 - INFO -   >>> Progress: 309,681 proofs in 106.0s (2920.87 proofs/sec)
2025-11-20 14:49:53,558 - INFO -   >>> Progress: 295,920 proofs in 106.0s (2791.21 proofs/sec)
2025-11-20 14:49:54,479 - INFO -   >>> Progress: 312,684 proofs in 107.0s (2921.63 proofs/sec)
2025-11-20 14:49:54,605 - INFO -   >>> Progress: 298,721 proofs in 107.0s (2791.30 proofs/sec)
2025-11-20 14:49:55,401 - INFO -   >>> Progress: 315,605 proofs in 108.0s (2921.61 proofs/sec)
2025-11-20 14:49:55,522 - INFO -   >>> Progress: 301,522 proofs in 108.0s (2791.39 proofs/sec)
2025-11-20 14:49:56,425 - INFO -   >>> Progress: 318,566 proofs in 109.0s (2921.97 proofs/sec)
2025-11-20 14:49:56,522 - INFO -   >>> Progress: 304,330 proofs in 109.0s (2791.54 proofs/sec)
2025-11-20 14:49:57,449 - INFO -   >>> Progress: 321,550 proofs in 110.0s (2922.53 proofs/sec)
2025-11-20 14:49:57,522 - INFO -   >>> Progress: 307,135 proofs in 110.0s (2791.65 proofs/sec)
2025-11-20 14:49:58,401 - INFO -   >>> Progress: 324,437 proofs in 111.0s (2922.20 proofs/sec)
2025-11-20 14:49:58,522 - INFO -   >>> Progress: 309,935 proofs in 111.0s (2791.72 proofs/sec)
2025-11-20 14:49:59,401 - INFO -   >>> Progress: 327,406 proofs in 112.0s (2922.61 proofs/sec)
2025-11-20 14:49:59,522 - INFO -   >>> Progress: 312,742 proofs in 112.0s (2791.85 proofs/sec)
2025-11-20 14:50:00,402 - INFO -   >>> Progress: 330,211 proofs in 113.0s (2921.57 proofs/sec)
2025-11-20 14:50:00,523 - INFO -   >>> Progress: 315,411 proofs in 113.0s (2790.76 proofs/sec)
2025-11-20 14:50:01,443 - INFO -   >>> Progress: 332,985 proofs in 114.0s (2920.27 proofs/sec)
2025-11-20 14:50:01,524 - INFO -   >>> Progress: 318,145 proofs in 114.0s (2790.26 proofs/sec)
2025-11-20 14:50:02,571 - INFO -   >>> Progress: 335,718 proofs in 115.0s (2918.63 proofs/sec)
2025-11-20 14:50:02,571 - INFO -   >>> Progress: 320,897 proofs in 115.0s (2789.92 proofs/sec)
2025-11-20 14:50:03,593 - INFO -   >>> Progress: 338,681 proofs in 116.0s (2919.01 proofs/sec)
2025-11-20 14:50:03,594 - INFO -   >>> Progress: 323,677 proofs in 116.0s (2789.84 proofs/sec)
2025-11-20 14:50:04,412 - INFO -   >>> Progress: 341,606 proofs in 117.0s (2919.06 proofs/sec)
2025-11-20 14:50:04,577 - INFO -   >>> Progress: 326,473 proofs in 117.0s (2789.88 proofs/sec)
2025-11-20 14:50:05,436 - INFO -   >>> Progress: 344,441 proofs in 118.0s (2918.34 proofs/sec)
2025-11-20 14:50:05,524 - INFO -   >>> Progress: 329,248 proofs in 118.0s (2789.75 proofs/sec)
2025-11-20 14:50:06,464 - INFO -   >>> Progress: 347,317 proofs in 119.0s (2917.97 proofs/sec)
2025-11-20 14:50:06,524 - INFO -   >>> Progress: 332,045 proofs in 119.0s (2789.81 proofs/sec)
2025-11-20 14:50:07,405 - INFO -   >>> Progress: 350,248 proofs in 120.0s (2918.07 proofs/sec)
2025-11-20 14:50:07,524 - INFO -   >>> Progress: 334,836 proofs in 120.0s (2789.81 proofs/sec)
2025-11-20 14:50:08,405 - INFO -   >>> Progress: 353,232 proofs in 121.0s (2918.61 proofs/sec)
2025-11-20 14:50:08,536 - INFO -   >>> Progress: 337,613 proofs in 121.0s (2789.70 proofs/sec)
2025-11-20 14:50:09,404 - INFO -   >>> Progress: 356,195 proofs in 122.0s (2918.97 proofs/sec)
2025-11-20 14:50:09,524 - INFO -   >>> Progress: 340,385 proofs in 122.0s (2789.55 proofs/sec)
2025-11-20 14:50:10,407 - INFO -   >>> Progress: 359,134 proofs in 123.0s (2919.13 proofs/sec)
2025-11-20 14:50:10,525 - INFO -   >>> Progress: 343,163 proofs in 123.0s (2789.45 proofs/sec)
2025-11-20 14:50:11,479 - INFO -   >>> Progress: 361,923 proofs in 124.0s (2918.07 proofs/sec)
2025-11-20 14:50:11,525 - INFO -   >>> Progress: 345,924 proofs in 124.0s (2789.21 proofs/sec)
2025-11-20 14:50:12,503 - INFO -   >>> Progress: 364,768 proofs in 125.0s (2917.48 proofs/sec)
2025-11-20 14:50:12,534 - INFO -   >>> Progress: 348,703 proofs in 125.0s (2789.13 proofs/sec)
2025-11-20 14:50:13,405 - INFO -   >>> Progress: 367,668 proofs in 126.0s (2917.34 proofs/sec)
2025-11-20 14:50:13,525 - INFO -   >>> Progress: 351,490 proofs in 126.0s (2789.11 proofs/sec)
2025-11-20 14:50:14,448 - INFO -   >>> Progress: 370,608 proofs in 127.0s (2917.46 proofs/sec)
2025-11-20 14:50:14,558 - INFO -   >>> Progress: 354,247 proofs in 127.0s (2788.85 proofs/sec)
2025-11-20 14:50:15,478 - INFO -   >>> Progress: 373,374 proofs in 128.0s (2916.27 proofs/sec)
2025-11-20 14:50:15,608 - INFO -   >>> Progress: 357,023 proofs in 128.0s (2788.75 proofs/sec)
2025-11-20 14:50:16,409 - INFO -   >>> Progress: 376,268 proofs in 129.0s (2916.09 proofs/sec)
2025-11-20 14:50:16,528 - INFO -   >>> Progress: 359,811 proofs in 129.0s (2788.74 proofs/sec)
2025-11-20 14:50:17,520 - INFO -   >>> Progress: 379,252 proofs in 130.0s (2916.61 proofs/sec)
2025-11-20 14:50:17,526 - INFO -   >>> Progress: 362,589 proofs in 130.0s (2788.65 proofs/sec)
2025-11-20 14:50:18,448 - INFO -   >>> Progress: 382,230 proofs in 131.0s (2917.07 proofs/sec)
2025-11-20 14:50:18,527 - INFO -   >>> Progress: 365,371 proofs in 131.0s (2788.59 proofs/sec)
2025-11-20 14:50:19,465 - INFO -   >>> Progress: 385,201 proofs in 132.0s (2917.47 proofs/sec)
2025-11-20 14:50:19,526 - INFO -   >>> Progress: 368,166 proofs in 132.0s (2788.63 proofs/sec)
2025-11-20 14:50:20,409 - INFO -   >>> Progress: 388,166 proofs in 133.0s (2917.83 proofs/sec)
2025-11-20 14:50:20,527 - INFO -   >>> Progress: 370,949 proofs in 133.0s (2788.59 proofs/sec)
2025-11-20 14:50:21,409 - INFO -   >>> Progress: 391,092 proofs in 134.0s (2917.88 proofs/sec)
2025-11-20 14:50:21,527 - INFO -   >>> Progress: 373,729 proofs in 134.0s (2788.52 proofs/sec)
2025-11-20 14:50:22,539 - INFO -   >>> Progress: 394,069 proofs in 135.0s (2918.32 proofs/sec)
2025-11-20 14:50:22,539 - INFO -   >>> Progress: 376,471 proofs in 135.0s (2788.18 proofs/sec)
2025-11-20 14:50:23,485 - INFO -   >>> Progress: 397,060 proofs in 136.0s (2918.85 proofs/sec)
2025-11-20 14:50:23,527 - INFO -   >>> Progress: 379,249 proofs in 136.0s (2788.10 proofs/sec)
2025-11-20 14:50:24,409 - INFO -   >>> Progress: 400,038 proofs in 137.0s (2919.27 proofs/sec)
2025-11-20 14:50:24,534 - INFO -   >>> Progress: 382,032 proofs in 137.0s (2788.06 proofs/sec)
2025-11-20 14:50:25,410 - INFO -   >>> Progress: 402,965 proofs in 138.0s (2919.33 proofs/sec)
2025-11-20 14:50:25,583 - INFO -   >>> Progress: 384,789 proofs in 138.0s (2787.83 proofs/sec)
2025-11-20 14:50:26,440 - INFO -   >>> Progress: 405,951 proofs in 139.0s (2919.81 proofs/sec)
2025-11-20 14:50:26,528 - INFO -   >>> Progress: 387,569 proofs in 139.0s (2787.78 proofs/sec)
2025-11-20 14:50:27,415 - INFO -   >>> Progress: 408,871 proofs in 140.0s (2919.81 proofs/sec)
2025-11-20 14:50:27,528 - INFO -   >>> Progress: 390,319 proofs in 140.0s (2787.50 proofs/sec)
2025-11-20 14:50:28,478 - INFO -   >>> Progress: 411,766 proofs in 141.0s (2919.63 proofs/sec)
2025-11-20 14:50:28,528 - INFO -   >>> Progress: 393,056 proofs in 141.0s (2787.14 proofs/sec)
2025-11-20 14:50:29,410 - INFO -   >>> Progress: 414,692 proofs in 142.0s (2919.67 proofs/sec)
2025-11-20 14:50:29,528 - INFO -   >>> Progress: 395,809 proofs in 142.0s (2786.90 proofs/sec)
2025-11-20 14:50:30,410 - INFO -   >>> Progress: 417,484 proofs in 143.0s (2918.78 proofs/sec)
2025-11-20 14:50:30,528 - INFO -   >>> Progress: 398,571 proofs in 143.0s (2786.72 proofs/sec)
2025-11-20 14:50:31,452 - INFO -   >>> Progress: 420,488 proofs in 144.0s (2919.36 proofs/sec)
2025-11-20 14:50:31,529 - INFO -   >>> Progress: 401,341 proofs in 144.0s (2786.61 proofs/sec)
2025-11-20 14:50:32,473 - INFO -   >>> Progress: 423,376 proofs in 145.0s (2919.14 proofs/sec)
2025-11-20 14:50:32,530 - INFO -   >>> Progress: 404,090 proofs in 145.0s (2786.35 proofs/sec)
2025-11-20 14:50:33,496 - INFO -   >>> Progress: 426,364 proofs in 146.0s (2919.61 proofs/sec)
2025-11-20 14:50:33,528 - INFO -   >>> Progress: 406,857 proofs in 146.0s (2786.21 proofs/sec)
2025-11-20 14:50:34,520 - INFO -   >>> Progress: 429,360 proofs in 147.0s (2920.12 proofs/sec)
2025-11-20 14:50:34,528 - INFO -   >>> Progress: 409,629 proofs in 147.0s (2786.11 proofs/sec)
2025-11-20 14:50:35,412 - INFO -   >>> Progress: 432,297 proofs in 148.0s (2920.23 proofs/sec)
2025-11-20 14:50:35,529 - INFO -   >>> Progress: 412,375 proofs in 148.0s (2785.84 proofs/sec)
2025-11-20 14:50:36,413 - INFO -   >>> Progress: 435,212 proofs in 149.0s (2920.19 proofs/sec)
2025-11-20 14:50:36,532 - INFO -   >>> Progress: 415,139 proofs in 149.0s (2785.68 proofs/sec)
2025-11-20 14:50:37,488 - INFO -   >>> Progress: 438,108 proofs in 150.0s (2920.03 proofs/sec)
2025-11-20 14:50:37,529 - INFO -   >>> Progress: 417,917 proofs in 150.0s (2785.63 proofs/sec)
2025-11-20 14:50:38,470 - INFO -   >>> Progress: 441,021 proofs in 151.0s (2919.98 proofs/sec)
2025-11-20 14:50:38,529 - INFO -   >>> Progress: 420,673 proofs in 151.0s (2785.43 proofs/sec)
2025-11-20 14:50:39,437 - INFO -   >>> Progress: 444,023 proofs in 152.0s (2920.51 proofs/sec)
2025-11-20 14:50:39,529 - INFO -   >>> Progress: 423,450 proofs in 152.0s (2785.37 proofs/sec)
2025-11-20 14:50:40,413 - INFO -   >>> Progress: 446,999 proofs in 153.0s (2920.87 proofs/sec)
2025-11-20 14:50:40,530 - INFO -   >>> Progress: 426,193 proofs in 153.0s (2785.10 proofs/sec)
2025-11-20 14:50:41,482 - INFO -   >>> Progress: 449,956 proofs in 154.0s (2921.10 proofs/sec)
2025-11-20 14:50:41,530 - INFO -   >>> Progress: 428,947 proofs in 154.0s (2784.89 proofs/sec)
2025-11-20 14:50:42,506 - INFO -   >>> Progress: 452,827 proofs in 155.0s (2920.77 proofs/sec)
2025-11-20 14:50:42,531 - INFO -   >>> Progress: 431,668 proofs in 155.0s (2784.48 proofs/sec)
2025-11-20 14:50:43,427 - INFO -   >>> Progress: 455,723 proofs in 156.0s (2920.61 proofs/sec)
2025-11-20 14:50:43,530 - INFO -   >>> Progress: 434,459 proofs in 156.0s (2784.52 proofs/sec)
2025-11-20 14:50:44,451 - INFO -   >>> Progress: 458,665 proofs in 157.0s (2920.74 proofs/sec)
2025-11-20 14:50:44,529 - INFO -   >>> Progress: 437,230 proofs in 157.0s (2784.43 proofs/sec)
2025-11-20 14:50:45,414 - INFO -   >>> Progress: 461,501 proofs in 158.0s (2920.20 proofs/sec)
2025-11-20 14:50:45,531 - INFO -   >>> Progress: 439,952 proofs in 158.0s (2784.03 proofs/sec)
2025-11-20 14:50:46,414 - INFO -   >>> Progress: 464,491 proofs in 159.0s (2920.64 proofs/sec)
2025-11-20 14:50:46,531 - INFO -   >>> Progress: 442,728 proofs in 159.0s (2783.98 proofs/sec)
2025-11-20 14:50:47,523 - INFO -   >>> Progress: 467,350 proofs in 160.0s (2920.13 proofs/sec)
2025-11-20 14:50:47,530 - INFO -   >>> Progress: 445,490 proofs in 160.0s (2783.84 proofs/sec)
2025-11-20 14:50:48,445 - INFO -   >>> Progress: 470,213 proofs in 161.0s (2919.76 proofs/sec)
2025-11-20 14:50:48,530 - INFO -   >>> Progress: 448,244 proofs in 161.0s (2783.65 proofs/sec)
2025-11-20 14:50:49,469 - INFO -   >>> Progress: 473,149 proofs in 162.0s (2919.86 proofs/sec)
2025-11-20 14:50:49,530 - INFO -   >>> Progress: 450,993 proofs in 162.0s (2783.44 proofs/sec)
2025-11-20 14:50:50,493 - INFO -   >>> Progress: 476,124 proofs in 163.0s (2920.19 proofs/sec)
2025-11-20 14:50:50,531 - INFO -   >>> Progress: 453,742 proofs in 163.0s (2783.22 proofs/sec)
2025-11-20 14:50:51,422 - INFO -   >>> Progress: 479,097 proofs in 164.0s (2920.51 proofs/sec)
2025-11-20 14:50:51,531 - INFO -   >>> Progress: 456,509 proofs in 164.0s (2783.12 proofs/sec)
2025-11-20 14:50:52,422 - INFO -   >>> Progress: 482,086 proofs in 165.0s (2920.92 proofs/sec)
2025-11-20 14:50:52,531 - INFO -   >>> Progress: 459,270 proofs in 165.0s (2782.98 proofs/sec)
2025-11-20 14:50:53,422 - INFO -   >>> Progress: 485,094 proofs in 166.0s (2921.44 proofs/sec)
2025-11-20 14:50:53,532 - INFO -   >>> Progress: 462,003 proofs in 166.0s (2782.68 proofs/sec)
2025-11-20 14:50:54,423 - INFO -   >>> Progress: 488,065 proofs in 167.0s (2921.73 proofs/sec)
2025-11-20 14:50:54,531 - INFO -   >>> Progress: 464,746 proofs in 167.0s (2782.44 proofs/sec)
2025-11-20 14:50:55,448 - INFO -   >>> Progress: 491,032 proofs in 168.0s (2922.00 proofs/sec)
2025-11-20 14:50:55,532 - INFO -   >>> Progress: 467,490 proofs in 168.0s (2782.21 proofs/sec)
2025-11-20 14:50:56,423 - INFO -   >>> Progress: 493,984 proofs in 169.0s (2922.17 proofs/sec)
2025-11-20 14:50:56,532 - INFO -   >>> Progress: 470,253 proofs in 169.0s (2782.09 proofs/sec)
2025-11-20 14:50:57,456 - INFO -   >>> Progress: 496,939 proofs in 170.0s (2922.36 proofs/sec)
2025-11-20 14:50:57,532 - INFO -   >>> Progress: 473,021 proofs in 170.0s (2782.01 proofs/sec)
2025-11-20 14:50:58,480 - INFO -   >>> Progress: 499,888 proofs in 171.0s (2922.52 proofs/sec)
2025-11-20 14:50:58,532 - INFO -   >>> Progress: 475,778 proofs in 171.0s (2781.86 proofs/sec)
2025-11-20 14:50:59,504 - INFO -   >>> Progress: 502,822 proofs in 172.0s (2922.58 proofs/sec)
2025-11-20 14:50:59,531 - INFO -   >>> Progress: 478,547 proofs in 172.0s (2781.78 proofs/sec)
2025-11-20 14:51:00,426 - INFO -   >>> Progress: 505,657 proofs in 173.0s (2922.07 proofs/sec)
2025-11-20 14:51:00,532 - INFO -   >>> Progress: 481,232 proofs in 173.0s (2781.22 proofs/sec)
2025-11-20 14:51:01,449 - INFO -   >>> Progress: 508,554 proofs in 174.0s (2921.93 proofs/sec)
2025-11-20 14:51:01,532 - INFO -   >>> Progress: 483,983 proofs in 174.0s (2781.04 proofs/sec)
2025-11-20 14:51:02,474 - INFO -   >>> Progress: 511,290 proofs in 175.0s (2920.86 proofs/sec)
2025-11-20 14:51:02,533 - INFO -   >>> Progress: 486,756 proofs in 175.0s (2780.99 proofs/sec)
2025-11-20 14:51:03,440 - INFO -   >>> Progress: 514,256 proofs in 176.0s (2921.12 proofs/sec)
2025-11-20 14:51:03,533 - INFO -   >>> Progress: 489,513 proofs in 176.0s (2780.85 proofs/sec)
2025-11-20 14:51:04,426 - INFO -   >>> Progress: 517,236 proofs in 177.0s (2921.45 proofs/sec)
2025-11-20 14:51:04,533 - INFO -   >>> Progress: 492,275 proofs in 177.0s (2780.74 proofs/sec)
2025-11-20 14:51:05,477 - INFO -   >>> Progress: 520,140 proofs in 178.0s (2921.35 proofs/sec)
2025-11-20 14:51:05,534 - INFO -   >>> Progress: 495,034 proofs in 178.0s (2780.62 proofs/sec)
2025-11-20 14:51:06,571 - INFO -   >>> Progress: 523,043 proofs in 179.0s (2921.24 proofs/sec)
2025-11-20 14:51:06,571 - INFO -   >>> Progress: 497,789 proofs in 179.0s (2780.47 proofs/sec)
2025-11-20 14:51:07,569 - INFO -   >>> Progress: 525,952 proofs in 180.0s (2921.17 proofs/sec)
2025-11-20 14:51:07,569 - INFO -   >>> Progress: 500,574 proofs in 180.0s (2780.49 proofs/sec)
2025-11-20 14:51:08,619 - INFO -   >>> Progress: 503,347 proofs in 181.0s (2780.45 proofs/sec)
2025-11-20 14:51:08,619 - INFO -   >>> Progress: 528,907 proofs in 181.0s (2921.35 proofs/sec)
2025-11-20 14:51:09,821 - INFO -   >>> Progress: 531,858 proofs in 182.0s (2921.51 proofs/sec)
2025-11-20 14:51:09,821 - INFO -   >>> Progress: 506,144 proofs in 182.0s (2780.54 proofs/sec)
2025-11-20 14:51:10,564 - INFO -   >>> Progress: 508,942 proofs in 183.0s (2780.63 proofs/sec)
2025-11-20 14:51:10,564 - INFO -   >>> Progress: 534,756 proofs in 183.0s (2921.38 proofs/sec)
2025-11-20 14:51:11,588 - INFO -   >>> Progress: 537,731 proofs in 184.0s (2921.67 proofs/sec)
2025-11-20 14:51:11,588 - INFO -   >>> Progress: 511,723 proofs in 184.0s (2780.63 proofs/sec)
2025-11-20 14:51:12,426 - INFO -   >>> Progress: 540,363 proofs in 185.0s (2920.11 proofs/sec)
2025-11-20 14:51:12,536 - INFO -   >>> Progress: 514,520 proofs in 185.0s (2780.72 proofs/sec)
2025-11-20 14:51:13,427 - INFO -   >>> Progress: 543,276 proofs in 186.0s (2920.07 proofs/sec)
2025-11-20 14:51:13,551 - INFO -   >>> Progress: 517,297 proofs in 186.0s (2780.69 proofs/sec)
2025-11-20 14:51:14,426 - INFO -   >>> Progress: 546,164 proofs in 187.0s (2919.89 proofs/sec)
2025-11-20 14:51:14,535 - INFO -   >>> Progress: 520,080 proofs in 187.0s (2780.70 proofs/sec)
2025-11-20 14:51:15,433 - INFO -   >>> Progress: 548,859 proofs in 188.0s (2918.69 proofs/sec)
2025-11-20 14:51:15,536 - INFO -   >>> Progress: 522,865 proofs in 188.0s (2780.72 proofs/sec)
2025-11-20 14:51:16,503 - INFO -   >>> Progress: 551,713 proofs in 189.0s (2918.35 proofs/sec)
2025-11-20 14:51:16,539 - INFO -   >>> Progress: 525,635 proofs in 189.0s (2780.67 proofs/sec)
2025-11-20 14:51:17,558 - INFO -   >>> Progress: 554,450 proofs in 190.0s (2917.39 proofs/sec)
2025-11-20 14:51:17,559 - INFO -   >>> Progress: 528,413 proofs in 190.0s (2780.65 proofs/sec)
2025-11-20 14:51:18,654 - INFO -   >>> Progress: 557,239 proofs in 191.1s (2916.72 proofs/sec)
2025-11-20 14:51:18,654 - INFO -   >>> Progress: 531,169 proofs in 191.0s (2780.52 proofs/sec)
2025-11-20 14:51:19,427 - INFO -   >>> Progress: 560,104 proofs in 192.1s (2916.45 proofs/sec)
2025-11-20 14:51:19,536 - INFO -   >>> Progress: 533,937 proofs in 192.0s (2780.45 proofs/sec)
2025-11-20 14:51:20,427 - INFO -   >>> Progress: 563,003 proofs in 193.1s (2916.35 proofs/sec)
2025-11-20 14:51:20,535 - INFO -   >>> Progress: 536,697 proofs in 193.0s (2780.34 proofs/sec)
2025-11-20 14:51:21,427 - INFO -   >>> Progress: 565,911 proofs in 194.1s (2916.31 proofs/sec)
2025-11-20 14:51:21,539 - INFO -   >>> Progress: 539,467 proofs in 194.0s (2780.29 proofs/sec)
2025-11-20 14:51:22,427 - INFO -   >>> Progress: 568,866 proofs in 195.1s (2916.50 proofs/sec)
2025-11-20 14:51:22,537 - INFO -   >>> Progress: 542,237 proofs in 195.0s (2780.23 proofs/sec)
2025-11-20 14:51:23,430 - INFO -   >>> Progress: 571,695 proofs in 196.1s (2916.06 proofs/sec)
2025-11-20 14:51:23,537 - INFO -   >>> Progress: 545,000 proofs in 196.0s (2780.14 proofs/sec)
2025-11-20 14:51:24,428 - INFO -   >>> Progress: 574,588 proofs in 197.1s (2915.93 proofs/sec)
2025-11-20 14:51:24,537 - INFO -   >>> Progress: 547,777 proofs in 197.0s (2780.12 proofs/sec)
2025-11-20 14:51:25,428 - INFO -   >>> Progress: 577,485 proofs in 198.1s (2915.83 proofs/sec)
2025-11-20 14:51:25,538 - INFO -   >>> Progress: 550,570 proofs in 198.0s (2780.18 proofs/sec)
2025-11-20 14:51:26,539 - INFO -   >>> Progress: 553,344 proofs in 199.0s (2780.15 proofs/sec)
2025-11-20 14:51:26,539 - INFO -   >>> Progress: 580,401 proofs in 199.1s (2915.83 proofs/sec)
2025-11-20 14:51:27,562 - INFO -   >>> Progress: 583,338 proofs in 200.1s (2915.94 proofs/sec)
2025-11-20 14:51:27,563 - INFO -   >>> Progress: 556,133 proofs in 200.0s (2780.19 proofs/sec)
2025-11-20 14:51:28,587 - INFO -   >>> Progress: 586,276 proofs in 201.1s (2916.04 proofs/sec)
2025-11-20 14:51:28,587 - INFO -   >>> Progress: 558,922 proofs in 201.0s (2780.23 proofs/sec)
2025-11-20 14:51:29,610 - INFO -   >>> Progress: 561,689 proofs in 202.0s (2780.16 proofs/sec)
2025-11-20 14:51:29,610 - INFO -   >>> Progress: 589,238 proofs in 202.1s (2916.27 proofs/sec)
2025-11-20 14:51:30,532 - INFO -   >>> Progress: 591,978 proofs in 203.1s (2915.39 proofs/sec)
2025-11-20 14:51:30,538 - INFO -   >>> Progress: 564,468 proofs in 203.0s (2780.15 proofs/sec)
2025-11-20 14:51:31,429 - INFO -   >>> Progress: 594,895 proofs in 204.1s (2915.40 proofs/sec)
2025-11-20 14:51:31,538 - INFO -   >>> Progress: 567,247 proofs in 204.0s (2780.14 proofs/sec)
2025-11-20 14:51:32,429 - INFO -   >>> Progress: 597,694 proofs in 205.1s (2914.83 proofs/sec)
2025-11-20 14:51:32,538 - INFO -   >>> Progress: 570,022 proofs in 205.0s (2780.12 proofs/sec)
2025-11-20 14:51:33,502 - INFO -   >>> Progress: 600,609 proofs in 206.1s (2914.83 proofs/sec)
2025-11-20 14:51:33,539 - INFO -   >>> Progress: 572,810 proofs in 206.0s (2780.15 proofs/sec)
2025-11-20 14:51:34,430 - INFO -   >>> Progress: 603,588 proofs in 207.1s (2915.13 proofs/sec)
2025-11-20 14:51:34,539 - INFO -   >>> Progress: 575,602 proofs in 207.0s (2780.20 proofs/sec)
2025-11-20 14:51:35,439 - INFO -   >>> Progress: 606,555 proofs in 208.1s (2915.38 proofs/sec)
2025-11-20 14:51:35,554 - INFO -   >>> Progress: 578,380 proofs in 208.0s (2780.19 proofs/sec)
2025-11-20 14:51:36,431 - INFO -   >>> Progress: 609,537 proofs in 209.1s (2915.70 proofs/sec)
2025-11-20 14:51:36,603 - INFO -   >>> Progress: 581,168 proofs in 209.0s (2780.23 proofs/sec)
2025-11-20 14:51:37,496 - INFO -   >>> Progress: 612,506 proofs in 210.1s (2915.95 proofs/sec)
2025-11-20 14:51:37,540 - INFO -   >>> Progress: 583,965 proofs in 210.0s (2780.30 proofs/sec)
2025-11-20 14:51:38,503 - INFO -   >>> Progress: 615,421 proofs in 211.1s (2915.94 proofs/sec)
2025-11-20 14:51:38,540 - INFO -   >>> Progress: 586,740 proofs in 211.0s (2780.28 proofs/sec)
2025-11-20 14:51:39,612 - INFO -   >>> Progress: 618,340 proofs in 212.1s (2915.96 proofs/sec)
2025-11-20 14:51:39,612 - INFO -   >>> Progress: 589,547 proofs in 212.0s (2780.40 proofs/sec)
2025-11-20 14:51:40,465 - INFO -   >>> Progress: 621,225 proofs in 213.1s (2915.81 proofs/sec)
2025-11-20 14:51:40,600 - INFO -   >>> Progress: 592,333 proofs in 213.0s (2780.43 proofs/sec)
2025-11-20 14:51:41,488 - INFO -   >>> Progress: 624,199 proofs in 214.1s (2916.08 proofs/sec)
2025-11-20 14:51:41,541 - INFO -   >>> Progress: 595,127 proofs in 214.0s (2780.49 proofs/sec)
2025-11-20 14:51:42,431 - INFO -   >>> Progress: 627,131 proofs in 215.1s (2916.15 proofs/sec)
2025-11-20 14:51:42,541 - INFO -   >>> Progress: 597,864 proofs in 215.0s (2780.28 proofs/sec)
2025-11-20 14:51:43,537 - INFO -   >>> Progress: 630,124 proofs in 216.1s (2916.51 proofs/sec)
2025-11-20 14:51:43,540 - INFO -   >>> Progress: 600,642 proofs in 216.0s (2780.27 proofs/sec)
2025-11-20 14:51:44,431 - INFO -   >>> Progress: 633,067 proofs in 217.1s (2916.63 proofs/sec)
2025-11-20 14:51:44,540 - INFO -   >>> Progress: 603,429 proofs in 217.0s (2780.30 proofs/sec)
2025-11-20 14:51:45,432 - INFO -   >>> Progress: 635,760 proofs in 218.1s (2915.60 proofs/sec)
2025-11-20 14:51:45,541 - INFO -   >>> Progress: 606,139 proofs in 218.0s (2779.98 proofs/sec)
2025-11-20 14:51:46,432 - INFO -   >>> Progress: 638,696 proofs in 219.1s (2915.69 proofs/sec)
2025-11-20 14:51:46,542 - INFO -   >>> Progress: 608,796 proofs in 219.0s (2779.41 proofs/sec)
2025-11-20 14:51:47,531 - INFO -   >>> Progress: 641,449 proofs in 220.1s (2914.94 proofs/sec)
2025-11-20 14:51:47,541 - INFO -   >>> Progress: 611,420 proofs in 220.0s (2778.70 proofs/sec)
2025-11-20 14:51:48,441 - INFO -   >>> Progress: 644,420 proofs in 221.1s (2915.19 proofs/sec)
2025-11-20 14:51:48,558 - INFO -   >>> Progress: 614,203 proofs in 221.0s (2778.72 proofs/sec)
2025-11-20 14:51:49,476 - INFO -   >>> Progress: 647,304 proofs in 222.1s (2915.05 proofs/sec)
2025-11-20 14:51:49,542 - INFO -   >>> Progress: 616,997 proofs in 222.0s (2778.79 proofs/sec)
2025-11-20 14:51:50,433 - INFO -   >>> Progress: 650,047 proofs in 223.1s (2914.28 proofs/sec)
2025-11-20 14:51:50,542 - INFO -   >>> Progress: 619,777 proofs in 223.0s (2778.79 proofs/sec)
2025-11-20 14:51:51,436 - INFO -   >>> Progress: 652,948 proofs in 224.1s (2914.22 proofs/sec)
2025-11-20 14:51:51,542 - INFO -   >>> Progress: 622,564 proofs in 224.0s (2778.83 proofs/sec)
2025-11-20 14:51:52,432 - INFO -   >>> Progress: 655,685 proofs in 225.1s (2913.43 proofs/sec)
2025-11-20 14:51:52,542 - INFO -   >>> Progress: 625,358 proofs in 225.0s (2778.89 proofs/sec)
2025-11-20 14:51:53,470 - INFO -   >>> Progress: 658,527 proofs in 226.1s (2913.11 proofs/sec)
2025-11-20 14:51:53,544 - INFO -   >>> Progress: 628,141 proofs in 226.0s (2778.91 proofs/sec)
2025-11-20 14:51:54,496 - INFO -   >>> Progress: 661,461 proofs in 227.1s (2913.20 proofs/sec)
2025-11-20 14:51:54,549 - INFO -   >>> Progress: 630,939 proofs in 227.0s (2778.99 proofs/sec)
2025-11-20 14:51:55,433 - INFO -   >>> Progress: 664,352 proofs in 228.1s (2913.10 proofs/sec)
2025-11-20 14:51:55,543 - INFO -   >>> Progress: 633,744 proofs in 228.0s (2779.10 proofs/sec)
2025-11-20 14:51:56,542 - INFO -   >>> Progress: 667,307 proofs in 229.1s (2913.28 proofs/sec)
2025-11-20 14:51:56,543 - INFO -   >>> Progress: 636,556 proofs in 229.0s (2779.24 proofs/sec)
2025-11-20 14:51:57,464 - INFO -   >>> Progress: 670,212 proofs in 230.1s (2913.24 proofs/sec)
2025-11-20 14:51:57,543 - INFO -   >>> Progress: 639,358 proofs in 230.0s (2779.34 proofs/sec)
2025-11-20 14:51:58,436 - INFO -   >>> Progress: 673,113 proofs in 231.1s (2913.19 proofs/sec)
2025-11-20 14:51:58,544 - INFO -   >>> Progress: 642,149 proofs in 231.0s (2779.38 proofs/sec)
2025-11-20 14:51:59,512 - INFO -   >>> Progress: 676,002 proofs in 232.1s (2913.08 proofs/sec)
2025-11-20 14:51:59,544 - INFO -   >>> Progress: 644,945 proofs in 232.0s (2779.45 proofs/sec)
2025-11-20 14:52:00,536 - INFO -   >>> Progress: 678,848 proofs in 233.1s (2912.79 proofs/sec)
2025-11-20 14:52:00,543 - INFO -   >>> Progress: 647,627 proofs in 233.0s (2779.03 proofs/sec)
2025-11-20 14:52:01,457 - INFO -   >>> Progress: 681,732 proofs in 234.1s (2912.65 proofs/sec)
2025-11-20 14:52:01,544 - INFO -   >>> Progress: 650,387 proofs in 234.0s (2778.95 proofs/sec)
2025-11-20 14:52:02,484 - INFO -   >>> Progress: 684,295 proofs in 235.1s (2911.16 proofs/sec)
2025-11-20 14:52:02,544 - INFO -   >>> Progress: 653,131 proofs in 235.0s (2778.80 proofs/sec)
2025-11-20 14:52:03,505 - INFO -   >>> Progress: 687,259 proofs in 236.1s (2911.39 proofs/sec)
2025-11-20 14:52:03,544 - INFO -   >>> Progress: 655,912 proofs in 236.0s (2778.81 proofs/sec)
2025-11-20 14:52:04,529 - INFO -   >>> Progress: 690,129 proofs in 237.1s (2911.21 proofs/sec)
2025-11-20 14:52:04,544 - INFO -   >>> Progress: 658,706 proofs in 237.0s (2778.87 proofs/sec)
2025-11-20 14:52:05,436 - INFO -   >>> Progress: 693,026 proofs in 238.1s (2911.15 proofs/sec)
2025-11-20 14:52:05,545 - INFO -   >>> Progress: 661,474 proofs in 238.0s (2778.82 proofs/sec)
2025-11-20 14:52:06,436 - INFO -   >>> Progress: 695,970 proofs in 239.1s (2911.28 proofs/sec)
2025-11-20 14:52:06,545 - INFO -   >>> Progress: 664,259 proofs in 239.0s (2778.85 proofs/sec)
2025-11-20 14:52:07,500 - INFO -   >>> Progress: 698,922 proofs in 240.1s (2911.45 proofs/sec)
2025-11-20 14:52:07,545 - INFO -   >>> Progress: 667,059 proofs in 240.0s (2778.93 proofs/sec)
2025-11-20 14:52:08,457 - INFO -   >>> Progress: 701,877 proofs in 241.1s (2911.63 proofs/sec)
2025-11-20 14:52:08,546 - INFO -   >>> Progress: 669,829 proofs in 241.0s (2778.89 proofs/sec)
2025-11-20 14:52:09,438 - INFO -   >>> Progress: 704,817 proofs in 242.1s (2911.74 proofs/sec)
2025-11-20 14:52:09,548 - INFO -   >>> Progress: 672,613 proofs in 242.0s (2778.91 proofs/sec)
2025-11-20 14:52:10,468 - INFO -   >>> Progress: 707,680 proofs in 243.1s (2911.54 proofs/sec)
2025-11-20 14:52:10,546 - INFO -   >>> Progress: 675,383 proofs in 243.0s (2778.87 proofs/sec)
2025-11-20 14:52:11,597 - INFO -   >>> Progress: 710,616 proofs in 244.1s (2911.64 proofs/sec)
2025-11-20 14:52:11,597 - INFO -   >>> Progress: 678,168 proofs in 244.0s (2778.90 proofs/sec)
2025-11-20 14:52:12,516 - INFO -   >>> Progress: 713,557 proofs in 245.1s (2911.76 proofs/sec)
2025-11-20 14:52:12,546 - INFO -   >>> Progress: 680,965 proofs in 245.0s (2778.97 proofs/sec)
2025-11-20 14:52:13,541 - INFO -   >>> Progress: 716,556 proofs in 246.1s (2912.11 proofs/sec)
2025-11-20 14:52:13,546 - INFO -   >>> Progress: 683,755 proofs in 246.0s (2779.01 proofs/sec)
2025-11-20 14:52:14,462 - INFO -   >>> Progress: 719,555 proofs in 247.1s (2912.46 proofs/sec)
2025-11-20 14:52:14,547 - INFO -   >>> Progress: 686,540 proofs in 247.0s (2779.03 proofs/sec)
2025-11-20 14:52:15,486 - INFO -   >>> Progress: 722,523 proofs in 248.1s (2912.68 proofs/sec)
2025-11-20 14:52:15,558 - INFO -   >>> Progress: 689,333 proofs in 248.0s (2779.09 proofs/sec)
2025-11-20 14:52:16,510 - INFO -   >>> Progress: 725,426 proofs in 249.1s (2912.64 proofs/sec)
2025-11-20 14:52:16,556 - INFO -   >>> Progress: 692,138 proofs in 249.0s (2779.19 proofs/sec)
2025-11-20 14:52:17,534 - INFO -   >>> Progress: 728,291 proofs in 250.1s (2912.45 proofs/sec)
2025-11-20 14:52:17,546 - INFO -   >>> Progress: 694,944 proofs in 250.0s (2779.30 proofs/sec)
2025-11-20 14:52:18,439 - INFO -   >>> Progress: 731,273 proofs in 251.1s (2912.72 proofs/sec)
2025-11-20 14:52:18,547 - INFO -   >>> Progress: 697,727 proofs in 251.0s (2779.31 proofs/sec)
2025-11-20 14:52:19,486 - INFO -   >>> Progress: 734,196 proofs in 252.1s (2912.76 proofs/sec)
2025-11-20 14:52:19,554 - INFO -   >>> Progress: 700,524 proofs in 252.0s (2779.38 proofs/sec)
2025-11-20 14:52:20,516 - INFO -   >>> Progress: 737,194 proofs in 253.1s (2913.10 proofs/sec)
2025-11-20 14:52:20,575 - INFO -   >>> Progress: 703,301 proofs in 253.0s (2779.37 proofs/sec)
2025-11-20 14:52:21,516 - INFO -   >>> Progress: 740,094 proofs in 254.1s (2913.05 proofs/sec)
2025-11-20 14:52:21,547 - INFO -   >>> Progress: 706,107 proofs in 254.0s (2779.47 proofs/sec)
2025-11-20 14:52:22,550 - INFO -   >>> Progress: 743,028 proofs in 255.1s (2913.12 proofs/sec)
2025-11-20 14:52:22,550 - INFO -   >>> Progress: 708,881 proofs in 255.0s (2779.45 proofs/sec)
2025-11-20 14:52:23,440 - INFO -   >>> Progress: 746,011 proofs in 256.1s (2913.39 proofs/sec)
2025-11-20 14:52:23,598 - INFO -   >>> Progress: 711,664 proofs in 256.0s (2779.46 proofs/sec)
2025-11-20 14:52:24,656 - INFO -   >>> Progress: 714,461 proofs in 257.0s (2779.53 proofs/sec)
2025-11-20 14:52:24,656 - INFO -   >>> Progress: 748,986 proofs in 257.1s (2913.63 proofs/sec)
2025-11-20 14:52:25,440 - INFO -   >>> Progress: 751,957 proofs in 258.1s (2913.85 proofs/sec)
2025-11-20 14:52:25,703 - INFO -   >>> Progress: 717,264 proofs in 258.0s (2779.62 proofs/sec)
2025-11-20 14:52:26,462 - INFO -   >>> Progress: 754,948 proofs in 259.1s (2914.15 proofs/sec)
2025-11-20 14:52:26,564 - INFO -   >>> Progress: 720,078 proofs in 259.0s (2779.75 proofs/sec)
2025-11-20 14:52:27,442 - INFO -   >>> Progress: 757,933 proofs in 260.1s (2914.42 proofs/sec)
2025-11-20 14:52:27,549 - INFO -   >>> Progress: 722,869 proofs in 260.0s (2779.79 proofs/sec)
2025-11-20 14:52:28,443 - INFO -   >>> Progress: 760,794 proofs in 261.1s (2914.20 proofs/sec)
2025-11-20 14:52:28,548 - INFO -   >>> Progress: 725,660 proofs in 261.0s (2779.83 proofs/sec)
2025-11-20 14:52:29,443 - INFO -   >>> Progress: 763,727 proofs in 262.1s (2914.26 proofs/sec)
2025-11-20 14:52:29,549 - INFO -   >>> Progress: 728,457 proofs in 262.0s (2779.89 proofs/sec)
2025-11-20 14:52:30,450 - INFO -   >>> Progress: 766,532 proofs in 263.1s (2913.84 proofs/sec)
2025-11-20 14:52:30,558 - INFO -   >>> Progress: 731,244 proofs in 263.0s (2779.92 proofs/sec)
2025-11-20 14:52:31,472 - INFO -   >>> Progress: 769,505 proofs in 264.1s (2914.07 proofs/sec)
2025-11-20 14:52:31,551 - INFO -   >>> Progress: 734,059 proofs in 264.0s (2780.05 proofs/sec)
2025-11-20 14:52:32,590 - INFO -   >>> Progress: 772,471 proofs in 265.1s (2914.26 proofs/sec)
2025-11-20 14:52:32,590 - INFO -   >>> Progress: 736,841 proofs in 265.0s (2780.06 proofs/sec)
2025-11-20 14:52:33,468 - INFO -   >>> Progress: 775,354 proofs in 266.1s (2914.14 proofs/sec)
2025-11-20 14:52:33,571 - INFO -   >>> Progress: 739,634 proofs in 266.0s (2780.10 proofs/sec)
2025-11-20 14:52:34,446 - INFO -   >>> Progress: 778,334 proofs in 267.1s (2914.39 proofs/sec)
2025-11-20 14:52:34,618 - INFO -   >>> Progress: 742,437 proofs in 267.0s (2780.18 proofs/sec)
2025-11-20 14:52:35,450 - INFO -   >>> Progress: 781,302 proofs in 268.1s (2914.59 proofs/sec)
2025-11-20 14:52:35,550 - INFO -   >>> Progress: 745,229 proofs in 268.0s (2780.23 proofs/sec)
2025-11-20 14:52:36,444 - INFO -   >>> Progress: 784,289 proofs in 269.1s (2914.85 proofs/sec)
2025-11-20 14:52:36,551 - INFO -   >>> Progress: 748,012 proofs in 269.0s (2780.24 proofs/sec)
2025-11-20 14:52:37,449 - INFO -   >>> Progress: 787,274 proofs in 270.1s (2915.11 proofs/sec)
2025-11-20 14:52:37,552 - INFO -   >>> Progress: 750,791 proofs in 270.0s (2780.23 proofs/sec)
2025-11-20 14:52:38,444 - INFO -   >>> Progress: 790,264 proofs in 271.1s (2915.39 proofs/sec)
2025-11-20 14:52:38,551 - INFO -   >>> Progress: 753,577 proofs in 271.0s (2780.25 proofs/sec)
2025-11-20 14:52:39,468 - INFO -   >>> Progress: 793,240 proofs in 272.1s (2915.61 proofs/sec)
2025-11-20 14:52:39,568 - INFO -   >>> Progress: 756,392 proofs in 272.0s (2780.37 proofs/sec)
2025-11-20 14:52:40,444 - INFO -   >>> Progress: 796,160 proofs in 273.1s (2915.62 proofs/sec)
2025-11-20 14:52:40,550 - INFO -   >>> Progress: 759,187 proofs in 273.0s (2780.43 proofs/sec)
2025-11-20 14:52:41,444 - INFO -   >>> Progress: 799,052 proofs in 274.1s (2915.53 proofs/sec)
2025-11-20 14:52:41,552 - INFO -   >>> Progress: 761,985 proofs in 274.0s (2780.49 proofs/sec)
2025-11-20 14:52:42,483 - INFO -   >>> Progress: 801,796 proofs in 275.1s (2914.91 proofs/sec)
2025-11-20 14:52:42,552 - INFO -   >>> Progress: 764,742 proofs in 275.0s (2780.40 proofs/sec)
2025-11-20 14:52:43,532 - INFO -   >>> Progress: 804,711 proofs in 276.1s (2914.91 proofs/sec)
2025-11-20 14:52:43,551 - INFO -   >>> Progress: 767,538 proofs in 276.0s (2780.45 proofs/sec)
2025-11-20 14:52:44,444 - INFO -   >>> Progress: 807,679 proofs in 277.1s (2915.09 proofs/sec)
2025-11-20 14:52:44,579 - INFO -   >>> Progress: 770,342 proofs in 277.0s (2780.54 proofs/sec)
2025-11-20 14:52:45,450 - INFO -   >>> Progress: 810,580 proofs in 278.1s (2915.04 proofs/sec)
2025-11-20 14:52:45,632 - INFO -   >>> Progress: 773,081 proofs in 278.0s (2780.39 proofs/sec)
2025-11-20 14:52:46,446 - INFO -   >>> Progress: 813,520 proofs in 279.1s (2915.13 proofs/sec)
2025-11-20 14:52:46,553 - INFO -   >>> Progress: 775,874 proofs in 279.0s (2780.43 proofs/sec)
2025-11-20 14:52:47,445 - INFO -   >>> Progress: 816,470 proofs in 280.1s (2915.25 proofs/sec)
2025-11-20 14:52:47,552 - INFO -   >>> Progress: 778,668 proofs in 280.0s (2780.48 proofs/sec)
2025-11-20 14:52:48,447 - INFO -   >>> Progress: 819,453 proofs in 281.1s (2915.49 proofs/sec)
2025-11-20 14:52:48,552 - INFO -   >>> Progress: 781,460 proofs in 281.0s (2780.52 proofs/sec)
2025-11-20 14:52:49,494 - INFO -   >>> Progress: 822,462 proofs in 282.1s (2915.82 proofs/sec)
2025-11-20 14:52:49,553 - INFO -   >>> Progress: 784,248 proofs in 282.0s (2780.54 proofs/sec)
2025-11-20 14:52:50,445 - INFO -   >>> Progress: 825,335 proofs in 283.1s (2915.67 proofs/sec)
2025-11-20 14:52:50,554 - INFO -   >>> Progress: 787,020 proofs in 283.0s (2780.51 proofs/sec)
2025-11-20 14:52:51,446 - INFO -   >>> Progress: 828,282 proofs in 284.1s (2915.78 proofs/sec)
2025-11-20 14:52:51,592 - INFO -   >>> Progress: 789,790 proofs in 284.0s (2780.47 proofs/sec)
2025-11-20 14:52:52,446 - INFO -   >>> Progress: 831,237 proofs in 285.1s (2915.91 proofs/sec)
2025-11-20 14:52:52,637 - INFO -   >>> Progress: 792,580 proofs in 285.0s (2780.50 proofs/sec)
2025-11-20 14:52:53,491 - INFO -   >>> Progress: 834,183 proofs in 286.1s (2916.01 proofs/sec)
2025-11-20 14:52:53,557 - INFO -   >>> Progress: 795,365 proofs in 286.0s (2780.52 proofs/sec)
2025-11-20 14:52:54,606 - INFO -   >>> Progress: 798,145 proofs in 287.0s (2780.51 proofs/sec)
2025-11-20 14:52:54,606 - INFO -   >>> Progress: 837,183 proofs in 287.1s (2916.30 proofs/sec)
2025-11-20 14:52:55,446 - INFO -   >>> Progress: 840,105 proofs in 288.1s (2916.32 proofs/sec)
2025-11-20 14:52:55,587 - INFO -   >>> Progress: 800,946 proofs in 288.0s (2780.58 proofs/sec)
2025-11-20 14:52:56,651 - INFO -   >>> Progress: 803,737 proofs in 289.1s (2780.62 proofs/sec)
2025-11-20 14:52:56,652 - INFO -   >>> Progress: 843,038 proofs in 289.1s (2916.38 proofs/sec)
2025-11-20 14:52:57,471 - INFO -   >>> Progress: 845,980 proofs in 290.1s (2916.47 proofs/sec)
2025-11-20 14:52:57,554 - INFO -   >>> Progress: 806,536 proofs in 290.1s (2780.68 proofs/sec)
2025-11-20 14:52:58,495 - INFO -   >>> Progress: 848,984 proofs in 291.1s (2916.77 proofs/sec)
2025-11-20 14:52:58,554 - INFO -   >>> Progress: 809,319 proofs in 291.1s (2780.68 proofs/sec)
2025-11-20 14:52:59,459 - INFO -   >>> Progress: 851,975 proofs in 292.1s (2917.02 proofs/sec)
2025-11-20 14:52:59,558 - INFO -   >>> Progress: 812,105 proofs in 292.1s (2780.70 proofs/sec)
2025-11-20 14:53:00,450 - INFO -   >>> Progress: 854,911 proofs in 293.1s (2917.08 proofs/sec)
2025-11-20 14:53:00,577 - INFO -   >>> Progress: 814,788 proofs in 293.1s (2780.37 proofs/sec)
2025-11-20 14:53:01,463 - INFO -   >>> Progress: 857,907 proofs in 294.1s (2917.35 proofs/sec)
2025-11-20 14:53:01,562 - INFO -   >>> Progress: 817,558 proofs in 294.1s (2780.33 proofs/sec)
2025-11-20 14:53:02,449 - INFO -   >>> Progress: 860,863 proofs in 295.1s (2917.47 proofs/sec)
2025-11-20 14:53:02,557 - INFO -   >>> Progress: 820,326 proofs in 295.1s (2780.29 proofs/sec)
2025-11-20 14:53:03,454 - INFO -   >>> Progress: 863,812 proofs in 296.1s (2917.58 proofs/sec)
2025-11-20 14:53:03,566 - INFO -   >>> Progress: 823,113 proofs in 296.1s (2780.31 proofs/sec)
2025-11-20 14:53:04,540 - INFO -   >>> Progress: 866,775 proofs in 297.1s (2917.73 proofs/sec)
2025-11-20 14:53:04,558 - INFO -   >>> Progress: 825,905 proofs in 297.1s (2780.35 proofs/sec)
2025-11-20 14:53:05,450 - INFO -   >>> Progress: 869,770 proofs in 298.1s (2917.99 proofs/sec)
2025-11-20 14:53:05,555 - INFO -   >>> Progress: 828,694 proofs in 298.1s (2780.37 proofs/sec)
2025-11-20 14:53:06,484 - INFO -   >>> Progress: 872,728 proofs in 299.1s (2918.12 proofs/sec)
2025-11-20 14:53:06,555 - INFO -   >>> Progress: 831,502 proofs in 299.1s (2780.46 proofs/sec)
2025-11-20 14:53:07,416 - INFO - [10/12] ✓ Benchmark completed: t3.2xlarge / zk_cloudzk
2025-11-20 14:53:07,416 - INFO - [10/12]   Work units: 875489
2025-11-20 14:53:07,416 - INFO - [10/12]   Throughput: 2918.30 work/sec
2025-11-20 14:53:07,416 - INFO - [10/12]   Energy: 0.00 Joules
2025-11-20 14:53:07,416 - INFO - [10/12]   Efficiency: 0.0000 Joules/work
2025-11-20 14:53:07,417 - INFO - --- [6/6] Running pow_gpu on t3.2xlarge ---
2025-11-20 14:53:07,417 - INFO - [11/12] Starting benchmark: t3.2xlarge / pow_gpu
2025-11-20 14:53:07,417 - INFO - [11/12] Deploying workload pow_gpu to 44.222.171.117...
2025-11-20 14:53:07,519 - INFO - [11/12] ✓ Benchmark completed: t4g.2xlarge / zk_cloudzk
2025-11-20 14:53:07,519 - INFO - [11/12]   Work units: 834159
2025-11-20 14:53:07,519 - INFO - [11/12]   Throughput: 2780.53 work/sec
2025-11-20 14:53:07,519 - INFO - [11/12]   Energy: 0.00 Joules
2025-11-20 14:53:07,519 - INFO - [11/12]   Efficiency: 0.0000 Joules/work
2025-11-20 14:53:07,519 - INFO - --- [6/6] Running pow_gpu on t4g.2xlarge ---
2025-11-20 14:53:07,520 - INFO - [12/12] Starting benchmark: t4g.2xlarge / pow_gpu
2025-11-20 14:53:07,520 - INFO - [12/12] Deploying workload pow_gpu to 34.224.26.127...
2025-11-20 14:53:07,582 - INFO - Connected (version 2.0, client OpenSSH_8.7)
2025-11-20 14:53:07,667 - INFO - Connected (version 2.0, client OpenSSH_8.7)
2025-11-20 14:53:07,880 - INFO - Authentication (publickey) successful!
2025-11-20 14:53:07,929 - INFO - Authentication (publickey) successful!
2025-11-20 14:53:08,233 - INFO - [chan 1] Opened sftp connection (server version 3)
2025-11-20 14:53:08,283 - INFO - [chan 1] Opened sftp connection (server version 3)
2025-11-20 14:53:08,445 - INFO - [chan 1] sftp session closed.
2025-11-20 14:53:08,446 - INFO - [11/12] Starting metric collection...
2025-11-20 14:53:08,447 - INFO - [11/12] Running workload pow_gpu for 300 seconds (warmup: 30s)...
2025-11-20 14:53:08,447 - INFO - [11/12] Workload will output progress every second during measurement period
2025-11-20 14:53:08,547 - INFO - [chan 1] sftp session closed.
2025-11-20 14:53:08,547 - INFO - [12/12] Starting metric collection...
2025-11-20 14:53:08,548 - INFO - [12/12] Running workload pow_gpu for 300 seconds (warmup: 30s)...
2025-11-20 14:53:08,548 - INFO - [12/12] Workload will output progress every second during measurement period
2025-11-20 14:53:08,693 - INFO - Connected (version 2.0, client OpenSSH_8.7)
2025-11-20 14:53:08,693 - INFO - Connected (version 2.0, client OpenSSH_8.7)
2025-11-20 14:53:08,994 - INFO - Authentication (publickey) successful!
2025-11-20 14:53:09,006 - INFO - Authentication (publickey) successful!
2025-11-20 14:53:09,134 - INFO -   >>> Executing command on instance: cd /tmp/benchmark && python3 pow_gpu.py 30 300 00000 BlockTemplate_2024_Benchmark_Consensus_Research
2025-11-20 14:53:09,134 - INFO -   >>> Waiting for output from 34.224.26.127...
2025-11-20 14:53:09,174 - INFO -   >>> Executing command on instance: cd /tmp/benchmark && python3 pow_gpu.py 30 300 00000 BlockTemplate_2024_Benchmark_Consensus_Research
2025-11-20 14:53:09,174 - INFO -   >>> Waiting for output from 44.222.171.117...
2025-11-20 14:53:09,183 - WARNING - Workload exited with code 1
2025-11-20 14:53:09,222 - WARNING - Workload exited with code 1
2025-11-20 14:54:09,608 - INFO - Connected (version 2.0, client OpenSSH_8.7)
2025-11-20 14:54:09,613 - INFO - Connected (version 2.0, client OpenSSH_8.7)
2025-11-20 14:54:09,907 - INFO - Authentication (publickey) successful!
2025-11-20 14:54:09,918 - INFO - Authentication (publickey) successful!
2025-11-20 14:54:10,255 - INFO - [12/12] ✓ Benchmark completed: t4g.2xlarge / pow_gpu
2025-11-20 14:54:10,255 - INFO - [12/12]   Work units: 0
2025-11-20 14:54:10,255 - INFO - [12/12]   Throughput: 0.00 work/sec
2025-11-20 14:54:10,256 - INFO - [12/12]   Energy: 0.00 Joules
2025-11-20 14:54:10,256 - INFO - [12/12]   Efficiency: inf Joules/work
2025-11-20 14:54:10,256 - INFO - --- Terminating instance t4g.2xlarge (i-0555d26cd56a6ca02) ---
2025-11-20 14:54:10,378 - INFO - [12/12] ✓ Benchmark completed: t3.2xlarge / pow_gpu
2025-11-20 14:54:10,382 - INFO - [12/12]   Work units: 0
2025-11-20 14:54:10,382 - INFO - [12/12]   Throughput: 0.00 work/sec
2025-11-20 14:54:10,382 - INFO - [12/12]   Energy: 0.00 Joules
2025-11-20 14:54:10,382 - INFO - [12/12]   Efficiency: inf Joules/work
2025-11-20 14:54:10,382 - INFO - --- Terminating instance t3.2xlarge (i-005c67216c4dd87d3) ---
2025-11-20 14:54:10,997 - INFO - Terminated instance: i-0555d26cd56a6ca02
2025-11-20 14:54:11,115 - INFO - Terminated instance: i-005c67216c4dd87d3
2025-11-20 14:54:41,432 - INFO - ✓ Instance i-0555d26cd56a6ca02 terminated
2025-11-20 14:54:56,838 - INFO - ✓ Instance i-005c67216c4dd87d3 terminated
2025-11-20 14:54:56,839 - INFO - ======================================================================
2025-11-20 14:54:56,839 - INFO - ALL BENCHMARKS COMPLETED: 12/12 successful
2025-11-20 14:54:56,839 - INFO - ======================================================================
